-- phpMyAdmin SQL Dump
-- version 3.3.2deb1
-- http://www.phpmyadmin.net
--
-- Host: localhost
-- Generation Time: May 27, 2011 at 06:52 PM
-- Server version: 5.1.41
-- PHP Version: 5.3.2-1ubuntu4.9

SET FOREIGN_KEY_CHECKS=0;
SET SQL_MODE="NO_AUTO_VALUE_ON_ZERO";


/*!40101 SET @OLD_CHARACTER_SET_CLIENT=@@CHARACTER_SET_CLIENT */;
/*!40101 SET @OLD_CHARACTER_SET_RESULTS=@@CHARACTER_SET_RESULTS */;
/*!40101 SET @OLD_COLLATION_CONNECTION=@@COLLATION_CONNECTION */;
/*!40101 SET NAMES utf8 */;

--
-- Database: `transplantehtml`
--

--
-- Dumping data for table `antecedentes_de_donante`
--

INSERT INTO `antecedentes_de_donante` (`id`, `nombre`) VALUES
(1, 'HTA'),
(2, 'DM'),
(3, 'Monorreno'),
(4, 'Otros'),
(5, 'Infarto luego de embolizacion'),
(6, 'Drogadicción'),
(7, 'Tabaquismo'),
(8, 'Obesidad');

--
-- Dumping data for table `cmv`
--

INSERT INTO `cmv` (`id`, `trasplante_id`, `fecha`, `cmv_diagnostico_id`, `tipo`, `cmv_droga_id`, `dias_tratamiento`, `efecto_secundario`) VALUES
(1, 1, '2008-09-12', 2, 2, 1, 3, 'd'),
(2, 1, '2008-09-14', 3, 2, 1, 7, 'No'),
(3, 5, '2001-05-14', 3, 2, 2, 60, 'IgM y PCR + TM ganciclovir v/o'),
(4, 9, '2002-07-11', 4, 0, 2, 21, ''),
(5, 22, '2006-11-11', 2, 0, 2, 15, ''),
(6, 23, '2003-09-17', 4, 2, 2, 21, ''),
(7, 33, '2004-09-23', 5, 3, 2, 15, ''),
(8, 33, '2005-06-10', 5, 3, 2, 15, ''),
(9, 36, '2004-12-12', 4, 2, 3, 30, ''),
(10, 37, '2007-01-10', 4, 2, 3, 21, ''),
(11, 43, '2005-06-03', 4, 2, 3, 21, 'Sind viral + RA'),
(12, 44, '2005-05-21', 4, 0, 3, 90, '21 dias a dosis plena, completando 90 d a\n50% dosis'),
(13, 55, '2006-01-15', 4, 2, 3, 90, 'leucopenia severa. Se trata con Neupogen\n21 d dosis plena. Completa 90 dias 50% dosis'),
(14, 59, '2006-04-10', 4, 0, 3, 90, '21 dias dosis plena, 50% dosis hasta 90 dias'),
(15, 60, '2006-04-10', 3, 0, 3, 90, '21 dias dosis plena, 50% a completar 90 d'),
(16, 63, '2006-06-05', 4, 2, 3, 90, 'Se trató 21 dias con valixa 1800/d, \n completo los 90 d con valaciclovir'),
(17, 67, '2006-06-04', 4, 2, 3, 90, ''),
(18, 71, '2007-07-07', 4, 2, 3, 90, '21 dias a dosis plena\n50% dosis hasta 90 d'),
(19, 72, '2006-07-10', 5, 0, 2, 2, 'D+,R indeterminado\nFallece en shock refractario'),
(20, 76, '2006-08-10', 6, 3, 2, 90, 'D+/R-'),
(21, 76, '2006-12-20', 3, 0, 1, 21, ''),
(22, 78, '2006-08-20', 5, 3, 3, 90, ''),
(23, 81, '2006-10-22', 5, 3, 2, 7, 'Se inicia por Ag neg c/leucopenia severa. \nFin con nueva Ag negativa'),
(24, 85, '2006-12-26', 5, 3, 3, 90, ''),
(25, 85, '2008-07-23', 5, 3, 3, 21, 'leucopenia'),
(26, 85, '2008-09-20', 4, 2, 3, 21, ''),
(27, 91, '2007-05-11', 5, 3, 3, 90, 'Inducción con TG'),
(28, 95, '2007-09-12', 5, 3, 3, 90, 'D+/R+ con evolucion TR tórpida'),
(29, 102, '2008-02-01', 6, 3, 2, 45, 'leucopenia severa:600'),
(30, 103, '2008-03-21', 5, 3, 3, 90, '+/+ se inicio TM'),
(31, 103, '2009-01-11', 5, 3, 2, 30, 'TM con TG'),
(32, 106, '2008-04-26', 6, 3, 3, 90, 'leucopenia se susp transitoriamente'),
(33, 108, '2008-06-02', 4, 2, 3, 21, ''),
(34, 108, '2008-07-28', 4, 2, 3, 21, ''),
(35, 113, '2008-09-01', 6, 3, 3, 90, ''),
(36, 113, '2009-01-13', 4, 0, 3, 21, 'Sind febril, leucopenia a los 2 meses de \nsuspender profilaxis por D+/R-'),
(37, 114, '2008-10-01', 4, 2, 3, 21, ''),
(38, 114, '2008-11-06', 4, 2, 3, 21, ''),
(39, 116, '2008-10-25', 6, 3, 3, 90, ''),
(40, 118, '2008-11-03', 6, 3, 3, 180, ''),
(41, 120, '2008-11-10', 5, 3, 3, 100, 'Donante IgM+, Receptor IgG+'),
(42, 121, '2008-11-07', 5, 3, 3, 60, 'Donante IgM+,R IgG+\nLeucopenia severa'),
(43, 121, '2009-01-15', 4, 2, 3, 21, '15/1 Ag pp65+ (leucopenia)\n20/1 PCR CMV -\n27/1 PCR CMV -\n28/1 Ag pp65 -\nProbable CMV o infeccion herpes virus 6 o 7'),
(44, 122, '2008-11-23', 5, 3, 1, 24, ''),
(45, 122, '2009-01-08', 4, 2, 2, 21, ''),
(46, 122, '2009-03-25', 3, 2, 2, 21, ''),
(47, 125, '2009-02-27', 4, 2, 3, 16, ''),
(48, 126, '2009-05-14', 5, 3, 3, 21, 'TM por RA con TG'),
(49, 127, '2009-05-20', 4, 2, 3, 21, ''),
(50, 130, '2009-05-11', 4, 0, 2, 21, ''),
(51, 131, '2009-06-01', 4, 2, 2, 18, 'leucopenia'),
(52, 131, '2009-07-10', 4, 0, 2, 21, ''),
(53, 133, '2009-06-10', 4, 2, 3, 21, ''),
(54, 140, '2009-07-27', 3, 2, 3, 21, 'D+/R-\nVerificar PCR'),
(55, 148, '2009-08-25', 5, 3, 3, 90, ''),
(56, 148, '2010-01-10', 4, 0, 3, 21, ''),
(57, 149, '2009-10-29', 4, 2, 3, 21, ''),
(58, 150, '2009-11-10', 5, 3, 3, 90, '');

--
-- Dumping data for table `cmv_diagnostico`
--

INSERT INTO `cmv_diagnostico` (`id`, `nombre`) VALUES
(2, 'IgM'),
(3, 'PCR'),
(4, 'Ag pp65'),
(5, 'Riesgo'),
(6, 'D+ / R-');

--
-- Dumping data for table `cmv_drogas`
--

INSERT INTO `cmv_drogas` (`id`, `nombre`) VALUES
(1, 'Aciclovir'),
(2, 'Ganciclovir'),
(3, 'Valganciclovir'),
(4, 'Valanciclovir');

--
-- Dumping data for table `cmv_emfermedades`
--

INSERT INTO `cmv_emfermedades` (`id`, `nombre`) VALUES
(1, 'Gastroenterocolitis'),
(2, 'Retinitis'),
(3, 'Hepatitis'),
(4, 'Encefalitis'),
(5, 'IRA'),
(6, 'Neumonitis');

--
-- Dumping data for table `cmv_uso_enfermedades`
--

INSERT INTO `cmv_uso_enfermedades` (`cmv_id`, `cmv_emfermedades_id`) VALUES
(4, 1),
(19, 1),
(56, 1),
(19, 3),
(21, 3),
(19, 4),
(4, 5),
(12, 5),
(14, 5),
(19, 5),
(21, 5),
(36, 5),
(50, 5),
(52, 5),
(12, 6),
(14, 6),
(15, 6),
(19, 6),
(50, 6),
(52, 6);

--
-- Dumping data for table `complicaciones_infecciosas`
--

INSERT INTO `complicaciones_infecciosas` (`tr_complicacion_id`, `infeccion_id`, `germen_id`) VALUES
(1, 11, 4),
(2, 12, 4),
(4, 14, 2),
(6, 1, 1),
(7, 1, 8),
(8, 14, 3),
(9, 14, 2),
(12, 14, 21),
(13, 2, 16),
(14, 11, 4),
(15, 1, 6),
(16, 1, 21),
(22, 1, 8),
(23, 1, 1),
(24, 10, 3),
(25, 12, 2),
(26, 2, 20),
(27, 1, 7),
(28, 13, 7),
(29, 13, 8),
(30, 11, 4),
(31, 12, 4),
(32, 12, 3),
(33, 1, 21),
(35, 1, 22),
(36, 1, 20),
(37, 1, 21),
(38, 12, 2),
(39, 1, 1),
(40, 1, 1),
(41, 14, 6),
(44, 10, 11),
(45, 1, 21),
(46, 14, 4),
(47, 6, 12),
(48, 6, 23),
(49, 1, 21),
(50, 6, 24),
(52, 1, 18),
(53, 14, 4),
(54, 12, 2),
(55, 1, 3),
(56, 1, 8),
(57, 1, 8),
(60, 2, 18),
(62, 1, 6),
(64, 12, 21),
(65, 1, 1),
(68, 12, 4),
(69, 1, 6),
(70, 6, 12),
(72, 1, 6),
(73, 18, 21),
(74, 1, 8),
(75, 2, 20),
(76, 14, 4),
(77, 14, 8),
(78, 1, 18),
(80, 10, 20),
(81, 6, 16),
(82, 16, 20),
(83, 6, 4),
(84, 12, 8),
(85, 2, 11),
(86, 18, 3),
(88, 1, 1),
(89, 1, 21),
(90, 12, 4),
(91, 2, 20),
(92, 10, 26),
(93, 2, 20),
(94, 6, 4),
(96, 12, 4),
(97, 6, 12),
(98, 10, 20),
(100, 14, 27),
(101, 17, 23),
(102, 6, 2),
(103, 10, 11),
(104, 1, 8),
(105, 1, 21),
(106, 2, 21),
(107, 1, 21),
(108, 1, 16),
(109, 13, 6),
(110, 6, 8),
(111, 15, 11),
(112, 12, 4),
(113, 6, 12),
(114, 14, 1),
(115, 12, 4),
(116, 14, 2),
(117, 14, 21),
(118, 14, 4),
(119, 10, 11),
(121, 1, 1),
(122, 1, 8),
(123, 1, 6),
(124, 9, 11),
(125, 1, 8),
(126, 9, 20),
(127, 16, 20),
(128, 9, 11),
(129, 1, 1),
(130, 10, 26),
(131, 12, 32),
(134, 1, 1),
(135, 11, 4),
(139, 10, 31),
(140, 1, 28),
(141, 18, 21),
(142, 14, 21),
(143, 1, 21),
(144, 18, 21),
(149, 1, 28),
(150, 18, 28),
(151, 14, 4),
(153, 1, 6),
(154, 1, 29),
(175, 14, 20),
(201, 14, 20),
(247, 2, 20),
(252, 17, 11),
(253, 15, 20),
(256, 1, 21),
(260, 17, 11),
(262, 15, 11),
(263, 17, 30),
(269, 1, 6),
(276, 17, 20),
(284, 17, 2),
(285, 1, 8),
(286, 19, 20),
(291, 17, 5),
(292, 10, 20),
(293, 17, 5),
(296, 14, 2),
(298, 14, 3),
(299, 14, 3),
(300, 15, 11),
(301, 14, 31),
(302, 10, 20),
(303, 10, 32),
(304, 14, 3),
(310, 6, 4),
(311, 1, 1),
(312, 14, 3),
(313, 6, 32),
(314, 18, 11),
(316, 6, 31),
(317, 17, 28),
(318, 18, 22),
(322, 14, 4),
(324, 18, 2),
(325, 19, 20),
(330, 15, 11),
(331, 20, 20),
(338, 1, 27),
(342, 1, 6),
(343, 1, 28),
(344, 15, 11),
(345, 1, 27),
(357, 14, 27),
(358, 14, 8),
(366, 1, 7),
(367, 1, 6),
(368, 7, 20),
(369, 10, 3),
(370, 1, 3),
(371, 10, 27),
(372, 1, 3),
(373, 14, 2),
(374, 1, 3),
(378, 1, 20),
(379, 1, 1),
(385, 1, 8),
(387, 9, 11),
(388, 9, 20),
(389, 6, 12),
(392, 17, 26),
(393, 1, 18),
(394, 1, 8),
(395, 1, 8),
(397, 17, 32),
(404, 1, 21),
(405, 18, 2),
(420, 6, 24),
(423, 10, 26),
(429, 2, 20),
(443, 2, 20),
(450, 1, 1),
(451, 18, 4),
(452, 10, 31),
(453, 1, 29),
(454, 17, 2),
(455, 17, 2),
(456, 16, 20),
(459, 15, 20),
(460, 1, 1),
(461, 1, 18),
(465, 17, 20),
(466, 17, 17),
(469, 1, 1),
(470, 1, 8),
(473, 1, 4),
(474, 12, 21),
(475, 16, 20),
(476, 2, 20),
(477, 14, 3),
(478, 14, 22),
(484, 14, 21),
(488, 1, 8),
(489, 1, 21),
(490, 14, 21),
(491, 12, 2),
(492, 17, 11),
(495, 2, 21),
(497, 13, 22),
(502, 2, 20),
(503, 17, 32),
(519, 9, 20),
(522, 9, 20),
(523, 1, 3),
(524, 9, 20),
(529, 2, 20),
(530, 9, 20),
(532, 9, 1),
(535, 2, 20),
(537, 2, 20),
(541, 1, 21),
(542, 1, 6),
(543, 1, 6),
(544, 1, 6),
(548, 1, 6),
(549, 17, 2),
(551, 1, 21),
(552, 1, 6),
(553, 1, 3),
(555, 17, 4),
(557, 1, 1),
(559, 1, 21),
(560, 6, 24),
(562, 1, 8),
(563, 10, 33),
(564, 17, 2),
(567, 1, 1),
(568, 17, 2),
(570, 6, 2),
(576, 17, 2),
(577, 1, 27),
(583, 1, 20),
(589, 14, 3),
(590, 2, 20),
(591, 14, 21),
(592, 14, 6),
(593, 18, 21),
(594, 1, 1),
(595, 17, 2),
(600, 1, 8),
(603, 10, 20),
(604, 9, 20),
(607, 9, 25),
(615, 2, 3),
(616, 6, 2),
(624, 6, 2),
(625, 1, 32),
(627, 17, 11),
(629, 17, 11),
(634, 10, 11),
(647, 12, 18),
(648, 1, 27),
(649, 6, 19),
(650, 10, 20),
(653, 2, 19),
(654, 16, 2),
(656, 2, 20),
(660, 10, 20),
(661, 10, 19),
(666, 1, 21),
(667, 1, 8),
(668, 1, 21),
(669, 1, 6),
(670, 15, 20),
(671, 1, 6),
(672, 1, 21),
(673, 1, 21),
(674, 1, 21),
(675, 1, 6),
(676, 1, 6),
(677, 1, 6),
(678, 15, 11),
(679, 1, 6),
(686, 6, 19),
(687, 2, 26),
(690, 9, 20),
(691, 10, 20),
(697, 2, 26),
(699, 10, 6),
(700, 1, 6),
(701, 15, 11),
(707, 6, 24),
(715, 6, 2),
(722, 18, 21),
(724, 1, 21),
(735, 6, 12),
(736, 1, 32),
(739, 9, 20),
(740, 6, 12),
(741, 2, 17),
(742, 10, 34),
(746, 1, 21),
(747, 1, 8),
(749, 1, 1),
(750, 6, 24),
(751, 6, 12),
(767, 1, 6),
(779, 17, 20),
(794, 15, 17),
(799, 1, 8),
(802, 2, 20),
(803, 17, 20),
(808, 1, 1),
(809, 1, 1),
(810, 17, 2),
(815, 1, 29),
(816, 1, 1),
(818, 1, 3),
(821, 1, 3),
(824, 1, 1);

--
-- Dumping data for table `complicaciones_no_infecciosas`
--

INSERT INTO `complicaciones_no_infecciosas` (`tr_complicacion_id`, `complicacion_valor_id`) VALUES
(257, 1),
(270, 1),
(145, 2),
(170, 2),
(173, 2),
(176, 2),
(182, 2),
(184, 2),
(198, 2),
(203, 2),
(207, 2),
(209, 2),
(212, 2),
(221, 2),
(231, 2),
(258, 2),
(273, 2),
(424, 2),
(496, 2),
(579, 2),
(732, 2),
(517, 4),
(242, 6),
(797, 7),
(327, 8),
(447, 8),
(174, 9),
(180, 9),
(183, 9),
(185, 9),
(188, 9),
(195, 9),
(199, 9),
(204, 9),
(206, 9),
(211, 9),
(220, 9),
(224, 9),
(248, 9),
(268, 9),
(768, 9),
(161, 10),
(232, 10),
(294, 10),
(326, 10),
(355, 10),
(580, 10),
(582, 10),
(233, 11),
(509, 13),
(561, 13),
(610, 13),
(710, 13),
(390, 14),
(521, 18),
(250, 19),
(255, 19),
(271, 19),
(279, 19),
(282, 19),
(288, 19),
(320, 19),
(328, 19),
(336, 19),
(340, 19),
(347, 19),
(349, 19),
(365, 19),
(380, 19),
(414, 19),
(418, 19),
(421, 19),
(425, 19),
(430, 19),
(436, 19),
(438, 19),
(448, 19),
(464, 19),
(482, 19),
(493, 19),
(501, 19),
(506, 19),
(508, 19),
(513, 19),
(515, 19),
(528, 19),
(565, 19),
(585, 19),
(622, 19),
(642, 19),
(646, 19),
(652, 19),
(659, 19),
(662, 19),
(683, 19),
(689, 19),
(694, 19),
(703, 19),
(704, 19),
(708, 19),
(714, 19),
(716, 19),
(721, 19),
(727, 19),
(737, 19),
(745, 19),
(754, 19),
(758, 19),
(762, 19),
(763, 19),
(766, 19),
(773, 19),
(776, 19),
(782, 19),
(787, 19),
(801, 19),
(805, 19),
(806, 19),
(812, 19),
(819, 19),
(825, 19),
(518, 20),
(534, 20),
(536, 21),
(573, 21),
(711, 21),
(788, 21),
(789, 21),
(760, 23),
(309, 26),
(295, 27),
(391, 27),
(413, 27),
(431, 27),
(480, 27),
(558, 27),
(598, 27),
(641, 27),
(786, 27),
(831, 27),
(419, 29),
(138, 31),
(251, 38),
(254, 38),
(266, 38),
(272, 38),
(278, 38),
(281, 38),
(287, 38),
(290, 38),
(305, 38),
(319, 38),
(329, 38),
(337, 38),
(339, 38),
(346, 38),
(348, 38),
(359, 38),
(363, 38),
(376, 38),
(382, 38),
(408, 38),
(412, 38),
(417, 38),
(422, 38),
(433, 38),
(435, 38),
(442, 38),
(444, 38),
(446, 38),
(463, 38),
(472, 38),
(481, 38),
(494, 38),
(500, 38),
(505, 38),
(511, 38),
(512, 38),
(516, 38),
(556, 38),
(566, 38),
(569, 38),
(574, 38),
(575, 38),
(581, 38),
(586, 38),
(596, 38),
(611, 38),
(623, 38),
(628, 38),
(632, 38),
(643, 38),
(645, 38),
(651, 38),
(658, 38),
(663, 38),
(665, 38),
(682, 38),
(688, 38),
(693, 38),
(702, 38),
(705, 38),
(709, 38),
(712, 38),
(713, 38),
(717, 38),
(719, 38),
(720, 38),
(726, 38),
(731, 38),
(738, 38),
(744, 38),
(755, 38),
(757, 38),
(761, 38),
(764, 38),
(765, 38),
(772, 38),
(775, 38),
(781, 38),
(785, 38),
(798, 38),
(800, 38),
(804, 38),
(807, 38),
(814, 38),
(820, 38),
(826, 38),
(829, 38),
(306, 39),
(334, 39),
(403, 39),
(409, 39),
(614, 39),
(621, 39),
(681, 39),
(759, 39),
(769, 39),
(811, 39),
(335, 40),
(471, 43),
(283, 45),
(264, 46),
(315, 46),
(381, 46),
(644, 47),
(527, 48),
(657, 48),
(792, 51),
(377, 57),
(538, 58),
(791, 58),
(332, 60),
(360, 60),
(426, 60),
(498, 60),
(510, 60),
(606, 60),
(706, 60),
(730, 60),
(756, 60),
(777, 60),
(827, 60),
(136, 64),
(637, 64),
(638, 64),
(639, 64),
(783, 64),
(137, 65),
(230, 65),
(599, 65),
(753, 65),
(146, 66),
(147, 66),
(152, 66),
(277, 66),
(280, 66),
(307, 66),
(308, 66),
(323, 66),
(333, 66),
(350, 66),
(351, 66),
(398, 66),
(399, 66),
(402, 66),
(406, 66),
(439, 66),
(441, 66),
(467, 66),
(485, 66),
(499, 66),
(507, 66),
(520, 66),
(525, 66),
(531, 66),
(533, 66),
(545, 66),
(547, 66),
(554, 66),
(605, 66),
(617, 66),
(618, 66),
(640, 66),
(655, 66),
(684, 66),
(685, 66),
(692, 66),
(698, 66),
(723, 66),
(725, 66),
(729, 66),
(790, 66),
(823, 66),
(148, 67),
(155, 67),
(171, 67),
(249, 67),
(267, 67),
(289, 67),
(396, 67),
(601, 67),
(602, 67),
(186, 68),
(190, 68),
(200, 68),
(228, 68),
(169, 69),
(197, 69),
(217, 69),
(227, 69),
(243, 69),
(245, 69),
(432, 69),
(354, 70),
(410, 70),
(165, 71),
(178, 71),
(181, 71),
(191, 71),
(194, 71),
(213, 71),
(216, 71),
(219, 71),
(222, 71),
(225, 71),
(234, 71),
(236, 71),
(240, 71),
(241, 71),
(246, 71),
(487, 71),
(162, 72),
(163, 72),
(164, 72),
(166, 72),
(167, 72),
(168, 72),
(177, 72),
(179, 72),
(187, 72),
(189, 72),
(193, 72),
(202, 72),
(205, 72),
(210, 72),
(218, 72),
(229, 72),
(238, 72),
(633, 72),
(664, 72),
(743, 72),
(172, 73),
(695, 73),
(239, 74),
(192, 75),
(196, 75),
(208, 75),
(214, 75),
(215, 75),
(235, 75),
(265, 75),
(356, 75),
(479, 75),
(486, 75),
(540, 75),
(578, 75),
(584, 75),
(635, 75),
(718, 75),
(733, 75),
(784, 75),
(223, 76),
(226, 77),
(411, 77),
(774, 77),
(259, 78),
(362, 78),
(483, 78),
(572, 78),
(597, 78),
(828, 78),
(830, 78),
(261, 79),
(770, 79),
(297, 80),
(609, 80),
(680, 80),
(817, 80),
(341, 81),
(400, 81),
(401, 81),
(445, 81),
(449, 81),
(796, 81),
(352, 82),
(437, 82),
(571, 82),
(587, 82),
(156, 83),
(353, 83),
(361, 83),
(375, 83),
(383, 83),
(384, 83),
(386, 83),
(416, 83),
(427, 83),
(428, 83),
(434, 83),
(440, 83),
(468, 83),
(514, 83),
(546, 83),
(588, 83),
(619, 83),
(630, 83),
(631, 83),
(696, 83),
(748, 83),
(752, 83),
(771, 83),
(778, 83),
(813, 83),
(822, 83),
(364, 84),
(526, 84),
(793, 84),
(795, 84),
(407, 85),
(415, 88),
(457, 89),
(462, 89),
(550, 89),
(608, 89),
(612, 89),
(620, 89),
(636, 89),
(728, 89),
(734, 89),
(780, 89),
(504, 90),
(539, 90),
(626, 90);

--
-- Dumping data for table `complicaciones_tipos`
--

INSERT INTO `complicaciones_tipos` (`id`, `nombre`) VALUES
(1, 'Urologica'),
(2, 'Quirúrgica'),
(3, 'Cardiovasc.'),
(4, 'Dermatolog.'),
(5, 'Endocr.'),
(6, 'Gastrointest.'),
(7, 'Hematolog.'),
(8, 'Neurológica'),
(9, 'Osteoart.'),
(10, 'Ocular'),
(11, 'Psiquiatr.'),
(12, 'Tumor'),
(13, 'Varias'),
(14, 'Nefrologicas'),
(15, 'Por PBR'),
(16, 'Metabolica'),
(17, 'Nefrologica'),
(18, 'Neumologica');

--
-- Dumping data for table `complicaciones_tipos_valores`
--

INSERT INTO `complicaciones_tipos_valores` (`id`, `nombre`, `complicacion_tipo_id`) VALUES
(1, 'Urinoma', 1),
(2, 'Linfocele', 2),
(3, 'Inf. Herida', 2),
(4, 'Est. Arterial', 2),
(5, 'Est. Venosa', 2),
(6, 'T.Venosa Injerto', 2),
(7, 'Tromb.Art.Injerto', 2),
(8, 'Otro hematoma', 2),
(9, 'Eventración', 2),
(10, 'Otra Quirúrgica', 2),
(11, 'IAM', 3),
(12, 'ICC', 3),
(13, 'Arritmia', 3),
(14, 'Angor', 3),
(15, 'Enf Art.Perif', 3),
(16, 'TV MMII', 3),
(17, 'TEP', 3),
(18, 'AVE', 3),
(19, 'HTA', 3),
(20, 'HTA renovasc.', 3),
(21, 'Otra CV', 3),
(22, 'Acné', 4),
(23, 'Hirsutismo', 4),
(24, 'Verrugas', 4),
(25, 'Neo Piel', 4),
(26, 'Otra Derm.', 4),
(27, 'DM de novo.', 5),
(28, 'Hipert. Gingival', 6),
(29, 'Gastritis', 6),
(30, 'UlcusPeptico', 6),
(31, 'H Dig. Baja', 6),
(32, 'Hepatitis', 6),
(33, 'Cirrosis', 6),
(34, 'Colelitiasis', 6),
(35, 'Otra GI', 6),
(36, 'Pancreatitis', 6),
(37, 'Policitemia', 7),
(38, 'Anemia', 7),
(39, 'Leucopenia', 7),
(40, 'H Leucocitosis', 7),
(41, 'Trombocitopenia', 7),
(42, 'Trombocitosis', 7),
(43, 'Otra Hemat', 7),
(44, 'Temblor', 8),
(45, 'Neuropatía', 8),
(46, 'Otra Neurol', 8),
(47, 'Necrosis Asep', 9),
(48, 'Fractura', 9),
(49, 'Gota', 9),
(50, 'Amputación', 9),
(51, 'Otra OA', 9),
(52, 'Cataratas', 10),
(53, 'Psicosis', 11),
(54, 'Piel', 12),
(55, 'Linfatico', 12),
(56, 'Kaposi', 12),
(57, 'Urogenital', 12),
(58, 'Otro Tº', 12),
(59, 'HPV', 12),
(60, 'Tox por CyA', 13),
(61, 'HiperParat', 13),
(62, 'Paratiroidect.', 13),
(63, 'Embarazo', 13),
(64, 'Oclusion Intestinal', 2),
(65, 'Transplantectomia', 2),
(66, 'IRA', 14),
(67, 'Obstruccion urinaria', 1),
(68, 'Hematoma Parietal', 2),
(69, 'Hematoma Logia', 2),
(70, 'Evisceración', 2),
(71, 'Fuga Urinaria', 1),
(72, 'Obst SV x Coagulos', 1),
(73, 'Sangrado', 15),
(74, 'FAV Post Punción', 15),
(75, 'Linforraquia', 2),
(76, 'H Dig. Alta', 6),
(77, 'RAO', 1),
(78, 'Hipocalcemia', 16),
(79, 'Trombosis FAV', 13),
(80, 'Toxicidad por FK', 13),
(81, 'Sind Nefrótico', 17),
(82, 'NTA', 17),
(83, 'Rechazo agudo', 17),
(84, 'Otra', 1),
(85, 'Derrame pleural', 18),
(86, 'Neumopatia aguda', 18),
(87, 'Litiasis', 1),
(88, 'Dislipemia', 16),
(89, 'otra', 13),
(90, 'Adenoma Prostata', 1);

--
-- Dumping data for table `donante`
--

INSERT INTO `donante` (`id`, `identificador`, `tipo_donante`, `sexo_donante`, `edad_donante`, `enastab_hemod`, `donante_causa_muerte_id`, `cr_p`, `otros`, `grupo_sanguineo`, `relacion_filiar`, `peso`, `altura`) VALUES
(1, '0gnd14011967', 'Cadavérico', 'F', 41, 0, 2, 117.00, 'PC en asistole al ingreso.\nCarcinoma escamoso in situ. Conización 2002', 'A', NULL, 100, 160.00),
(2, '143', 'Cadavérico', 'F', 59, 1, 1, 1.50, 'hosp Militar. T isq caliente no figura en protocolo, pero fue prolongado (7 min(\nligero sobrepeso', 'A', NULL, 60, 165.00),
(3, 'aes24021971', 'Cadavérico', 'F', 38, 0, 2, 0.50, '13 dias internada. Derivación ventriculo-peritoneal x hidrocefalia. \nClipado del aneurisma.Resangrado\nInfección: SAMAR en drenaje, Acynetobacter en VVC\nAnemia aguda Ht 15%, Hb 5', 'A', NULL, 80, 165.00),
(4, 'crma11041956', 'Cadavérico', 'F', 52, 1, 1, 0.78, '', 'A', NULL, 56, 160.00),
(5, 'cyfd05011979', 'Cadavérico', 'M', 28, 0, 2, 0.90, 'Neumonia del respirador \nVVC\nClipado de aneurisma --resangrado\nSAMS multisensible\nKlebsiella multisensible', 'O', NULL, 75, 180.00),
(6, 'dhpo30071987', 'Cadavérico', 'M', 21, 1, 3, 2.09, 'TR 132 dlsd01011987 Maciel. Febril PCR mas 10 min. Cr 1.25 luego 2.09\nAgHBs+', 'A', NULL, 85, 170.00),
(7, 'gbc15071991', 'Cadavérico', 'M', 17, 0, 3, 1.12, 'Tatuaje', 'O', NULL, 65, 165.00),
(8, 'laes21022007', 'Cadavérico', 'M', 2, 1, 5, 0.40, 'Malf Teacher Collins (Malf faciales). Fallece por hipoxemia', 'O', NULL, 11, 999.00),
(9, 'lggj30111971', 'Cadavérico', 'M', 38, 0, 8, 0.73, 'alcoholismo, depresion, AE', 'O', NULL, 75, 173.00),
(10, 'mbds02101987', 'Cadavérico', 'M', 21, 0, 3, 0.40, 's/datos peso, talla en HC', 'A', NULL, 999, 999.00),
(11, 'MFC507101984', 'Cadavérico', 'M', 23, 0, 3, 0.00, 'Ureter largo.', 'O', NULL, 0, 0.00),
(12, 'mmma09081991', 'Cadavérico', 'F', 17, 0, 2, 0.70, 'CMV IgG e IgM reactivos', 'AB', NULL, 55, 160.00),
(13, 'mwgj2381978', 'Cadavérico', 'M', 30, 0, 3, 1.65, '', 'A', NULL, 95, 190.00),
(14, 'NDLS13111962', 'Cadavérico', 'F', 45, 0, 2, 0.65, '', 'O', NULL, 60, 150.00),
(15, 'papg10051954', 'Cadavérico', 'M', 44, 0, 1, 0.52, 'papg10051964', 'AB', NULL, 80, 180.00),
(16, 'ppn10041963', 'Cadavérico', 'F', 45, 0, 6, 0.68, 'PCR en block Q Oclusion intestinal x bridas', 'O', NULL, 70, 165.00),
(17, 'PTG27061975', 'Cadavérico', 'M', 32, 1, 2, 1.52, 'Tatuaje. Neumonia EDP.', 'A', NULL, 0, 0.00),
(18, 'RLI15011994', 'Cadavérico', 'M', 14, 1, 8, 0.85, 'Tatuaje.', 'B', NULL, 50, 0.00),
(19, 'ssmn21052000', 'Cadavérico', 'F', 8, 0, 3, 0.49, 'TQ x hematoma extradural\n2 GR+1plasma\nHipotension', 'A', NULL, 30, 999.00),
(20, 'TR 106', 'Cadavérico', 'M', 18, 0, 3, 0.70, 'Donante Ateromatosis iliaca (18 años)', 'A', NULL, 0, 0.00),
(21, 'TR 117', 'Cadavérico', 'M', 28, 0, 8, 0.80, 'Id MGNS06041980', 'A', NULL, 999, 999.00),
(22, 'TR 118', 'Cadavérico', 'M', 42, 0, 9, 0.34, 'PFJL03101966\n', 'A', NULL, 99, 99.00),
(23, 'TR 122', 'Vivo', 'M', 45, 0, 7, 1.00, '', 'A', 'padre/madre', 82, 165.00),
(24, 'TR 133', 'Cadavérico', 'M', 13, 0, 3, 0.57, '', 'B', NULL, 70, 170.00),
(25, 'TR 134', 'Cadavérico', 'M', 28, 0, 9, 1.30, 'Multioperado. Inestabilidad hemodinamica. Hipotension\ns/d peso, talla', 'O', NULL, 999, 999.00),
(26, 'TR 135', 'Cadavérico', 'M', 24, 0, 3, 0.57, 'Circulo catolico\nAspiracion vómito Ampi sulbactam', 'AB', NULL, 70, 185.00),
(27, 'TR 136', 'Cadavérico', 'M', 24, 1, 3, 2.08, 'Paysandu\nPCR con reanimacion 45 minutos', 'O', NULL, 80, 999.00),
(28, 'TR 137', 'Cadavérico', 'F', 61, 1, 3, 0.96, 'Sanat Americano\n61 a ¿Criterio expandido?\nHematoma subdural', 'A', NULL, 9999, 9999.00),
(29, 'TR 138', 'Cadavérico', 'M', 20, 0, 9, 0.83, 'Hiperesplenismo diagnosticado en la infancia. \nNo dato de talla', 'A', NULL, 95, 9999.00),
(30, 'TR 140', 'Cadavérico', 'M', 28, 0, 3, 0.60, '', 'A', NULL, 75, 175.00),
(31, 'TR 141', 'Cadavérico', 'M', 51, 0, 1, 0.67, 'Falta ver AP donante', 'O', NULL, 80, 175.00),
(32, 'TR 142', 'Cadavérico', 'F', 29, 0, 2, 0.48, '', 'O', NULL, 65, 170.00),
(33, 'TR 144', 'Cadavérico', 'M', 34, 0, 3, 0.64, 'Rosario CAMEC\nPeso y Talla s/d en formulario', 'B', NULL, 9999, 9999.00),
(34, 'TR 145', 'Cadavérico', 'M', 36, 0, 3, 0.89, 'C Catolico', 'O', NULL, 9999, 9999.00),
(35, 'TR 146', 'Cadavérico', 'F', 57, 0, 2, 0.70, '', 'O', NULL, 9999, 9999.00),
(36, 'TR 147', 'Cadavérico', 'M', 18, 0, 8, 0.96, 'H Maciel', 'A', NULL, 170, 60.00),
(37, 'TR 148', 'Vivo', 'F', 52, 0, 7, 0.63, '', 'O', 'padre/madre', 52, 150.00),
(38, 'TR 149', 'Cadavérico', 'F', 53, 0, 1, 0.57, 'H Maciel. Aneurisma carotideo', 'A', NULL, 70, 160.00),
(39, 'TR 150', 'Vivo', 'F', 50, 0, 7, 0.65, '', 'A', 'hermano/a', 62, 165.00),
(40, 'TR 151', 'Cadavérico', 'M', 27, 0, 3, 0.78, 'Maldonado', 'O', NULL, 9999, 9999.00),
(41, 'TR1', 'Cadavérico', 'M', 24, 0, 2, 0.00, 'No hay mas datos en HC del donante', 'A', NULL, 0, 0.00),
(42, 'TR10', 'Cadavérico', 'M', 24, 1, 8, 2.30, 'Vena ureteral superior fina desde la Ao, se conserva con el parche Ao', 'AB', NULL, 0, 0.00),
(43, 'TR100', 'Cadavérico', 'F', 63, 0, 1, 0.80, 'NA HTIzq, bronquitico cronico', 'O', NULL, 0, 0.00),
(44, 'TR101', 'Cadavérico', 'M', 28, 1, 3, 0.80, '', 'B', NULL, 0, 0.00),
(45, 'TR102', 'Cadavérico', 'F', 51, 0, 2, 0.65, ' Donante HTA', 'B', NULL, 0, 0.00),
(46, 'TR103', 'Cadavérico', 'M', 24, 0, 3, 1.26, '', 'A', NULL, 0, 0.00),
(47, 'TR104', 'Cadavérico', 'M', 37, 0, 3, 0.75, '', 'A', NULL, 0, 0.00),
(48, 'TR105', 'Cadavérico', 'M', 21, 0, 3, 0.57, '', 'A', NULL, 0, 0.00),
(49, 'TR11', 'Cadavérico', 'M', 28, 1, 8, 1.14, 'Hipoperfusión polo superior', 'O', NULL, 0, 0.00),
(50, 'TR110', 'Cadavérico', 'M', 42, 0, 9, 0.70, '', 'B', NULL, 999, 999.00),
(51, 'TR12', 'Cadavérico', 'M', 23, 0, 8, 1.00, 'Decapsulado renal pequeño', 'O', NULL, 0, 0.00),
(52, 'TR124', 'Cadavérico', 'M', 16, 0, 9, 0.65, 'Lrma06012992', 'A', NULL, 70, 175.00),
(53, 'TR13', 'Cadavérico', 'F', 42, 1, 2, 0.89, '', 'A', NULL, 0, 0.00),
(54, 'TR139', 'Cadavérico', 'M', 43, 0, 1, 0.88, '', 'B', NULL, 60, 165.00),
(55, 'TR14', 'Cadavérico', 'M', 51, 0, 1, 1.32, 'Polo superior hipoperfundido Donante IgG CMV 3,4 (negativo)', 'O', NULL, 0, 0.00),
(56, 'TR15', 'Cadavérico', 'M', 51, 0, 1, 1.32, 'Hematoma subcapsular polo superior. CMV IgM 3.4 = negativo', 'O', NULL, 0, 0.00),
(57, 'TR16', 'Cadavérico', 'F', 53, 1, 6, 0.95, '', 'O', NULL, 0, 0.00),
(58, 'TR17', 'Cadavérico', 'M', 9, 1, 3, 0.55, '', 'A', NULL, 0, 0.00),
(59, 'TR18', 'Cadavérico', 'F', 51, 1, 2, 1.02, 'Donante HC y expect (+) EDP, UC(+) Enterococo Ateromatosis difusa', 'A', NULL, 0, 0.00),
(60, 'TR19', 'Cadavérico', 'F', 50, 0, 2, 0.61, 'Anastomosis venosa con Puente safena termino lateral', 'A', NULL, 0, 0.00),
(61, 'TR2', 'Cadavérico', 'M', 26, 1, 3, 1.44, '', 'A', NULL, 0, 0.00),
(62, 'TR20', 'Cadavérico', 'M', 53, 0, 3, 0.90, '', 'O', NULL, 0, 0.00),
(63, 'TR21', 'Cadavérico', 'F', 52, 0, 2, 0.50, 'Vena doble que se extiende con pache de vena cava El receptor no tiene tipificado HLA DR', 'O', NULL, 0, 0.00),
(64, 'TR22', 'Cadavérico', 'F', 52, 0, 1, 0.50, 'Donante: HTA', 'O', NULL, 0, 0.00),
(65, 'TR23', 'Cadavérico', 'M', 37, 1, 3, 1.86, 'TR emergencia', 'O', NULL, 0, 0.00),
(66, 'TR24', 'Cadavérico', 'M', 59, 1, 1, 1.43, 'Donante: dislipemico, obeso', 'A', NULL, 0, 0.00),
(67, 'TR25', 'Cadavérico', 'M', 20, 0, 1, 0.97, 'AVE x embolizacion malf AV', 'AB', NULL, 0, 0.00),
(68, 'TR26', 'Cadavérico', 'M', 20, 0, 1, 0.97, 'AVE x embolizacion malf AV', 'AB', NULL, 0, 0.00),
(69, 'TR27', 'Cadavérico', 'F', 43, 0, 6, 1.40, 'Shock anafilactico', 'O', NULL, 90, 150.00),
(70, 'TR28', 'Cadavérico', 'F', 52, 1, 2, 0.75, '', 'A', NULL, 0, 0.00),
(71, 'TR29', 'Cadavérico', 'M', 15, 1, 3, 1.00, 'Donante:Falta protocolo extracción', 'B', NULL, 0, 0.00),
(72, 'TR3', 'Cadavérico', 'M', 21, 0, 8, 0.00, '', 'A', NULL, 0, 0.00),
(73, 'TR30', 'Cadavérico', 'F', 55, 0, 2, 0.95, '', 'A', NULL, 0, 0.00),
(74, 'TR31', 'Cadavérico', 'F', 8, 0, 2, 0.79, '', 'O', NULL, 0, 0.00),
(75, 'TR32', 'Cadavérico', 'M', 21, 1, 8, 0.89, 'Donante N.Ag', 'O', NULL, 0, 0.00),
(76, 'TR33', 'Cadavérico', 'M', 48, 0, 2, 1.20, 'vsr Placas de AT difusas', 'AB', NULL, 0, 0.00),
(77, 'TR34', 'Cadavérico', 'M', 32, 1, 2, 0.45, 'Pelvis bifida con ureter único', 'A', NULL, 0, 0.00),
(78, 'TR35', 'Cadavérico', 'F', 14, 1, 8, 1.37, 'CrossMatch x LTT  límite(negativo?). Por CTF (+)-> Prednisona a > dosis + posPBR: MP y  FK No estan en HC serologia del donante', 'O', NULL, 0, 0.00),
(79, 'TR36', 'Cadavérico', 'M', 31, 0, 2, 0.60, 'No figuran en HC serologia donante', 'B', NULL, 0, 0.00),
(80, 'TR37', 'Cadavérico', 'M', 51, 1, 3, 1.20, 'Donante: Hematoma subdural traumatico en 6/04. resangrado 8/04.HTA, tabaquismo, colico nefritico', 'AB', NULL, 0, 0.00),
(81, 'TR38', 'Cadavérico', 'F', 41, 0, 2, 0.76, '', 'O', NULL, 0, 0.00),
(82, 'TR39', 'Vivo', 'M', 53, 0, 7, 0.71, 'Estatus respondedor sensibilizada, 6  PRA (3/10/02 al 26/8/04) entre 30 a 38%', 'O', 'padre/madre', 0, 0.00),
(83, 'TR4', 'Vivo', 'F', 50, 0, 7, 0.80, '', 'O', 'padre/madre', 0, 0.00),
(84, 'TR40', 'Cadavérico', 'F', 55, 1, 1, 0.57, '', 'O', NULL, 0, 0.00),
(85, 'TR41', 'Cadavérico', 'M', 67, 1, 1, 0.50, '', 'A', NULL, 0, 0.00),
(86, 'TR42', 'Cadavérico', 'M', 67, 1, 1, 0.50, '', 'A', NULL, 0, 0.00),
(87, 'TR43', 'Cadavérico', 'M', 43, 0, 6, 1.25, '', 'O', NULL, 0, 0.00),
(88, 'TR44', 'Cadavérico', 'M', 29, 1, 3, 2.50, 'TR emergencia sin compatibilidad Donante N.Ag Estafilo meticilino sensible trat rocephin', 'A', NULL, 0, 0.00),
(89, 'TR45', 'Cadavérico', 'M', 54, 1, 3, 1.70, 'Donante HTA, obeso', 'A', NULL, 0, 0.00),
(90, 'TR46', 'Cadavérico', 'F', 46, 1, 1, 1.00, 'Donante:HTA, Diab 2, AVE isquemico en 2004, AVE hemorragico actual', 'A', NULL, 0, 0.00),
(91, 'TR47', 'Cadavérico', 'F', 53, 0, 8, 0.00, '2 art R sobre parche Ao', 'A', NULL, 0, 0.00),
(92, 'TR48', 'Cadavérico', 'M', 51, 0, 3, 1.09, '', 'A', NULL, 0, 0.00),
(93, 'TR49', 'Cadavérico', 'F', 9, 0, 3, 0.47, '', 'O', NULL, 0, 0.00),
(94, 'TR5', 'Vivo', 'M', 54, 0, 7, 1.00, '', 'A', 'padre/madre', 0, 0.00),
(95, 'TR50', 'Cadavérico', 'M', 38, 0, 2, 0.70, 'Donante HC (+) SAMAR, N Ag Klebsiella', 'AB', NULL, 0, 0.00),
(96, 'TR51', 'Cadavérico', 'M', 44, 1, 8, 0.87, 'Donante diabetico tipo 2, alcoholista', 'O', NULL, 0, 0.00),
(97, 'TR52', 'Cadavérico', 'F', 21, 0, 8, 0.63, '', 'A', NULL, 0, 0.00),
(98, 'TR53', 'Cadavérico', 'F', 23, 1, 3, 1.37, 'Donante: HC Stf blanco, cateter acynetobacter, Sec bronquial Enterobacter->Marquez recibe Cipro+Ceftazidime x 10 d Equimosis subcapsular', 'O', NULL, 0, 0.00),
(99, 'TR54', 'Cadavérico', 'M', 33, 0, 3, 0.00, '', 'A', NULL, 0, 0.00),
(100, 'TR55', 'Cadavérico', 'M', 19, 1, 8, 1.00, 'Art polar inf perfunde cara post ->Hipoperfusion polar inf. Se anastomosa la Art polar inf a art hipogástrica (término-terminal) Vejiga Receptor grande (280 cc)?', 'O', NULL, 0, 0.00),
(101, 'TR56', 'Cadavérico', 'M', 5, 1, 5, 0.22, 'TR emergencia', 'A', NULL, 0, 0.00),
(102, 'TR57', 'Cadavérico', 'M', 15, 0, 8, 0.80, '', 'O', NULL, 0, 0.00),
(103, 'TR58', 'Cadavérico', 'F', 9, 1, 5, 2.17, '', 'AB', NULL, 0, 0.00),
(104, 'TR59', 'Cadavérico', 'M', 13, 0, 3, 0.70, 'Perdida 1º TR (intervivo c/hermano) x R hiperagudo Polipo en vesícula biliar', 'A', NULL, 0, 0.00),
(105, 'TR6', 'Cadavérico', 'M', 41, 0, 2, 1.87, '', 'O', NULL, 0, 0.00),
(106, 'TR60', 'Cadavérico', 'F', 56, 0, 1, 0.80, 'RD c/hematoma polo inf+AT difusa', 'A', NULL, 0, 0.00),
(107, 'TR61', 'Cadavérico', 'M', 17, 1, 3, 1.21, '', 'O', NULL, 0, 0.00),
(108, 'TR62', 'Cadavérico', 'F', 32, 0, 2, 0.60, '', 'O', NULL, 0, 0.00),
(109, 'TR63', 'Cadavérico', 'M', 38, 1, 2, 1.47, 'Art renal x encima de A mesentérica sup. Deficit de perfusion, se termina in situ. Litiasis pielolitotomia', 'A', NULL, 0, 0.00),
(110, 'TR64', 'Cadavérico', 'F', 51, 0, 2, 1.20, 'Donante:Piocitos en orina->Cipro x 10 d Ac preformados: LCT neg,  CTF posit ->1 gr MP dia 1º 2/5/06 Ac pref CTF posit->cambio CyA x FK (R acelerado, no PBR) 15/5/06 Ac pref CTF negativo', 'O', NULL, 0, 0.00),
(111, 'TR65', 'Cadavérico', 'F', 32, 1, 2, 0.60, 'Receptora:Serologia de Chagas + c/IFI neg (13/2/06) HVC  + c/PCR negativo (2/06)', 'O', NULL, 0, 0.00),
(112, 'TR66', 'Cadavérico', 'M', 40, 0, 8, 0.74, '', 'A', NULL, 0, 0.00),
(113, 'TR67', 'Cadavérico', 'M', 45, 0, 8, 1.12, 'jgc09011961', 'A', NULL, 100, 177.00),
(114, 'TR68', 'Cadavérico', 'M', 25, 0, 5, 1.34, 'Donante neumonia a pseudomona->ceftazidime, amika', 'O', NULL, 0, 0.00),
(115, 'TR69', 'Cadavérico', 'M', 21, 0, 3, 1.10, '2 art, una polar inf en parche aortico', 'A', NULL, 0, 0.00),
(116, 'TR7', 'Cadavérico', 'M', 41, 0, 2, 1.87, '', 'O', NULL, 0, 0.00),
(117, 'TR70', 'Cadavérico', 'M', 25, 0, 3, 1.00, '', 'A', NULL, 0, 0.00),
(118, 'TR71', 'Cadavérico', 'M', 54, 0, 1, 0.76, '', 'O', NULL, 0, 0.00),
(119, 'TR72', 'Cadavérico', 'M', 51, 0, 1, 1.25, 'mmwp \nReceptor:CMV IgG indeterminado, IgM negativo', 'A', NULL, 100, 175.00),
(120, 'TR73', 'Cadavérico', 'F', 48, 0, 3, 0.00, 'Donante: AcHBc +, AgHBs-, AcHBs-VDRL + ->control en 30 y 60 d con FTAbs', 'A', NULL, 0, 0.00),
(121, 'TR74', 'Cadavérico', 'F', 19, 1, 2, 1.00, '', 'A', NULL, 0, 0.00),
(122, 'TR75', 'Cadavérico', 'F', 19, 0, 2, 0.00, '', 'A', NULL, 0, 0.00),
(123, 'TR76', 'Cadavérico', 'M', 22, 1, 3, 0.69, '', 'O', NULL, 0, 0.00),
(124, 'TR77', 'Cadavérico', 'F', 59, 0, 2, 1.10, 'RD se descarta:pequeño c/cicatrices', 'O', NULL, 0, 0.00),
(125, 'TR78', 'Cadavérico', 'F', 67, 1, 1, 1.20, 'Donante:CMV IgG e IgM (+) AT Ao leve', 'O', NULL, 0, 0.00),
(126, 'TR79', 'Cadavérico', 'M', 47, 0, 1, 1.08, '', 'O', NULL, 0, 0.00),
(127, 'TR8', 'Cadavérico', 'F', 12, 1, 8, 0.90, '', 'O', NULL, 0, 0.00),
(128, 'TR80', 'Cadavérico', 'M', 57, 1, 2, 0.73, '', 'A', NULL, 0, 0.00),
(129, 'TR81', 'Cadavérico', 'M', 24, 0, 3, 0.00, '', 'O', NULL, 0, 0.00),
(130, 'TR82', 'Cadavérico', 'M', 49, 1, 3, 0.81, '', 'A', NULL, 0, 0.00),
(131, 'TR83', 'Cadavérico', 'M', 33, 0, 3, 0.71, 'TR de urgencia sin compatibilidad Ureter largo Receptor IgMCMV +, Ag pp65 + 2%--> profilaxis con Ganciclovir', 'B', NULL, 0, 0.00),
(132, 'TR84', 'Cadavérico', 'F', 57, 1, 2, 1.20, 'set15091949  Higado, Riñon', 'O', NULL, 70, 160.00),
(133, 'TR85', 'Cadavérico', 'F', 54, 0, 1, 1.07, '', 'O', NULL, 0, 0.00),
(134, 'TR86', 'Cadavérico', 'F', 27, 1, 2, 0.75, '', 'O', NULL, 0, 0.00),
(135, 'TR87', 'Cadavérico', 'M', 33, 0, 8, 1.19, '', 'A', NULL, 0, 0.00),
(136, 'TR88', 'Cadavérico', 'M', 27, 0, 8, 1.33, '', 'O', NULL, 0, 0.00),
(137, 'TR89', 'Cadavérico', 'M', 27, 1, 8, 1.33, '', 'A', NULL, 0, 0.00),
(138, 'TR9', 'Cadavérico', 'M', 37, 0, 1, 0.00, '', 'O', NULL, 0, 0.00),
(139, 'TR90', 'Cadavérico', 'F', 41, 0, 2, 0.71, '', 'B', NULL, 0, 0.00),
(140, 'TR91', 'Cadavérico', 'M', 55, 1, 1, 1.84, 'Donante obeso con ateromatosis moderada. AVE hemorragico', 'A', NULL, 0, 0.00),
(141, 'TR92', 'Cadavérico', 'M', 44, 1, 3, 0.98, '', 'A', NULL, 0, 0.00),
(142, 'TR93', 'Cadavérico', 'M', 17, 1, 3, 1.22, '', 'B', NULL, 0, 0.00),
(143, 'TR94', 'Cadavérico', 'M', 44, 0, 9, 1.85, '', 'A', NULL, 60, 164.00),
(144, 'TR95', 'Cadavérico', 'M', 29, 0, 8, 0.00, 'R CMV neg, D positivo Profilaxis c/ganciclovir', 'A', NULL, 0, 0.00),
(145, 'TR96', 'Cadavérico', 'M', 53, 1, 3, 0.66, '', 'O', NULL, 0, 0.00),
(146, 'TR97', 'Cadavérico', 'M', 53, 1, 3, 0.66, '', 'O', NULL, 0, 0.00),
(147, 'TR98', 'Cadavérico', 'M', 20, 0, 3, 1.19, '', 'A', NULL, 0, 0.00),
(148, 'TR99', 'Cadavérico', 'F', 51, 0, 1, 0.70, 'NA HTIzq', 'A', NULL, 0, 0.00);

--
-- Dumping data for table `donante_antecedentes`
--

INSERT INTO `donante_antecedentes` (`donante_id`, `antecedente_de_donante_id`) VALUES
(1, 1),
(2, 1),
(3, 1),
(4, 1),
(5, 1),
(14, 1),
(69, 1),
(84, 1),
(119, 1),
(132, 1),
(4, 2),
(9, 4),
(17, 5),
(18, 6),
(4, 7),
(12, 7),
(14, 7),
(22, 7),
(54, 7),
(76, 7),
(83, 7),
(1, 8),
(3, 8),
(28, 8),
(69, 8),
(83, 8),
(84, 8),
(113, 8),
(119, 8),
(132, 8);

--
-- Dumping data for table `donante_causa_muerte`
--

INSERT INTO `donante_causa_muerte` (`id`, `nombre`) VALUES
(1, 'AVE isq o hemorragico'),
(2, 'HSA'),
(3, 'TCE'),
(4, 'Tº SNC'),
(5, 'Anoxia SNC'),
(6, 'Otra'),
(7, 'No corresponde'),
(8, 'Herida de bala'),
(9, 'Politraumatismo');

--
-- Dumping data for table `donante_organos`
--

INSERT INTO `donante_organos` (`donante_id`, `organo_id`) VALUES
(1, 1),
(2, 1),
(3, 1),
(4, 1),
(5, 1),
(6, 1),
(7, 1),
(8, 1),
(9, 1),
(10, 1),
(11, 1),
(12, 1),
(13, 1),
(14, 1),
(15, 1),
(16, 1),
(17, 1),
(18, 1),
(19, 1),
(21, 1),
(22, 1),
(23, 1),
(25, 1),
(27, 1),
(31, 1),
(32, 1),
(33, 1),
(35, 1),
(36, 1),
(37, 1),
(38, 1),
(39, 1),
(40, 1),
(49, 1),
(50, 1),
(52, 1),
(65, 1),
(69, 1),
(75, 1),
(76, 1),
(81, 1),
(83, 1),
(84, 1),
(85, 1),
(88, 1),
(89, 1),
(90, 1),
(92, 1),
(93, 1),
(96, 1),
(97, 1),
(98, 1),
(112, 1),
(113, 1),
(119, 1),
(126, 1),
(127, 1),
(131, 1),
(132, 1),
(141, 1),
(9, 2),
(44, 2),
(49, 2),
(65, 2),
(75, 2),
(81, 2),
(97, 2),
(108, 2),
(112, 2),
(113, 2),
(132, 2),
(9, 3),
(20, 4),
(41, 4),
(42, 4),
(43, 4),
(44, 4),
(45, 4),
(49, 4),
(51, 4),
(53, 4),
(55, 4),
(56, 4),
(57, 4),
(58, 4),
(59, 4),
(60, 4),
(61, 4),
(62, 4),
(63, 4),
(64, 4),
(65, 4),
(66, 4),
(67, 4),
(68, 4),
(70, 4),
(71, 4),
(72, 4),
(73, 4),
(74, 4),
(75, 4),
(77, 4),
(78, 4),
(79, 4),
(80, 4),
(81, 4),
(94, 4),
(102, 4),
(103, 4),
(104, 4),
(105, 4),
(106, 4),
(107, 4),
(108, 4),
(109, 4),
(110, 4),
(111, 4),
(112, 4),
(114, 4),
(115, 4),
(116, 4),
(118, 4),
(121, 4),
(123, 4),
(124, 4),
(125, 4),
(126, 4),
(127, 4),
(128, 4),
(129, 4),
(130, 4),
(131, 4),
(133, 4),
(134, 4),
(137, 4),
(138, 4),
(139, 4),
(140, 4),
(141, 4),
(142, 4),
(143, 4),
(144, 4),
(145, 4),
(146, 4),
(147, 4),
(148, 4);

--
-- Dumping data for table `donante_serol`
--

INSERT INTO `donante_serol` (`donante_id`, `serol_id`, `serol_valor_id`) VALUES
(1, 1, 2),
(1, 3, 2),
(2, 1, 2),
(2, 2, 2),
(2, 3, 2),
(3, 1, 2),
(3, 3, 2),
(4, 1, 2),
(4, 2, 2),
(4, 3, 2),
(5, 1, 2),
(5, 2, 2),
(5, 3, 2),
(6, 1, 2),
(6, 3, 2),
(7, 1, 2),
(7, 2, 2),
(7, 3, 2),
(8, 1, 2),
(8, 2, 2),
(8, 3, 2),
(9, 1, 2),
(9, 3, 2),
(10, 1, 2),
(10, 3, 2),
(11, 1, 2),
(11, 3, 2),
(12, 1, 2),
(12, 3, 2),
(13, 1, 2),
(13, 3, 2),
(14, 1, 2),
(14, 3, 2),
(15, 1, 2),
(15, 3, 2),
(16, 1, 2),
(16, 3, 2),
(17, 1, 2),
(17, 3, 2),
(18, 1, 2),
(18, 3, 2),
(19, 1, 2),
(19, 3, 2),
(20, 1, 2),
(20, 3, 2),
(21, 1, 2),
(21, 3, 2),
(22, 1, 2),
(22, 3, 2),
(23, 1, 2),
(23, 3, 2),
(24, 1, 2),
(24, 3, 2),
(25, 1, 2),
(25, 3, 2),
(27, 1, 2),
(27, 3, 2),
(28, 1, 2),
(28, 3, 2),
(29, 1, 2),
(29, 2, 2),
(29, 3, 2),
(30, 1, 2),
(30, 3, 2),
(31, 1, 2),
(31, 3, 2),
(32, 1, 2),
(32, 3, 2),
(33, 1, 2),
(33, 2, 2),
(33, 3, 2),
(34, 1, 2),
(34, 3, 2),
(35, 1, 2),
(35, 3, 2),
(36, 1, 2),
(36, 3, 2),
(37, 1, 2),
(37, 3, 2),
(38, 1, 2),
(38, 3, 2),
(39, 1, 2),
(39, 3, 2),
(40, 1, 2),
(40, 3, 2),
(41, 1, 2),
(41, 2, 2),
(41, 3, 2),
(42, 1, 2),
(42, 2, 2),
(42, 3, 2),
(43, 1, 2),
(43, 3, 2),
(44, 1, 2),
(44, 3, 2),
(45, 1, 2),
(45, 3, 2),
(46, 1, 2),
(46, 3, 2),
(47, 1, 2),
(47, 3, 2),
(48, 1, 2),
(48, 3, 2),
(49, 1, 2),
(49, 3, 2),
(50, 1, 2),
(50, 3, 2),
(51, 1, 2),
(51, 2, 2),
(51, 3, 2),
(52, 1, 2),
(52, 3, 2),
(53, 1, 2),
(53, 3, 2),
(54, 1, 2),
(54, 3, 2),
(55, 1, 2),
(55, 2, 2),
(55, 3, 2),
(56, 1, 2),
(56, 2, 2),
(56, 3, 2),
(57, 1, 2),
(57, 3, 2),
(58, 1, 2),
(58, 3, 2),
(59, 1, 2),
(59, 3, 2),
(60, 1, 2),
(60, 3, 2),
(61, 1, 2),
(61, 2, 2),
(61, 3, 2),
(62, 1, 2),
(62, 3, 2),
(63, 1, 2),
(63, 3, 2),
(64, 1, 2),
(64, 3, 2),
(65, 1, 2),
(65, 2, 2),
(65, 3, 2),
(66, 1, 2),
(66, 3, 2),
(67, 1, 2),
(67, 3, 2),
(68, 1, 2),
(68, 2, 2),
(68, 3, 2),
(69, 1, 2),
(69, 2, 2),
(69, 3, 2),
(70, 1, 2),
(70, 3, 2),
(71, 1, 2),
(71, 3, 2),
(72, 1, 2),
(72, 3, 2),
(73, 1, 2),
(73, 3, 2),
(74, 1, 2),
(74, 2, 2),
(74, 3, 2),
(75, 1, 2),
(75, 3, 2),
(76, 1, 2),
(76, 3, 2),
(77, 1, 2),
(77, 3, 2),
(78, 1, 2),
(78, 3, 2),
(79, 1, 2),
(79, 3, 2),
(80, 1, 2),
(80, 3, 2),
(81, 1, 2),
(81, 2, 2),
(81, 3, 2),
(82, 1, 2),
(82, 2, 2),
(82, 3, 2),
(83, 1, 2),
(83, 3, 2),
(84, 1, 2),
(84, 3, 2),
(85, 1, 2),
(85, 3, 2),
(86, 1, 2),
(86, 3, 2),
(87, 1, 2),
(87, 3, 2),
(88, 1, 2),
(88, 3, 2),
(89, 1, 2),
(89, 3, 2),
(90, 1, 2),
(90, 3, 2),
(91, 1, 2),
(91, 3, 2),
(92, 1, 2),
(92, 3, 2),
(93, 1, 2),
(93, 3, 2),
(94, 1, 2),
(94, 3, 2),
(95, 1, 2),
(95, 3, 2),
(96, 1, 2),
(96, 3, 2),
(97, 1, 2),
(97, 3, 2),
(98, 1, 2),
(98, 3, 2),
(99, 1, 2),
(99, 3, 2),
(100, 1, 2),
(100, 3, 2),
(101, 1, 2),
(101, 3, 2),
(102, 1, 2),
(102, 2, 2),
(102, 3, 2),
(103, 1, 2),
(103, 3, 2),
(104, 1, 2),
(104, 3, 2),
(105, 1, 2),
(105, 3, 2),
(106, 1, 2),
(106, 3, 2),
(107, 1, 2),
(107, 3, 2),
(108, 1, 2),
(108, 3, 2),
(109, 1, 2),
(109, 3, 2),
(110, 1, 2),
(110, 3, 2),
(111, 1, 2),
(111, 3, 2),
(112, 1, 2),
(112, 3, 2),
(113, 1, 2),
(113, 3, 2),
(114, 1, 2),
(114, 2, 2),
(114, 3, 2),
(115, 1, 2),
(115, 3, 2),
(116, 1, 2),
(116, 3, 2),
(117, 1, 2),
(117, 3, 2),
(118, 1, 2),
(118, 3, 2),
(119, 1, 2),
(119, 3, 2),
(120, 1, 2),
(120, 3, 2),
(121, 1, 2),
(121, 3, 2),
(122, 1, 2),
(122, 3, 2),
(123, 1, 2),
(123, 3, 2),
(124, 1, 2),
(124, 3, 2),
(125, 1, 2),
(125, 3, 2),
(126, 1, 2),
(126, 2, 2),
(126, 3, 2),
(127, 1, 2),
(127, 2, 2),
(127, 3, 2),
(128, 1, 2),
(128, 3, 2),
(129, 1, 2),
(129, 3, 2),
(130, 1, 2),
(130, 3, 2),
(131, 1, 2),
(131, 3, 2),
(132, 1, 2),
(132, 3, 2),
(133, 1, 2),
(134, 1, 2),
(134, 3, 2),
(135, 1, 2),
(135, 2, 2),
(135, 3, 2),
(136, 1, 2),
(136, 3, 2),
(137, 1, 2),
(137, 3, 2),
(138, 1, 2),
(138, 2, 2),
(138, 3, 2),
(139, 1, 2),
(139, 3, 2),
(140, 1, 2),
(140, 3, 2),
(141, 1, 2),
(141, 3, 2),
(142, 1, 2),
(142, 3, 2),
(143, 1, 2),
(143, 2, 2),
(143, 3, 2),
(144, 1, 2),
(144, 3, 2),
(145, 1, 2),
(145, 3, 2),
(146, 1, 2),
(146, 3, 2),
(147, 1, 2),
(147, 3, 2),
(148, 1, 2),
(148, 2, 2),
(148, 3, 2),
(1, 2, 3),
(3, 2, 3),
(6, 2, 3),
(9, 2, 3),
(10, 2, 3),
(11, 2, 3),
(12, 2, 3),
(13, 2, 3),
(14, 2, 3),
(15, 2, 3),
(16, 2, 3),
(17, 2, 3),
(18, 2, 3),
(19, 2, 3),
(20, 2, 3),
(21, 2, 3),
(22, 2, 3),
(23, 2, 3),
(24, 2, 3),
(25, 2, 3),
(27, 2, 3),
(28, 2, 3),
(30, 2, 3),
(31, 2, 3),
(32, 2, 3),
(34, 2, 3),
(35, 2, 3),
(36, 2, 3),
(37, 2, 3),
(38, 2, 3),
(39, 2, 3),
(40, 2, 3),
(43, 2, 3),
(44, 2, 3),
(45, 2, 3),
(46, 2, 3),
(47, 2, 3),
(48, 2, 3),
(50, 2, 3),
(52, 2, 3),
(53, 2, 3),
(54, 2, 3),
(57, 2, 3),
(58, 2, 3),
(59, 2, 3),
(60, 2, 3),
(62, 2, 3),
(63, 2, 3),
(64, 2, 3),
(66, 2, 3),
(67, 2, 3),
(70, 2, 3),
(71, 2, 3),
(73, 2, 3),
(75, 2, 3),
(76, 2, 3),
(77, 2, 3),
(80, 2, 3),
(84, 2, 3),
(85, 2, 3),
(86, 2, 3),
(87, 2, 3),
(88, 2, 3),
(89, 2, 3),
(90, 2, 3),
(91, 2, 3),
(92, 2, 3),
(93, 2, 3),
(94, 2, 3),
(95, 2, 3),
(96, 2, 3),
(97, 2, 3),
(98, 2, 3),
(100, 2, 3),
(101, 2, 3),
(104, 2, 3),
(105, 2, 3),
(106, 2, 3),
(107, 2, 3),
(108, 2, 3),
(109, 2, 3),
(110, 2, 3),
(111, 2, 3),
(112, 2, 3),
(113, 2, 3),
(115, 2, 3),
(116, 2, 3),
(117, 2, 3),
(118, 2, 3),
(119, 2, 3),
(120, 2, 3),
(121, 2, 3),
(122, 2, 3),
(123, 2, 3),
(124, 2, 3),
(125, 2, 3),
(128, 2, 3),
(129, 2, 3),
(130, 2, 3),
(131, 2, 3),
(132, 2, 3),
(133, 2, 3),
(133, 3, 3),
(134, 2, 3),
(136, 2, 3),
(137, 2, 3),
(139, 2, 3),
(140, 2, 3),
(141, 2, 3),
(142, 2, 3),
(144, 2, 3),
(145, 2, 3),
(146, 2, 3),
(147, 2, 3),
(49, 2, 4),
(72, 2, 4),
(78, 2, 4),
(79, 2, 4),
(83, 2, 4),
(99, 2, 4),
(103, 2, 4);

--
-- Dumping data for table `evolucion_trasplante_cmv`
--

INSERT INTO `evolucion_trasplante_cmv` (`id`, `trasplante_id`, `fecha`, `igg_cmv`, `igm_cmv`, `pcr_cmv`, `ag_pp65`) VALUES
(1, 1, '2008-08-21', 0, 1, 0, 1),
(2, 1, '2008-08-23', 0, 1, 1, 0),
(3, 9, '2002-07-11', 1, 1, 0, 1),
(4, 59, '2006-04-10', 0, 0, 0, 1),
(5, 76, '2006-12-21', 0, 0, 1, 0),
(6, 112, '2009-01-13', 0, 0, 0, 1),
(7, 120, '2009-01-15', 0, 0, 0, 1);

--
-- Dumping data for table `evolucion_trasplante_ecg`
--

INSERT INTO `evolucion_trasplante_ecg` (`id`, `trasplante_id`, `fecha`, `rs_ecg`, `hvi_ecg`, `onda_q_ecg`) VALUES
(1, 1, '2008-08-21', 'Ausente', 'Ausente', 'Ausente'),
(2, 9, '2004-08-24', 'Presente', 'Presente', 'Ausente'),
(3, 14, '2003-06-11', 'Presente', 'Ausente', 'Ausente');

--
-- Dumping data for table `evolucion_trasplante_ecodopler`
--

INSERT INTO `evolucion_trasplante_ecodopler` (`id`, `trasplante_id`, `fecha`, `estructura`, `dilatacion`, `colecciones`, `eje_arterial`, `eje_venoso`, `arteria_renal`, `vena_renal`, `anast_venosa`, `anast_renosa`, `indice`, `otros`) VALUES
(1, 4, '2009-05-11', 'Bien', 1, 0, 'Bien', 'Bien', 'Bien', 'Bien', 'Bien', 'Bien', 0.60, ''),
(2, 7, '2001-11-08', 'Bien', 0, 0, 'Bien', 'Bien', 'Bien', 'Bien', 'Bien', 'Bien', 50.00, ''),
(3, 9, '2005-03-11', 'Bien', 1, 0, 'Bien', 'Bien', 'Bien', 'Bien', 'Bien', 'Bien', 0.60, ''),
(4, 9, '2005-11-07', 'Mal', 1, 0, 'Bien', 'Bien', 'Bien', 'Bien', 'Bien', 'Bien', 0.80, ''),
(5, 14, '2003-06-11', 'Bien', 0, 0, 'Bien', 'Bien', 'Bien', 'Bien', 'Bien', 'Bien', 57.00, ''),
(6, 18, '2007-04-01', 'Bien', 0, 0, 'Bien', 'Bien', 'Bien', 'Bien', 'Bien', 'Bien', 0.00, ''),
(7, 20, '2006-10-01', 'Bien', 0, 0, 'Bien', 'Bien', 'Bien', 'Bien', 'Bien', 'Bien', 54.00, ''),
(8, 22, '2006-03-02', 'Mal', 0, 1, 'Mal', 'Bien', 'Bien', 'Bien', 'Bien', 'Bien', 0.00, ''),
(9, 27, '2004-08-06', 'Bien', 0, 0, 'Bien', 'Bien', 'Bien', 'Bien', 'Bien', 'Bien', 0.50, ''),
(10, 27, '2004-09-04', 'Bien', 0, 0, 'Bien', 'Bien', 'Bien', 'Bien', 'Bien', 'Bien', 0.50, ''),
(11, 28, '2007-07-01', 'Bien', 0, 0, 'Bien', 'Bien', 'Bien', 'Bien', 'Bien', 'Bien', 0.00, ''),
(12, 29, '2004-01-28', 'Bien', 0, 1, 'Bien', 'Bien', 'Bien', 'Bien', 'Bien', 'Bien', 0.00, ''),
(13, 39, '2005-03-05', 'Bien', 0, 0, 'Bien', 'Bien', 'Mal', 'Bien', 'Bien', 'Mal', 0.00, ''),
(14, 39, '2005-09-09', 'Bien', 0, 0, 'Bien', 'Bien', 'Bien', 'Bien', 'Bien', 'Bien', 60.00, ''),
(15, 39, '2008-04-16', 'Bien', 0, 0, 'Bien', 'Bien', 'Bien', 'Bien', 'Bien', 'Bien', 70.00, ''),
(16, 39, '2008-12-16', 'Mal', 0, 0, 'Bien', 'Bien', 'Bien', 'Bien', 'Bien', 'Bien', 90.00, ''),
(17, 40, '2005-12-30', 'Bien', 0, 0, 'Bien', 'Bien', 'Bien', 'Bien', 'Bien', 'Bien', 0.00, ''),
(18, 47, '2005-06-05', 'Bien', 0, 0, 'Bien', 'Bien', 'Bien', 'Bien', 'Bien', 'Bien', 65.00, ''),
(19, 47, '2005-12-01', 'Bien', 0, 0, 'Bien', 'Bien', 'Bien', 'Bien', 'Bien', 'Bien', 0.65, ''),
(20, 51, '2007-02-12', 'Bien', 0, 0, 'Bien', 'Bien', 'Bien', 'Bien', 'Bien', 'Bien', 0.70, ''),
(21, 64, '2007-07-01', 'Bien', 0, 0, 'Bien', 'Bien', 'Bien', 'Bien', 'Bien', 'Bien', 69.00, ''),
(22, 68, '2007-09-18', 'Bien', 0, 0, 'Bien', 'Bien', 'Bien', 'Bien', 'Bien', 'Bien', 67.00, ''),
(23, 71, '2006-08-08', 'Bien', 1, 0, 'Bien', 'Bien', 'Bien', 'Bien', 'Bien', 'Bien', 65.00, ''),
(24, 76, '2006-08-22', 'Bien', 0, 0, 'Bien', 'Bien', 'Bien', 'Bien', 'Bien', 'Bien', 60.00, ''),
(25, 76, '2006-09-19', 'Bien', 0, 0, 'Bien', 'Bien', 'Bien', 'Bien', 'Bien', 'Bien', 56.00, ''),
(26, 78, '2006-11-09', 'Bien', 0, 0, 'Bien', 'Bien', 'Bien', 'Bien', 'Bien', 'Bien', 65.00, ''),
(27, 85, '2008-07-22', 'Bien', 0, 1, 'Bien', 'Bien', 'Bien', 'Bien', 'Bien', 'Bien', 98.00, ''),
(28, 88, '2007-12-06', 'Bien', 0, 0, 'Bien', 'Bien', 'Bien', 'Bien', 'Bien', 'Bien', 60.00, ''),
(29, 96, '2009-03-30', 'Bien', 0, 0, 'Bien', 'Bien', 'Bien', 'Bien', 'Bien', 'Bien', 75.00, ''),
(30, 111, '2007-10-06', 'Bien', 0, 0, 'Bien', 'Bien', 'Bien', 'Bien', 'Bien', 'Bien', 68.00, ''),
(31, 112, '2009-01-13', 'Bien', 0, 0, 'Bien', 'Bien', 'Bien', 'Bien', 'Bien', 'Bien', 6.00, ''),
(32, 124, '2009-02-27', 'Bien', 0, 0, 'Bien', 'Bien', 'Bien', 'Bien', 'Bien', 'Bien', 0.64, ''),
(33, 126, '2009-03-28', 'Bien', 0, 0, 'Bien', 'Bien', 'Bien', 'Bien', 'Bien', 'Bien', 0.66, ''),
(34, 133, '2009-06-02', 'Bien', 0, 0, 'Bien', 'Bien', 'Bien', 'Bien', 'Bien', 'Bien', 62.00, ''),
(35, 135, '2009-06-16', 'Bien', 0, 0, 'Bien', 'Bien', 'Bien', 'Bien', 'Bien', 'Bien', 74.00, ''),
(36, 148, '2009-10-15', 'Bien', 1, 1, 'Bien', 'Bien', 'Bien', 'Bien', 'Bien', 'Bien', 0.73, '');

--
-- Dumping data for table `evolucion_trasplante_ecografia`
--

INSERT INTO `evolucion_trasplante_ecografia` (`id`, `trasplante_id`, `fecha`, `diametros`, `dilatacion`, `litiasin`, `vejiga`, `espesor`, `otros`) VALUES
(1, 4, '2009-05-11', '', 1, 0, 'megavejiga ', 0, ' '),
(2, 7, '2001-11-08', '147x68', 0, 0, '', 20, ' '),
(3, 9, '2003-07-17', '', 1, 0, '', 0, ' '),
(4, 9, '2004-08-24', '107x40x40', 1, 0, '', 17, ' '),
(5, 14, '2003-06-11', '123x57x64', 0, 0, '', 16, ' '),
(6, 20, '2007-05-01', '', 0, 0, 'Prostata adenoma G II', 0, ' '),
(7, 21, '2003-10-02', '120x54x64', 0, 0, '', 18, ' '),
(8, 29, '2004-01-28', '', 1, 1, 'linfocele', 0, ' '),
(9, 33, '2004-07-01', '120x59x61', 0, 0, 'Coleccion 20 cm diametro pararenal', 0, ' '),
(10, 33, '2004-09-02', '', 0, 0, 'Coleccion 34 mm', 0, ' '),
(11, 39, '2005-09-09', '10.8x5.5', 0, 0, '', 21, ' '),
(12, 39, '2008-04-16', '10.2x4.5', 0, 0, '', 15, ' '),
(13, 39, '2008-10-13', '107x60x53', 1, 1, '', 10, ' '),
(14, 39, '2008-12-16', '112x48x50', 0, 0, '', 17, ' '),
(15, 40, '2005-12-30', '118x70', 0, 0, '', 20, ' '),
(16, 59, '2006-04-10', '109x67x54', 0, 0, '', 19, ' '),
(17, 63, '2008-12-30', '109x56x65', 0, 0, '', 0, ' '),
(18, 64, '2007-07-01', '', 0, 1, 'Litiasis 5.5 mm caliz medio', 0, ' '),
(19, 67, '2006-09-11', '', 1, 0, '', 0, ' '),
(20, 67, '2006-09-19', '139x50x54', 0, 0, 'cateter nefrostomia', 23, ' '),
(21, 68, '2007-09-18', '13x5x5', 0, 0, '', 24, ' '),
(22, 71, '2006-08-08', '', 1, 0, 'Residuo miccional pequeño', 0, ' '),
(23, 85, '2008-07-22', '', 1, 1, 'Gran hematoma perirenal', 0, ' '),
(24, 88, '2007-12-06', '11.7x4.5', 0, 0, '', 16, ' '),
(25, 94, '2007-07-07', '120x59x59', 0, 0, '', 21, ' '),
(26, 95, '2007-10-05', '', 0, 0, 'coleccion polar superior', 0, ' '),
(27, 98, '2007-11-06', '', 0, 1, 'microlitiasis caliz sup x TAC', 0, ' '),
(28, 105, '2008-05-20', '', 1, 0, 'coleccion flanco y polo sup R', 0, ' '),
(29, 111, '2007-10-25', '104x85x68', 1, 0, '', 22, ' '),
(30, 111, '2008-01-04', '', 1, 0, 'stop union pielocalicial', 0, ' '),
(31, 111, '2008-03-05', '119x75x62.2', 0, 0, '', 21, ' '),
(32, 112, '2009-01-13', '11 x 4 x 3', 0, 0, '', 14, ' '),
(33, 124, '2009-02-12', '129x64', 0, 0, 'Prostata 38x50x32', 24, ' '),
(34, 133, '2009-06-02', '122x56x60', 0, 0, '', 18, ' '),
(35, 148, '2009-10-15', '109x45x57', 1, 0, 'perirenal coleccion 91x38 con septos', 16, ' ');

--
-- Dumping data for table `evolucion_trasplante_eco_cardio`
--

INSERT INTO `evolucion_trasplante_eco_cardio` (`id`, `trasplante_id`, `fecha`, `fevi_normal`, `insuf_hipodiast`, `iao`, `eao`, `im`, `em`, `ip`, `ep`, `it`, `et`, `derrame`, `calcif_valvular`, `hvi`) VALUES
(1, 7, '2006-03-10', 1, 0, 0, 0, 0, 0, 0, 0, 0, 0, 0, 0, 1),
(2, 20, '2008-10-01', 1, 0, 1, 0, 0, 0, 0, 0, 0, 0, 0, 0, 0),
(3, 27, '2004-09-04', 1, 0, 0, 0, 0, 0, 0, 0, 0, 0, 0, 0, 1),
(4, 27, '2005-11-28', 1, 0, 0, 0, 0, 0, 0, 1, 0, 0, 0, 0, 0),
(5, 59, '2006-04-10', 1, 0, 1, 0, 0, 0, 0, 0, 0, 0, 0, 0, 1),
(6, 67, '2007-05-29', 1, 0, 0, 0, 0, 0, 0, 0, 0, 0, 0, 0, 0);

--
-- Dumping data for table `evolucion_trasplante_examenes`
--

INSERT INTO `evolucion_trasplante_examenes` (`id`, `trasplante_id`, `fecha`, `evolucion_trasplante_examenes_tipo_id`, `tipo`, `comentario`) VALUES
(1, 20, '2008-10-01', 3, 'Normal', ''),
(2, 27, '2004-08-06', 1, 'Patologico', 'Mamografia calcificaciones B '),
(3, 27, '2004-08-06', 4, 'Patologico', 'Osteopenia difusa'),
(4, 39, '2006-10-28', 4, 'Normal', ''),
(5, 39, '2007-11-08', 3, 'Patologico', 'cataratas bilaterales'),
(6, 39, '2008-10-13', 1, 'Normal', ''),
(7, 67, '2006-12-11', 2, 'Patologico', 'Centello c/diuretico patron IR\nPielectasia persistente'),
(8, 71, '2006-08-08', 2, 'Patologico', 'Centello  dilatacion calicial, \nbuena eliminacion con diuretico'),
(9, 71, '2007-08-01', 2, 'Patologico', 'Cistografia Reflujo Grado II\nTAC sin alteraciones'),
(10, 98, '2007-11-06', 2, 'Patologico', 'TAC microlitiasis'),
(11, 105, '2008-05-20', 2, 'Patologico', 'TAC coleccion flqnco EVENTRACION'),
(12, 123, '2009-03-02', 1, 'Patologico', 'PAP normal\nEcografia mioma uterino');

--
-- Dumping data for table `evolucion_trasplante_examenes_tipo`
--

INSERT INTO `evolucion_trasplante_examenes_tipo` (`id`, `nombre`) VALUES
(1, 'GINECOLOGO'),
(2, 'UROLOGO'),
(3, 'OFTALMOLOGO'),
(4, 'RX OSEAS'),
(5, 'TAC'),
(6, 'RNM'),
(7, 'CENTELLO GRAMA');

--
-- Dumping data for table `evolucion_trasplante_marvirales`
--

INSERT INTO `evolucion_trasplante_marvirales` (`id`, `trasplante_id`, `fecha`, `hsv`, `aghbs`, `hbsac`, `hbcac`, `hvc`, `hiv`) VALUES
(1, 9, '2003-03-24', 0, 'Negativo', 'Positivo', 'Negativo', 'Negativo', 'Negativo'),
(2, 40, '2006-07-20', 0, 'Negativo', 'Positivo', 'Negativo', 'Negativo', 'Negativo'),
(3, 112, '2009-01-13', 0, 'Negativo', 'Positivo', 'Negativo', 'Negativo', 'Negativo');

--
-- Dumping data for table `evolucion_trasplante_nutricion`
--

INSERT INTO `evolucion_trasplante_nutricion` (`id`, `trasplante_id`, `fecha`, `talla`, `peso_deseado`, `estructura_osea`, `impresion`, `peso_real`, `p_tricipital`, `p_tricipital_p`, `p_subescapular`, `p_subescapular_p`, `sum_pliegues`, `p_sum_pliegues`, `cf_brazo`, `p_cf_brazo`, `cf_musc_brazo`, `p_cf_musc_brazo`, `area_brazo`, `area_musc_brazo`, `p_area_musc_brazo`, `area_grasa_brazo`, `p_area_grasa_brazo`, `r_cintura_cadera`, `diag_nutricional`) VALUES
(1, 10, '2001-12-21', 170, 0, 'Pequeña', 'Adelgazado', 58, 0, '<10', 0, '<10', 0, '<10', 0, '<10', 0, '<10', 0, 0, '<10', 0, '<10', 0, 'Desnleve'),
(2, 11, '2002-01-09', 176, 0, 'Pequeña', 'Adelgazado', 87, 0, '<10', 0, '<10', 0, '<10', 0, '<10', 0, '<10', 0, 0, '<10', 0, '<10', 0, 'Desnleve'),
(3, 12, '2002-01-10', 186, 85, 'Grande', 'Adelgazado', 87, 0, '<10', 0, '<10', 0, '<10', 0, '<10', 0, '<10', 0, 0, '<10', 0, '<10', 0, 'Normopeso'),
(4, 33, '2004-05-12', 999, 65, 'Grande', 'Adelgazado', 120, 999, '<10', 999, '<10', 999, '<10', 999, '<10', 999, '<10', 999, 999, '<10', 999, '<10', 999, 'Desnleve'),
(5, 33, '2004-09-02', 999, 65, 'Pequeña', 'Adelgazado', 113, 999, '<10', 999, '<10', 999, '<10', 999, '<10', 999, '<10', 999, 999, '<10', 999, '<10', 999, 'Desnleve'),
(6, 95, '2007-10-02', 186, 0, 'Mediana', 'Adelgazado', 82, 0, '<10', 0, '<10', 0, '<10', 0, '<10', 0, '<10', 0, 0, '<10', 0, '<10', 0, 'Desnleve'),
(7, 112, '2009-01-13', 170, 58, 'Pequeña', 'Adelgazado', 58, 0, '<10', 0, '<10', 0, '<10', 0, '<10', 0, '<10', 0, 0, '<10', 0, '<10', 0, 'Desnleve'),
(8, 115, '2008-11-01', 178, 0, 'Pequeña', 'Adelgazado', 73, 0, '<10', 0, '<10', 0, '<10', 0, '<10', 0, '<10', 0, 0, '<10', 0, '<10', 0, 'Normopeso'),
(9, 127, '2009-04-10', 155, 48, 'Pequeña', 'Adelgazado', 43, 99, '<10', 99, '<10', 99, '<10', 99, '<10', 99, '<10', 99, 99, '<10', 99, '<10', 99, 'Desnleve'),
(10, 130, '2009-05-27', 176, 0, 'Pequeña', 'Adelgazado', 83, 0, '<10', 0, '<10', 0, '<10', 0, '<10', 0, '<10', 0, 0, '<10', 0, '<10', 0, 'Desnleve'),
(11, 132, '2009-06-13', 161, 74, 'Pequeña', 'Sobrepeso', 85, 0, '<10', 0, '<10', 0, '<10', 0, '<10', 0, '<10', 0, 0, '<10', 0, '<10', 0, 'Sobrepeso');

--
-- Dumping data for table `evolucion_trasplante_para_clinica`
--

INSERT INTO `evolucion_trasplante_para_clinica` (`id`, `trasplante_id`, `fecha`, `pas`, `pad`, `diuresis`, `peso`, `urea`, `creatinina`, `ht`, `hb`, `gb`, `plaquetas`, `sodio`, `potasio`, `cloro`, `calcio`, `fosforo`, `glicemia`, `uricemia`, `prot_u`, `ccreatinina`, `curea`, `na_u`, `ku`, `cya_pv`, `cya_pp`, `fk_p`, `mfm_p`, `eve_p`, `bd`, `bi`, `tgo`, `tgp`, `gammagt`, `f_alc`, `t_prot`, `kptt`, `howell`, `fibrinogeno`, `colesterol`, `hdl`, `ldl`, `r_at`, `tg`, `hna1c`, `albumina`, `globulinas`, `pthi`, `otros`, `numpthi`) VALUES
(1, 7, '2001-07-23', 130.00, 60.00, 0.00, 61.70, 0.63, 1.31, 32.80, 9.90, 9400.00, 264000.00, 0.00, 4.60, 0.00, 9.90, 2.30, 2.80, 4.30, 0.10, 0.00, 0.00, 0.00, 0.00, 0.00, 0.00, 0.00, 0.00, 0.00, 0.00, 0.00, 5.00, 7.00, 0.00, 132.00, 0.00, 0.00, 0.00, 0.00, 0.00, 0.00, 0.00, 0.00, 0.00, 0.00, 0.00, 0.00, 'Ausente', '', 0.00),
(2, 7, '2001-11-08', 110.00, 60.00, 0.00, 0.00, 0.60, 1.25, 38.80, 12.40, 5900.00, 345000.00, 0.00, 5.40, 0.00, 10.00, 3.70, 3.45, 0.00, 0.00, 0.00, 0.00, 0.00, 0.00, 0.00, 0.00, 0.00, 0.00, 0.00, 0.00, 0.00, 12.00, 17.00, 0.00, 233.00, 0.00, 0.00, 0.00, 0.00, 0.00, 0.00, 0.00, 0.00, 0.00, 0.00, 0.00, 0.00, 'Ausente', '', 0.00),
(3, 8, '2001-12-08', 0.00, 0.00, 0.00, 0.00, 0.57, 1.75, 0.00, 0.00, 0.00, 0.00, 0.00, 0.00, 0.00, 0.00, 0.00, 0.00, 0.00, 0.00, 0.00, 0.00, 0.00, 0.00, 0.00, 0.00, 0.00, 0.00, 0.00, 0.00, 0.00, 0.00, 0.00, 0.00, 0.00, 0.00, 0.00, 0.00, 0.00, 0.00, 0.00, 0.00, 0.00, 0.00, 0.00, 0.00, 0.00, 'Ausente', '', 0.00),
(4, 9, '2002-01-05', 150.00, 95.00, 3500.00, 62.60, 0.70, 1.50, 38.50, 12.90, 12400.00, 325000.00, 145.00, 3.60, 0.00, 10.40, 3.20, 1.01, 7.60, 0.00, 0.00, 0.00, 153.00, 43.00, 145.00, 0.00, 0.00, 0.00, 0.00, 0.21, 0.20, 13.00, 30.00, 39.00, 527.00, 0.00, 0.00, 0.00, 367.00, 226.00, 57.00, 146.00, 3.90, 114.00, 0.00, 4.30, 3.20, 'Ausente', '', 0.00),
(5, 11, '2002-01-09', 0.00, 0.00, 5500.00, 0.00, 0.44, 1.70, 0.00, 0.00, 0.00, 0.00, 0.00, 0.00, 0.00, 0.00, 0.00, 0.00, 0.00, 0.00, 0.00, 0.00, 0.00, 0.00, 0.00, 0.00, 0.00, 0.00, 0.00, 0.00, 0.00, 0.00, 0.00, 0.00, 0.00, 0.00, 0.00, 0.00, 0.00, 0.00, 0.00, 0.00, 0.00, 0.00, 0.00, 0.00, 0.00, 'Ausente', '', 0.00),
(6, 10, '2002-01-11', 0.00, 0.00, 0.00, 0.00, 0.33, 1.90, 27.70, 0.00, 8300.00, 326000.00, 139.00, 4.20, 0.00, 0.00, 0.00, 0.00, 0.00, 0.00, 0.00, 0.00, 0.00, 0.00, 0.00, 0.00, 0.00, 0.00, 0.00, 0.00, 0.00, 0.00, 0.00, 0.00, 0.00, 0.00, 0.00, 0.00, 0.00, 0.00, 0.00, 0.00, 0.00, 0.00, 0.00, 0.00, 0.00, 'Ausente', '', 0.00),
(7, 8, '2002-01-15', 130.00, 85.00, 5800.00, 52.00, 0.65, 1.20, 0.00, 0.00, 0.00, 0.00, 0.00, 0.00, 0.00, 0.00, 0.00, 0.00, 0.00, 0.00, 0.00, 0.00, 0.00, 0.00, 0.00, 0.00, 0.00, 0.00, 0.00, 0.00, 0.00, 0.00, 0.00, 0.00, 0.00, 0.00, 0.00, 0.00, 0.00, 0.00, 0.00, 0.00, 0.00, 0.00, 0.00, 0.00, 0.00, 'Ausente', '', 0.00),
(8, 12, '2002-02-16', 0.00, 0.00, 3500.00, 82.00, 0.41, 1.80, 25.30, 8.30, 5900.00, 0.00, 0.00, 0.00, 0.00, 0.00, 0.00, 0.00, 0.00, 1.50, 0.00, 0.00, 0.00, 0.00, 0.00, 0.00, 0.00, 0.00, 0.00, 0.00, 0.00, 0.00, 0.00, 0.00, 0.00, 0.00, 0.00, 0.00, 0.00, 0.00, 0.00, 0.00, 0.00, 0.00, 0.00, 0.00, 0.00, 'Ausente', '', 0.00),
(9, 13, '2002-03-09', 0.00, 0.00, 0.00, 0.00, 0.00, 2.20, 0.00, 0.00, 0.00, 0.00, 0.00, 0.00, 0.00, 0.00, 0.00, 0.00, 0.00, 0.00, 0.00, 0.00, 0.00, 0.00, 0.00, 0.00, 0.00, 0.00, 0.00, 0.00, 0.00, 0.00, 0.00, 0.00, 0.00, 0.00, 0.00, 0.00, 0.00, 0.00, 0.00, 0.00, 0.00, 0.00, 0.00, 0.00, 0.00, 'Ausente', '', 0.00),
(10, 15, '2002-05-14', 0.00, 0.00, 0.00, 0.00, 0.78, 1.70, 24.70, 8.20, 6100.00, 249000.00, 140.00, 4.00, 0.00, 0.00, 0.00, 0.00, 0.00, 0.00, 0.00, 0.00, 0.00, 0.00, 0.00, 0.00, 0.00, 0.00, 0.00, 0.00, 0.00, 0.00, 0.00, 0.00, 0.00, 0.00, 0.00, 0.00, 0.00, 0.00, 0.00, 0.00, 0.00, 0.00, 0.00, 0.00, 0.00, 'Ausente', '', 0.00),
(11, 14, '2002-05-20', 180.00, 90.00, 0.00, 0.00, 0.67, 2.00, 33.60, 10.70, 7100.00, 420000.00, 136.00, 4.80, 0.00, 11.00, 2.20, 0.88, 5.80, 0.23, 0.00, 0.00, 0.00, 0.00, 0.00, 0.00, 0.00, 0.00, 0.00, 0.00, 0.00, 0.00, 0.00, 0.00, 0.00, 0.00, 0.00, 0.00, 0.00, 0.00, 0.00, 0.00, 0.00, 0.00, 0.00, 0.00, 0.00, 'Ausente', '', 0.00),
(12, 14, '2002-05-29', 160.00, 80.00, 3300.00, 0.00, 0.49, 1.93, 36.00, 11.60, 9200.00, 45300.00, 141.00, 4.20, 0.00, 10.60, 2.00, 1.20, 5.80, 0.33, 70.00, 0.00, 0.00, 0.00, 162.00, 0.00, 0.00, 0.00, 0.00, 0.14, 0.23, 14.00, 13.00, 38.00, 292.00, 77.00, 30.00, 0.00, 560.00, 0.00, 0.00, 0.00, 0.00, 0.00, 0.00, 0.00, 0.00, 'Ausente', '', 0.00),
(13, 9, '2002-07-11', 0.00, 0.00, 0.00, 0.00, 0.00, 4.20, 0.00, 0.00, 0.00, 0.00, 0.00, 0.00, 0.00, 0.00, 0.00, 0.00, 0.00, 0.00, 0.00, 0.00, 0.00, 0.00, 0.00, 0.00, 0.00, 0.00, 0.00, 0.00, 0.00, 0.00, 0.00, 0.00, 0.00, 0.00, 0.00, 0.00, 0.00, 0.00, 0.00, 0.00, 0.00, 0.00, 0.00, 0.00, 0.00, 'Ausente', 'CMV+, diarrea febril', 0.00),
(14, 9, '2002-08-20', 100.00, 60.00, 4.00, 67.50, 0.77, 1.80, 38.00, 12.00, 10200.00, 261000.00, 145.00, 4.00, 0.00, 0.00, 0.00, 0.00, 0.00, 0.00, 61.00, 0.00, 0.00, 0.00, 102.00, 0.00, 0.00, 0.00, 0.00, 0.17, 0.60, 12.00, 26.00, 0.00, 443.00, 0.00, 0.00, 0.00, 0.00, 0.00, 0.00, 0.00, 0.00, 0.00, 0.00, 4.40, 1.70, 'Ausente', '', 0.00),
(15, 14, '2002-08-20', 140.00, 80.00, 3000.00, 0.00, 0.56, 1.60, 42.00, 13.00, 9300.00, 379000.00, 141.00, 4.70, 0.00, 11.20, 3.10, 0.99, 6.70, 0.00, 75.00, 0.00, 0.00, 0.00, 142.00, 0.00, 0.00, 0.00, 0.00, 0.16, 0.29, 16.00, 22.00, 38.00, 439.00, 71.00, 31.00, 0.00, 717.00, 0.00, 0.00, 0.00, 0.00, 0.00, 0.00, 0.00, 0.00, 'Ausente', 'Prot u neg', 0.00),
(16, 7, '2002-09-27', 110.00, 60.00, 3000.00, 67.30, 0.70, 1.38, 36.70, 12.10, 8600.00, 257000.00, 0.00, 4.50, 0.00, 9.60, 3.90, 2.50, 5.00, 0.00, 69.00, 0.00, 0.00, 0.00, 217.00, 0.00, 0.00, 0.00, 0.00, 0.09, 0.18, 10.00, 21.00, 0.00, 0.00, 0.00, 28.00, 0.00, 341.00, 0.00, 0.00, 0.00, 0.00, 0.00, 0.00, 3.60, 3.00, 'Ausente', '', 0.00),
(17, 16, '2002-11-14', 0.00, 0.00, 4250.00, 57.80, 0.33, 1.20, 26.90, 9.20, 6000.00, 250000.00, 133.00, 4.20, 0.00, 0.00, 0.00, 0.00, 0.00, 0.00, 0.00, 0.00, 0.00, 0.00, 0.00, 0.00, 0.00, 0.00, 0.00, 0.00, 0.00, 0.00, 0.00, 0.00, 0.00, 0.00, 0.00, 0.00, 0.00, 0.00, 0.00, 0.00, 0.00, 0.00, 0.00, 0.00, 0.00, 'Ausente', '', 0.00),
(18, 17, '2002-11-22', 0.00, 0.00, 0.00, 37.50, 0.43, 1.50, 22.50, 7.60, 18100.00, 196000.00, 136.00, 4.80, 0.00, 0.00, 0.00, 0.00, 0.00, 0.00, 0.00, 0.00, 0.00, 0.00, 0.00, 0.00, 0.00, 0.00, 0.00, 0.00, 0.00, 0.00, 0.00, 0.00, 0.00, 0.00, 0.00, 0.00, 0.00, 0.00, 0.00, 0.00, 0.00, 0.00, 0.00, 0.00, 0.00, 'Ausente', '', 0.00),
(19, 14, '2002-12-05', 130.00, 60.00, 0.00, 73.00, 0.67, 1.56, 44.00, 13.60, 9500.00, 356000.00, 144.00, 4.30, 0.00, 10.20, 2.80, 0.73, 6.70, 0.00, 0.00, 0.00, 0.00, 0.00, 0.00, 0.00, 0.00, 0.00, 0.00, 0.00, 0.00, 0.00, 0.00, 0.00, 0.00, 0.00, 0.00, 0.00, 0.00, 0.00, 0.00, 0.00, 0.00, 0.00, 0.00, 0.00, 0.00, 'Ausente', '', 0.00),
(20, 9, '2002-12-13', 120.00, 70.00, 3500.00, 62.00, 0.50, 1.76, 44.00, 14.50, 13700.00, 289000.00, 140.00, 4.00, 0.00, 9.50, 3.20, 1.16, 7.80, 0.00, 0.00, 0.00, 0.00, 0.00, 0.00, 0.00, 0.00, 0.00, 0.00, 0.00, 0.00, 0.00, 0.00, 0.00, 0.00, 0.00, 0.00, 0.00, 0.00, 0.00, 0.00, 0.00, 0.00, 0.00, 0.00, 0.00, 0.00, 'Ausente', '', 0.00),
(21, 7, '2002-12-17', 0.00, 0.00, 1600.00, 0.00, 0.65, 1.41, 42.80, 13.40, 9200.00, 276000.00, 138.00, 4.40, 106.00, 9.50, 0.00, 1.45, 4.60, 0.00, 85.00, 0.00, 0.00, 0.00, 145.00, 0.00, 0.00, 0.00, 0.00, 0.08, 0.20, 12.00, 8.00, 11.00, 162.00, 0.00, 0.00, 0.00, 0.00, 0.00, 0.00, 0.00, 0.00, 0.00, 0.00, 3.80, 3.20, 'Ausente', '', 0.00),
(22, 18, '2003-02-01', 0.00, 0.00, 0.00, 64.50, 0.53, 1.76, 22.20, 7.50, 5200.00, 136000.00, 138.00, 4.30, 0.00, 0.00, 0.00, 0.00, 0.00, 0.00, 0.00, 0.00, 0.00, 0.00, 0.00, 0.00, 0.00, 0.00, 0.00, 0.00, 0.00, 0.00, 0.00, 0.00, 0.00, 0.00, 0.00, 0.00, 0.00, 0.00, 0.00, 0.00, 0.00, 0.00, 0.00, 0.00, 0.00, 'Ausente', '', 0.00),
(23, 9, '2003-02-13', 0.00, 0.00, 3500.00, 0.00, 1.27, 3.26, 41.00, 13.00, 10700.00, 231000.00, 0.00, 0.00, 0.00, 0.00, 0.00, 1.03, 8.70, 0.20, 0.00, 0.00, 0.00, 0.00, 0.00, 0.00, 0.00, 0.00, 0.00, 0.00, 0.00, 0.00, 0.00, 0.00, 0.00, 0.00, 0.00, 0.00, 0.00, 0.00, 0.00, 0.00, 0.00, 0.00, 0.00, 0.00, 0.00, 'Ausente', 'no cumple TM', 0.00),
(24, 9, '2003-03-24', 130.00, 80.00, 0.00, 63.00, 0.00, 2.90, 37.00, 11.80, 13500.00, 248000.00, 0.00, 0.00, 0.00, 0.00, 0.00, 0.90, 6.90, 0.00, 0.00, 0.00, 0.00, 0.00, 0.00, 0.00, 0.00, 0.00, 0.00, 0.18, 0.30, 13.00, 12.00, 6.00, 296.00, 0.00, 0.00, 0.00, 0.00, 179.00, 37.00, 119.00, 4.80, 117.00, 0.00, 4.00, 3.30, 'Ausente', '', 0.00),
(25, 10, '2003-04-02', 0.00, 0.00, 0.00, 0.00, 0.00, 3.80, 0.00, 0.00, 0.00, 0.00, 0.00, 0.00, 0.00, 0.00, 0.00, 0.00, 0.00, 0.00, 0.00, 0.00, 0.00, 0.00, 300.00, 0.00, 0.00, 0.00, 0.00, 0.00, 0.00, 0.00, 0.00, 0.00, 0.00, 0.00, 0.00, 0.00, 0.00, 0.00, 0.00, 0.00, 0.00, 0.00, 0.00, 0.00, 0.00, 'Ausente', 'cuadro viral, IRA', 0.00),
(26, 22, '2003-05-03', 0.00, 0.00, 0.00, 63.00, 0.47, 1.36, 33.00, 10.80, 9300.00, 232000.00, 128.00, 4.40, 0.00, 0.00, 0.00, 0.00, 0.00, 0.00, 0.00, 0.00, 0.00, 0.00, 0.00, 0.00, 0.00, 0.00, 0.00, 0.00, 0.00, 0.00, 0.00, 0.00, 0.00, 0.00, 0.00, 0.00, 0.00, 0.00, 0.00, 0.00, 0.00, 0.00, 0.00, 0.00, 0.00, 'Ausente', '', 0.00),
(27, 20, '2003-05-04', 0.00, 0.00, 4950.00, 0.00, 0.54, 2.10, 32.30, 0.00, 4500.00, 289000.00, 133.00, 4.60, 0.00, 6.20, 0.00, 0.00, 0.00, 0.00, 0.00, 0.00, 0.00, 0.00, 0.00, 0.00, 0.00, 0.00, 0.00, 0.00, 0.00, 179.00, 93.00, 0.00, 0.00, 0.00, 0.00, 0.00, 0.00, 0.00, 0.00, 0.00, 0.00, 0.00, 0.00, 0.00, 0.00, 'Ausente', '', 0.00),
(28, 7, '2003-05-19', 0.00, 0.00, 0.00, 0.00, 0.00, 1.63, 0.00, 0.00, 0.00, 0.00, 0.00, 0.00, 0.00, 0.00, 0.00, 0.63, 0.00, 0.00, 0.00, 0.00, 0.00, 0.00, 180.00, 0.00, 0.00, 0.00, 0.00, 0.00, 0.00, 0.00, 0.00, 0.00, 0.00, 0.00, 0.00, 0.00, 0.00, 0.00, 0.00, 0.00, 0.00, 0.00, 0.00, 0.00, 0.00, 'Ausente', '', 0.00),
(29, 14, '2003-06-11', 140.00, 80.00, 0.00, 74.00, 0.47, 1.41, 47.60, 15.90, 10500.00, 346000.00, 0.00, 0.00, 0.00, 0.00, 0.00, 0.82, 6.50, 0.27, 0.00, 0.00, 0.00, 0.00, 0.00, 0.00, 0.00, 0.00, 0.00, 0.00, 0.00, 0.00, 0.00, 0.00, 0.00, 0.00, 0.00, 0.00, 0.00, 0.00, 0.00, 0.00, 0.00, 0.00, 0.00, 0.00, 0.00, 'Presente', '', 97.00),
(30, 21, '2003-07-10', 150.00, 90.00, 3600.00, 58.30, 0.60, 1.50, 26.00, 8.70, 7400.00, 154000.00, 0.00, 0.00, 0.00, 0.00, 0.00, 0.93, 6.80, 3.00, 0.00, 0.00, 0.00, 0.00, 0.00, 0.00, 0.00, 0.00, 0.00, 0.30, 0.20, 13.00, 12.00, 20.00, 414.00, 0.00, 0.00, 0.00, 0.00, 0.00, 0.00, 0.00, 0.00, 0.00, 0.00, 3.20, 0.00, 'Ausente', '', 0.00),
(31, 9, '2003-07-17', 0.00, 0.00, 0.00, 63.00, 0.00, 4.70, 0.00, 0.00, 0.00, 0.00, 0.00, 0.00, 0.00, 0.00, 0.00, 0.00, 0.00, 0.00, 0.00, 0.00, 0.00, 0.00, 0.00, 0.00, 0.00, 0.00, 0.00, 0.00, 0.00, 0.00, 0.00, 0.00, 0.00, 0.00, 0.00, 0.00, 0.00, 0.00, 0.00, 0.00, 0.00, 0.00, 0.00, 0.00, 0.00, 'Ausente', 'IRA obstructiva nefrostomia derivacion', 0.00),
(32, 21, '2003-08-04', 170.00, 120.00, 3400.00, 59.70, 0.73, 1.80, 27.00, 9.00, 10200.00, 196000.00, 0.00, 0.00, 0.00, 0.00, 0.00, 0.70, 0.00, 3.00, 0.00, 0.00, 0.00, 0.00, 0.00, 0.00, 7.30, 0.00, 0.00, 0.00, 0.00, 0.00, 0.00, 0.00, 0.00, 0.00, 0.00, 0.00, 0.00, 0.00, 0.00, 0.00, 0.00, 0.00, 0.00, 0.00, 0.00, 'Ausente', '', 0.00),
(33, 24, '2003-08-12', 0.00, 0.00, 4000.00, 0.00, 0.50, 2.20, 0.00, 0.00, 0.00, 0.00, 0.00, 0.00, 0.00, 0.00, 0.00, 0.00, 0.00, 0.00, 0.00, 0.00, 0.00, 0.00, 0.00, 0.00, 0.00, 0.00, 0.00, 0.00, 0.00, 0.00, 0.00, 0.00, 0.00, 0.00, 0.00, 0.00, 0.00, 0.00, 0.00, 0.00, 0.00, 0.00, 0.00, 0.00, 0.00, 'Ausente', '', 0.00),
(34, 26, '2003-08-12', 0.00, 0.00, 0.00, 0.00, 0.59, 2.20, 27.40, 9.20, 7400.00, 0.00, 0.00, 0.00, 0.00, 0.00, 0.00, 0.00, 0.00, 0.00, 0.00, 0.00, 0.00, 0.00, 0.00, 0.00, 0.00, 0.00, 0.00, 0.00, 0.00, 0.00, 0.00, 0.00, 0.00, 0.00, 0.00, 0.00, 0.00, 0.00, 0.00, 0.00, 0.00, 0.00, 0.00, 0.00, 0.00, 'Ausente', '', 0.00),
(35, 24, '2003-09-01', 0.00, 0.00, 0.00, 0.00, 0.00, 2.30, 0.00, 0.00, 0.00, 0.00, 0.00, 0.00, 0.00, 0.00, 0.00, 0.00, 0.00, 0.00, 0.00, 0.00, 0.00, 0.00, 0.00, 0.00, 0.00, 0.00, 0.00, 0.00, 0.00, 0.00, 0.00, 0.00, 0.00, 0.00, 0.00, 0.00, 0.00, 0.00, 0.00, 0.00, 0.00, 0.00, 0.00, 0.00, 0.00, 'Ausente', 'Prot u neg', 0.00),
(36, 21, '2003-09-09', 130.00, 80.00, 1800.00, 62.00, 0.90, 1.90, 0.00, 0.00, 0.00, 0.00, 0.00, 0.00, 0.00, 0.00, 0.00, 0.00, 0.00, 2.94, 0.00, 0.00, 0.00, 0.00, 0.00, 0.00, 0.00, 0.00, 0.00, 0.00, 0.00, 51.00, 46.00, 30.00, 680.00, 0.00, 0.00, 0.00, 0.00, 0.00, 0.00, 0.00, 0.00, 0.00, 0.00, 0.00, 0.00, 'Ausente', '', 0.00),
(37, 21, '2003-10-02', 130.00, 90.00, 0.00, 62.30, 0.77, 2.70, 22.60, 7.60, 4800.00, 0.00, 0.00, 0.00, 0.00, 0.00, 0.00, 0.00, 0.00, 0.00, 0.00, 0.00, 0.00, 0.00, 0.00, 0.00, 4.80, 0.00, 0.00, 0.00, 0.00, 0.00, 0.00, 0.00, 0.00, 0.00, 0.00, 0.00, 0.00, 0.00, 0.00, 0.00, 0.00, 0.00, 0.00, 0.00, 0.00, 'Ausente', '', 0.00),
(38, 27, '2003-10-06', 0.00, 0.00, 0.00, 58.00, 0.44, 1.47, 37.00, 12.60, 9150.00, 328000.00, 146.00, 5.20, 0.00, 11.30, 2.80, 1.26, 6.80, 0.00, 0.00, 0.00, 0.00, 0.00, 0.00, 0.00, 0.00, 0.00, 0.00, 0.00, 0.00, 0.00, 0.00, 0.00, 0.00, 0.00, 0.00, 0.00, 0.00, 0.00, 0.00, 0.00, 0.00, 0.00, 0.00, 0.00, 0.00, 'Ausente', '', 0.00),
(39, 25, '2003-10-10', 0.00, 0.00, 0.00, 0.00, 0.00, 1.90, 0.00, 0.00, 0.00, 0.00, 0.00, 0.00, 0.00, 0.00, 0.00, 0.00, 0.00, 0.00, 0.00, 0.00, 0.00, 0.00, 0.00, 0.00, 0.00, 0.00, 0.00, 0.00, 0.00, 0.00, 0.00, 0.00, 0.00, 0.00, 0.00, 0.00, 0.00, 0.00, 0.00, 0.00, 0.00, 0.00, 0.00, 0.00, 0.00, 'Ausente', '', 0.00),
(40, 9, '2003-10-15', 0.00, 0.00, 0.00, 0.00, 0.95, 2.90, 33.70, 11.00, 12100.00, 329000.00, 0.00, 0.00, 0.00, 0.00, 0.00, 0.00, 0.00, 0.00, 0.00, 0.00, 0.00, 0.00, 0.00, 0.00, 0.00, 0.00, 0.00, 0.00, 0.00, 0.00, 0.00, 0.00, 0.00, 0.00, 0.00, 0.00, 0.00, 0.00, 0.00, 0.00, 0.00, 0.00, 0.00, 0.00, 0.00, 'Ausente', '', 0.00),
(41, 28, '2003-10-22', 0.00, 0.00, 1300.00, 0.00, 0.77, 2.09, 21.80, 7.40, 6400.00, 163000.00, 134.00, 5.00, 0.00, 7.80, 0.00, 0.70, 7.74, 0.00, 0.00, 0.00, 0.00, 0.00, 146.50, 0.00, 0.00, 0.00, 0.00, 0.40, 0.40, 17.00, 77.00, 138.00, 273.00, 0.00, 0.00, 0.00, 0.00, 0.00, 0.00, 0.00, 0.00, 0.00, 0.00, 3.60, 3.00, 'Ausente', 'Amilasemia 108\nFerritina 979', 0.00),
(42, 27, '2003-11-03', 0.00, 0.00, 0.00, 58.00, 0.45, 1.56, 34.00, 12.00, 10200.00, 215000.00, 0.00, 0.00, 0.00, 10.20, 2.50, 1.27, 0.00, 0.00, 0.00, 0.00, 0.00, 0.00, 0.00, 0.00, 0.00, 0.00, 0.00, 0.00, 0.00, 0.00, 0.00, 0.00, 0.00, 0.00, 0.00, 0.00, 0.00, 0.00, 0.00, 0.00, 0.00, 0.00, 0.00, 0.00, 0.00, 'Ausente', '', 0.00),
(43, 21, '2003-11-11', 0.00, 0.00, 0.00, 0.00, 0.86, 1.44, 20.50, 6.80, 2900.00, 189000.00, 127.00, 5.20, 0.00, 0.00, 0.00, 0.84, 0.00, 3.00, 0.00, 0.00, 0.00, 0.00, 0.00, 0.00, 0.00, 0.00, 0.00, 0.00, 0.00, 0.00, 0.00, 0.00, 0.00, 0.00, 0.00, 0.00, 0.00, 0.00, 0.00, 0.00, 0.00, 0.00, 0.00, 0.00, 0.00, 'Ausente', '', 0.00),
(44, 18, '2003-11-27', 0.00, 0.00, 0.00, 0.00, 0.78, 2.20, 15.50, 5.30, 0.00, 0.00, 0.00, 0.00, 0.00, 0.00, 0.00, 0.00, 0.00, 0.00, 0.00, 0.00, 0.00, 0.00, 0.00, 0.00, 0.00, 0.00, 0.00, 0.00, 0.00, 0.00, 0.00, 0.00, 0.00, 0.00, 0.00, 0.00, 0.00, 0.00, 0.00, 0.00, 0.00, 0.00, 0.00, 0.00, 0.00, 'Ausente', '', 0.00),
(45, 24, '2003-12-01', 0.00, 0.00, 0.00, 0.00, 0.00, 1.96, 0.00, 0.00, 0.00, 0.00, 0.00, 0.00, 0.00, 0.00, 0.00, 0.00, 0.00, 0.00, 0.00, 0.00, 0.00, 0.00, 0.00, 0.00, 0.00, 0.00, 0.00, 0.00, 0.00, 0.00, 0.00, 0.00, 0.00, 0.00, 0.00, 0.00, 0.00, 0.00, 0.00, 0.00, 0.00, 0.00, 0.00, 0.00, 0.00, 'Ausente', 'Prot u neg', 0.00),
(46, 29, '2004-01-09', 0.00, 0.00, 0.00, 0.00, 0.00, 1.60, 0.00, 0.00, 4700.00, 0.00, 0.00, 0.00, 0.00, 0.00, 0.00, 0.00, 0.00, 0.00, 0.00, 0.00, 0.00, 0.00, 0.00, 0.00, 0.00, 0.00, 0.00, 0.00, 0.00, 0.00, 0.00, 0.00, 0.00, 0.00, 0.00, 0.00, 0.00, 0.00, 0.00, 0.00, 0.00, 0.00, 0.00, 0.00, 0.00, 'Ausente', 'Prot u neg', 0.00),
(47, 21, '2004-01-12', 0.00, 0.00, 0.00, 0.00, 0.69, 1.60, 21.80, 5.70, 2600.00, 211000.00, 139.00, 4.70, 0.00, 0.00, 0.00, 0.00, 0.00, 0.00, 0.00, 0.00, 0.00, 0.00, 0.00, 0.00, 5.30, 0.00, 0.00, 0.30, 0.20, 16.00, 10.00, 0.00, 0.00, 0.00, 0.00, 0.00, 0.00, 0.00, 0.00, 0.00, 0.00, 0.00, 0.00, 0.00, 0.00, 'Ausente', '', 0.00),
(48, 29, '2004-01-18', 0.00, 0.00, 0.00, 0.00, 0.00, 2.40, 0.00, 0.00, 0.00, 0.00, 0.00, 0.00, 0.00, 0.00, 0.00, 0.00, 0.00, 2.40, 0.00, 0.00, 0.00, 0.00, 0.00, 0.00, 0.00, 0.00, 0.00, 0.00, 0.00, 0.00, 0.00, 0.00, 0.00, 0.00, 0.00, 0.00, 0.00, 0.00, 0.00, 0.00, 0.00, 0.00, 0.00, 0.00, 0.00, 'Ausente', '', 0.00),
(49, 27, '2004-01-19', 190.00, 90.00, 2000.00, 59.50, 0.45, 1.71, 35.00, 12.00, 5600.00, 11000.00, 151.00, 4.00, 0.00, 10.00, 2.50, 1.07, 9.30, 0.00, 0.00, 0.00, 0.00, 0.00, 0.00, 0.00, 0.00, 0.00, 0.00, 0.60, 0.50, 48.00, 59.00, 65.00, 832.00, 0.00, 0.00, 0.00, 0.00, 0.00, 0.00, 0.00, 0.00, 0.00, 0.00, 0.00, 0.00, 'Ausente', '', 0.00),
(50, 29, '2004-01-28', 0.00, 0.00, 5350.00, 0.00, 0.48, 2.20, 0.00, 0.00, 0.00, 0.00, 0.00, 4.80, 0.00, 0.00, 0.00, 0.00, 0.00, 0.40, 0.00, 0.00, 0.00, 0.00, 0.00, 262.50, 0.00, 0.00, 0.00, 0.00, 0.00, 0.00, 0.00, 0.00, 0.00, 0.00, 0.00, 0.00, 0.00, 0.00, 0.00, 0.00, 0.00, 0.00, 0.00, 0.00, 0.00, 'Ausente', 'Prot u orina simple', 0.00),
(51, 21, '2004-03-01', 0.00, 0.00, 0.00, 0.00, 1.07, 2.40, 16.50, 6.00, 2700.00, 235000.00, 0.00, 0.00, 0.00, 0.00, 0.00, 0.81, 7.80, 13.50, 0.00, 0.00, 0.00, 0.00, 0.00, 0.00, 0.00, 0.00, 0.00, 0.30, 0.20, 11.00, 8.00, 0.00, 0.00, 0.00, 0.00, 0.00, 0.00, 0.00, 0.00, 0.00, 0.00, 0.00, 0.00, 0.00, 0.00, 'Ausente', 'Ingresa por S No Se realizan 5 PF', 0.00),
(52, 24, '2004-03-01', 0.00, 0.00, 0.00, 0.00, 0.00, 1.65, 0.00, 0.00, 0.00, 0.00, 0.00, 0.00, 0.00, 0.00, 0.00, 0.00, 0.00, 0.00, 0.00, 0.00, 0.00, 0.00, 0.00, 0.00, 0.00, 0.00, 0.00, 0.00, 0.00, 0.00, 0.00, 0.00, 0.00, 0.00, 0.00, 0.00, 0.00, 0.00, 0.00, 0.00, 0.00, 0.00, 0.00, 0.00, 0.00, 'Ausente', 'Prot u neg', 0.00),
(53, 14, '2004-03-08', 0.00, 0.00, 0.00, 0.00, 0.91, 1.77, 0.00, 0.00, 0.00, 0.00, 0.00, 0.00, 0.00, 0.00, 0.00, 0.00, 0.00, 0.00, 0.00, 0.00, 0.00, 0.00, 0.00, 0.00, 0.00, 0.00, 0.00, 0.00, 0.00, 0.00, 0.00, 0.00, 0.00, 0.00, 0.00, 0.00, 0.00, 0.00, 0.00, 0.00, 0.00, 0.00, 0.00, 0.00, 0.00, 'Ausente', '', 0.00),
(54, 21, '2004-04-16', 0.00, 0.00, 0.00, 0.00, 0.74, 1.90, 19.20, 6.60, 1500.00, 142000.00, 0.00, 0.00, 0.00, 0.00, 0.00, 0.00, 0.00, 0.00, 0.00, 0.00, 0.00, 0.00, 0.00, 0.00, 0.00, 0.00, 0.00, 0.00, 0.00, 12.00, 10.00, 0.00, 0.00, 0.00, 0.00, 0.00, 0.00, 0.00, 0.00, 0.00, 0.00, 0.00, 0.00, 0.00, 0.00, 'Ausente', '', 0.00),
(55, 27, '2004-05-06', 170.00, 90.00, 0.00, 56.00, 0.46, 1.57, 43.00, 14.00, 3340.00, 237000.00, 0.00, 0.00, 0.00, 0.00, 0.00, 1.27, 9.80, 0.00, 0.00, 0.00, 0.00, 0.00, 312.00, 0.00, 0.00, 0.00, 0.00, 0.30, 0.40, 28.00, 33.00, 48.00, 668.00, 0.00, 0.00, 0.00, 0.00, 272.00, 33.00, 156.00, 8.20, 414.00, 0.00, 4.30, 2.90, 'Ausente', '', 0.00),
(56, 14, '2004-05-10', 0.00, 0.00, 0.00, 0.00, 1.65, 6.70, 0.00, 0.00, 0.00, 0.00, 0.00, 5.30, 0.00, 0.00, 0.00, 1.12, 0.00, 0.00, 0.00, 0.00, 0.00, 0.00, 0.00, 0.00, 0.00, 0.00, 0.00, 0.00, 0.00, 0.00, 0.00, 0.00, 0.00, 0.00, 0.00, 0.00, 0.00, 0.00, 0.00, 0.00, 0.00, 0.00, 0.00, 0.00, 0.00, 'Ausente', 'pH 7.24\npCO2 26\npO2 93\nHCO3 13\nBE -15', 0.00),
(57, 21, '2004-05-10', 0.00, 0.00, 0.00, 0.00, 0.00, 2.56, 0.00, 0.00, 0.00, 0.00, 136.00, 3.20, 0.00, 0.00, 0.00, 0.00, 0.00, 0.00, 0.00, 0.00, 0.00, 0.00, 0.00, 0.00, 0.00, 0.00, 0.00, 0.00, 0.00, 0.00, 0.00, 0.00, 0.00, 0.00, 0.00, 0.00, 0.00, 0.00, 0.00, 0.00, 0.00, 0.00, 0.00, 0.00, 0.00, 'Ausente', '', 0.00),
(58, 14, '2004-05-12', 0.00, 0.00, 0.00, 0.00, 2.30, 9.60, 0.00, 0.00, 0.00, 0.00, 0.00, 0.00, 0.00, 0.00, 0.00, 0.00, 0.00, 0.00, 0.00, 0.00, 0.00, 0.00, 0.30, 0.00, 0.00, 0.00, 0.00, 0.00, 0.00, 0.00, 0.00, 0.00, 0.00, 0.00, 0.00, 0.00, 0.00, 0.00, 0.00, 0.00, 0.00, 0.00, 0.00, 0.00, 0.00, 'Ausente', 'CyA indetectable', 0.00),
(59, 33, '2004-05-12', 0.00, 0.00, 0.00, 0.00, 0.40, 1.25, 29.00, 9.60, 4600.00, 227000.00, 138.00, 3.30, 0.00, 0.00, 0.00, 0.00, 0.00, 0.10, 0.00, 0.00, 0.00, 0.00, 0.00, 0.00, 0.00, 0.00, 0.00, 0.00, 0.00, 0.00, 0.00, 0.00, 0.00, 0.00, 0.00, 0.00, 0.00, 0.00, 0.00, 0.00, 0.00, 0.00, 0.00, 0.00, 0.00, 'Ausente', '', 0.00),
(60, 7, '2004-06-04', 0.00, 0.00, 3700.00, 0.00, 0.58, 1.61, 0.00, 0.00, 0.00, 0.00, 135.00, 4.80, 95.00, 0.00, 0.00, 3.19, 0.00, 0.00, 66.00, 0.00, 0.00, 0.00, 169.00, 0.00, 0.00, 0.00, 0.00, 0.00, 0.00, 0.00, 0.00, 0.00, 0.00, 0.00, 0.00, 0.00, 0.00, 0.00, 0.00, 0.00, 0.00, 0.00, 0.00, 0.00, 0.00, 'Ausente', 'UC-', 0.00),
(61, 33, '2004-06-07', 0.00, 0.00, 0.00, 0.00, 0.40, 1.05, 31.00, 10.00, 6200.00, 330000.00, 0.00, 0.00, 0.00, 0.00, 0.00, 0.00, 0.00, 0.00, 0.00, 0.00, 0.00, 0.00, 348.00, 0.00, 0.00, 0.00, 0.00, 0.00, 0.00, 0.00, 0.00, 0.00, 0.00, 0.00, 0.00, 0.00, 0.00, 0.00, 0.00, 0.00, 0.00, 0.00, 0.00, 0.00, 0.00, 'Ausente', '', 0.00),
(62, 34, '2004-06-14', 0.00, 0.00, 0.00, 0.00, 0.37, 1.30, 34.00, 11.30, 11300.00, 200000.00, 137.00, 4.20, 0.00, 0.00, 0.00, 0.00, 0.00, 0.00, 0.00, 0.00, 0.00, 0.00, 0.00, 0.00, 0.00, 0.00, 0.00, 0.00, 0.00, 0.00, 0.00, 0.00, 0.00, 0.00, 0.00, 0.00, 0.00, 0.00, 0.00, 0.00, 0.00, 0.00, 0.00, 0.00, 0.00, 'Ausente', '', 0.00),
(63, 21, '2004-06-25', 0.00, 0.00, 0.00, 0.00, 2.10, 6.60, 15.00, 0.00, 2000.00, 0.00, 0.00, 0.00, 0.00, 0.00, 0.00, 0.00, 0.00, 2.20, 0.00, 0.00, 0.00, 0.00, 0.00, 0.00, 0.00, 0.00, 0.00, 0.00, 0.00, 0.00, 0.00, 0.00, 0.00, 0.00, 0.00, 0.00, 0.00, 0.00, 0.00, 0.00, 0.00, 0.00, 0.00, 2.00, 2.80, 'Ausente', 'gaso hipoxemia+acidosis metabolica\nSe inicia HD', 0.00),
(64, 33, '2004-07-01', 0.00, 0.00, 3620.00, 0.00, 0.26, 1.35, 35.00, 11.80, 7700.00, 361000.00, 142.00, 3.00, 0.00, 10.80, 2.10, 0.85, 5.11, 0.00, 0.00, 0.00, 0.00, 0.00, 0.00, 0.00, 0.00, 0.00, 0.00, 0.25, 0.50, 14.00, 13.00, 25.00, 275.00, 99.00, 36.00, 0.00, 0.00, 0.00, 0.00, 0.00, 0.00, 0.00, 0.00, 3.90, 2.20, 'Ausente', '', 0.00),
(65, 9, '2004-08-03', 140.00, 90.00, 2250.00, 0.00, 1.10, 2.16, 38.70, 12.60, 14000.00, 207000.00, 132.00, 4.40, 0.00, 0.00, 0.00, 2.60, 8.40, 0.00, 0.00, 0.00, 0.00, 0.00, 0.00, 0.00, 0.00, 0.00, 0.00, 0.00, 0.00, 0.00, 0.00, 0.00, 0.00, 0.00, 0.00, 0.00, 0.00, 0.00, 0.00, 0.00, 0.00, 0.00, 0.00, 0.00, 0.00, 'Ausente', '', 0.00),
(66, 27, '2004-08-06', 130.00, 70.00, 2000.00, 0.00, 0.46, 1.25, 42.70, 14.50, 6470.00, 191000.00, 0.00, 0.00, 0.00, 11.00, 3.30, 1.20, 8.80, 0.00, 43.00, 0.00, 0.00, 0.00, 238.00, 0.00, 0.00, 0.00, 0.00, 0.45, 0.60, 57.00, 67.00, 71.00, 578.00, 85.00, 31.00, 0.00, 0.00, 0.00, 0.00, 0.00, 0.00, 0.00, 0.00, 0.00, 0.00, 'Presente', '', 260.00),
(67, 32, '2004-08-20', 0.00, 0.00, 0.00, 0.00, 0.31, 1.40, 0.00, 0.00, 0.00, 0.00, 0.00, 0.00, 0.00, 0.00, 0.00, 0.00, 0.00, 0.00, 0.00, 0.00, 0.00, 0.00, 0.00, 0.00, 0.00, 0.00, 0.00, 0.00, 0.00, 0.00, 0.00, 0.00, 0.00, 0.00, 0.00, 0.00, 0.00, 0.00, 0.00, 0.00, 0.00, 0.00, 0.00, 0.00, 0.00, 'Ausente', '', 0.00),
(68, 9, '2004-08-24', 16.00, 9.00, 2250.00, 0.00, 2.50, 3.90, 38.70, 12.60, 17800.00, 207000.00, 132.00, 4.40, 0.00, 0.00, 0.00, 2.60, 8.40, 0.00, 26.00, 0.00, 0.00, 0.00, 0.00, 0.00, 0.00, 0.00, 0.00, 0.00, 0.00, 0.00, 0.00, 0.00, 0.00, 0.00, 0.00, 0.00, 0.00, 0.00, 0.00, 0.00, 0.00, 0.00, 0.00, 0.00, 0.00, 'Ausente', 'IAM no Q', 0.00),
(69, 9, '2004-08-27', 120.00, 80.00, 0.00, 0.00, 0.53, 2.30, 30.40, 10.00, 8800.00, 142000.00, 0.00, 0.00, 0.00, 0.00, 0.00, 1.67, 0.00, 0.00, 0.00, 0.00, 0.00, 0.00, 0.00, 0.00, 0.00, 0.00, 0.00, 0.00, 0.00, 0.00, 0.00, 0.00, 0.00, 0.00, 0.00, 0.00, 0.00, 0.00, 0.00, 0.00, 0.00, 0.00, 0.00, 0.00, 0.00, 'Ausente', '', 0.00),
(70, 33, '2004-09-02', 115.00, 70.00, 3000.00, 114.00, 0.34, 1.34, 29.30, 9.60, 8300.00, 408000.00, 139.00, 3.50, 0.00, 0.00, 0.00, 1.13, 3.60, 0.00, 0.00, 0.00, 0.00, 0.00, 49.70, 0.00, 0.00, 0.00, 0.00, 0.20, 0.30, 8.00, 9.00, 0.00, 0.00, 0.00, 35.00, 0.00, 0.00, 0.00, 0.00, 0.00, 0.00, 0.00, 0.00, 4.00, 2.00, 'Ausente', 'CyA muy baja', 0.00),
(71, 27, '2004-09-04', 170.00, 110.00, 2600.00, 0.00, 0.40, 0.96, 40.00, 14.00, 3750.00, 204000.00, 143.00, 4.50, 102.00, 9.50, 3.00, 0.00, 0.00, 0.00, 50.00, 0.00, 215.00, 68.00, 159.00, 0.00, 0.00, 0.00, 0.00, 0.20, 0.50, 23.00, 32.00, 0.00, 0.00, 0.00, 33.00, 0.00, 287.00, 0.00, 0.00, 0.00, 0.00, 0.00, 0.00, 4.30, 2.50, 'Presente', 'se aumenta IECA', 260.00),
(72, 33, '2004-09-16', 115.00, 70.00, 0.00, 114.00, 0.71, 2.03, 30.00, 9.50, 8700.00, 415000.00, 134.00, 3.40, 0.00, 11.00, 3.30, 0.82, 6.11, 0.80, 0.00, 0.00, 0.00, 0.00, 0.00, 0.00, 0.00, 0.00, 0.00, 0.26, 0.27, 10.00, 10.00, 27.00, 0.00, 75.00, 37.00, 0.00, 0.00, 0.00, 0.00, 0.00, 0.00, 0.00, 0.00, 4.00, 2.80, 'Ausente', 'Ingresa por IRA', 0.00),
(73, 38, '2004-10-09', 0.00, 0.00, 3200.00, 0.00, 0.34, 1.10, 25.40, 8.50, 5900.00, 250000.00, 0.00, 4.20, 0.00, 0.00, 0.00, 0.00, 0.00, 0.00, 0.00, 0.00, 0.00, 0.00, 0.00, 0.00, 0.00, 0.00, 0.00, 0.00, 0.00, 0.00, 0.00, 0.00, 0.00, 0.00, 0.00, 0.00, 0.00, 0.00, 0.00, 0.00, 0.00, 0.00, 0.00, 0.00, 0.00, 'Ausente', '', 0.00),
(74, 33, '2004-11-06', 130.00, 80.00, 0.00, 0.00, 0.45, 1.32, 32.00, 10.50, 9500.00, 241000.00, 138.00, 3.20, 0.00, 10.50, 3.00, 0.90, 0.00, 0.00, 0.00, 0.00, 0.00, 0.00, 0.00, 0.00, 0.00, 0.00, 0.00, 0.00, 0.00, 0.00, 0.00, 0.00, 0.00, 0.00, 0.00, 0.00, 0.00, 0.00, 0.00, 0.00, 0.00, 0.00, 0.00, 0.00, 0.00, 'Ausente', '', 0.00),
(75, 33, '2004-11-30', 0.00, 0.00, 0.00, 0.00, 0.42, 1.09, 36.00, 11.60, 10300.00, 236000.00, 139.00, 3.20, 0.00, 0.00, 0.00, 107.00, 5.80, 0.00, 0.00, 0.00, 0.00, 0.00, 0.00, 0.00, 0.00, 0.00, 0.00, 0.11, 0.40, 30.00, 15.00, 74.00, 170.00, 0.00, 0.00, 0.00, 0.00, 0.00, 63.00, 199.00, 3.10, 98.00, 0.00, 3.50, 2.70, 'Ausente', '', 0.00),
(76, 33, '2004-12-10', 0.00, 0.00, 0.00, 0.00, 0.80, 1.63, 36.00, 11.80, 12800.00, 278000.00, 138.00, 3.00, 0.00, 9.50, 3.50, 0.85, 9.00, 0.00, 0.00, 0.00, 0.00, 0.00, 405.00, 0.00, 0.00, 0.00, 0.00, 0.00, 0.00, 0.00, 0.00, 0.00, 0.00, 0.00, 0.00, 0.00, 0.00, 0.00, 0.00, 0.00, 0.00, 0.00, 0.00, 0.00, 0.00, 'Ausente', 'Expectoracion Neumococo', 0.00),
(77, 27, '2004-12-14', 130.00, 50.00, 2000.00, 0.00, 0.54, 1.17, 38.00, 13.00, 4190.00, 209000.00, 143.00, 4.80, 0.00, 10.50, 3.00, 1.07, 7.90, 0.00, 32.00, 0.00, 152.00, 38.00, 0.00, 0.00, 0.00, 0.00, 0.00, 0.20, 0.60, 4.00, 21.00, 20.00, 630.00, 90.00, 33.00, 0.00, 271.00, 203.00, 46.00, 109.00, 4.40, 240.00, 6.20, 4.70, 2.90, 'Presente', '', 260.00),
(78, 34, '2004-12-20', 0.00, 0.00, 2900.00, 0.00, 0.00, 1.55, 0.00, 0.00, 0.00, 0.00, 0.00, 0.00, 0.00, 0.00, 0.00, 0.00, 0.00, 0.00, 71.00, 0.00, 0.00, 0.00, 0.00, 0.00, 0.00, 0.00, 0.00, 0.00, 0.00, 0.00, 0.00, 0.00, 0.00, 0.00, 0.00, 0.00, 0.00, 0.00, 0.00, 0.00, 0.00, 0.00, 0.00, 0.00, 0.00, 'Ausente', 'Prot u negativa', 0.00),
(79, 9, '2004-12-28', 0.00, 0.00, 0.00, 0.00, 1.60, 4.97, 27.00, 0.00, 0.00, 0.00, 0.00, 0.00, 0.00, 0.00, 0.00, 0.00, 0.00, 0.00, 0.00, 0.00, 0.00, 0.00, 0.00, 0.00, 0.00, 0.00, 0.00, 0.00, 0.00, 0.00, 0.00, 0.00, 0.00, 0.00, 0.00, 0.00, 0.00, 0.00, 0.00, 0.00, 0.00, 0.00, 0.00, 0.00, 0.00, 'Ausente', 'Diarrea vomitos cultivos negativos', 0.00),
(80, 18, '2005-01-04', 0.00, 0.00, 0.00, 0.00, 0.46, 1.90, 0.00, 0.00, 6400.00, 0.00, 0.00, 0.00, 0.00, 0.00, 0.00, 0.00, 0.00, 0.00, 0.00, 0.00, 0.00, 0.00, 0.00, 0.00, 0.00, 0.00, 0.00, 0.00, 0.00, 0.00, 0.00, 0.00, 0.00, 0.00, 0.00, 0.00, 0.00, 0.00, 0.00, 0.00, 0.00, 0.00, 0.00, 0.00, 0.00, 'Ausente', '', 0.00),
(81, 9, '2005-01-06', 0.00, 0.00, 0.00, 0.00, 1.30, 3.70, 0.00, 0.00, 0.00, 0.00, 0.00, 3.60, 0.00, 0.00, 0.00, 0.00, 0.00, 0.00, 0.00, 0.00, 0.00, 0.00, 0.00, 0.00, 0.00, 0.00, 0.00, 0.00, 0.00, 0.00, 0.00, 0.00, 0.00, 0.00, 0.00, 0.00, 0.00, 0.00, 0.00, 0.00, 0.00, 0.00, 0.00, 0.00, 0.00, 'Ausente', 'Eftiazol+cipro', 0.00),
(82, 39, '2005-01-19', 0.00, 0.00, 0.00, 46.00, 102.00, 1.96, 17.50, 6.10, 0.00, 0.00, 0.00, 4.20, 0.00, 0.00, 0.00, 0.00, 0.00, 0.30, 0.00, 0.00, 0.00, 0.00, 0.00, 0.00, 0.00, 0.00, 0.00, 0.00, 0.00, 0.00, 0.00, 0.00, 0.00, 0.00, 0.00, 0.00, 0.00, 0.00, 0.00, 0.00, 0.00, 0.00, 0.00, 0.00, 0.00, 'Ausente', '', 0.00),
(83, 33, '2005-01-28', 0.00, 0.00, 0.00, 125.00, 0.35, 1.23, 39.00, 12.50, 9000.00, 249000.00, 144.00, 2.20, 0.00, 10.50, 3.20, 0.80, 6.25, 0.31, 0.00, 0.00, 0.00, 0.00, 170.00, 0.00, 0.00, 0.00, 0.00, 0.22, 0.50, 26.00, 29.00, 83.00, 308.00, 0.00, 0.00, 0.00, 0.00, 0.00, 0.00, 0.00, 0.00, 0.00, 0.00, 4.20, 2.30, 'Ausente', 'Se suspende Viosterol por HiperCa', 0.00),
(84, 40, '2005-03-04', 180.00, 80.00, 0.00, 0.00, 0.63, 5.30, 29.40, 9.70, 0.00, 0.00, 0.00, 0.00, 0.00, 0.00, 0.00, 0.00, 0.00, 0.00, 0.00, 0.00, 0.00, 0.00, 0.00, 0.00, 0.00, 0.00, 0.00, 0.00, 0.00, 0.00, 0.00, 0.00, 0.00, 0.00, 0.00, 0.00, 0.00, 0.00, 0.00, 0.00, 0.00, 0.00, 0.00, 0.00, 0.00, 'Ausente', '', 0.00),
(85, 39, '2005-03-05', 215.00, 105.00, 0.00, 45.00, 0.79, 2.23, 22.80, 7.30, 8250.00, 149000.00, 137.00, 4.20, 0.00, 9.90, 3.80, 0.80, 6.80, 1.50, 0.00, 0.00, 0.00, 0.00, 0.00, 0.00, 0.00, 0.00, 0.00, 0.10, 0.20, 10.00, 14.00, 41.00, 0.00, 87.00, 39.00, 0.00, 339.00, 0.00, 0.00, 0.00, 0.00, 0.00, 0.00, 0.00, 0.00, 'Ausente', '', 0.00),
(86, 40, '2005-03-08', 150.00, 80.00, 2520.00, 0.00, 1.47, 4.60, 22.10, 7.70, 0.00, 0.00, 0.00, 0.00, 0.00, 0.00, 0.00, 0.00, 0.00, 0.00, 0.00, 0.00, 0.00, 0.00, 0.00, 326.00, 0.00, 0.00, 0.00, 0.00, 0.00, 0.00, 0.00, 0.00, 0.00, 0.00, 0.00, 0.00, 0.00, 0.00, 0.00, 0.00, 0.00, 0.00, 0.00, 0.00, 0.00, 'Ausente', '', 0.00),
(87, 33, '2005-03-10', 0.00, 0.00, 0.00, 0.00, 0.70, 2.17, 38.00, 12.70, 9700.00, 298000.00, 145.00, 3.50, 0.00, 10.60, 0.00, 0.82, 7.70, 0.00, 0.00, 0.00, 0.00, 0.00, 142.00, 0.00, 0.00, 0.00, 0.00, 0.00, 0.00, 0.00, 0.00, 0.00, 0.00, 0.00, 0.00, 0.00, 0.00, 0.00, 0.00, 0.00, 0.00, 0.00, 0.00, 0.00, 0.00, 'Ausente', '', 0.00),
(88, 9, '2005-03-11', 0.00, 0.00, 1250.00, 0.00, 0.00, 0.00, 0.00, 0.00, 0.00, 0.00, 0.00, 0.00, 0.00, 0.00, 0.00, 0.00, 0.00, 0.30, 12.00, 0.00, 0.00, 0.00, 0.00, 0.00, 0.00, 0.00, 0.00, 0.00, 0.00, 0.00, 0.00, 0.00, 0.00, 0.00, 0.00, 0.00, 0.00, 0.00, 0.00, 0.00, 0.00, 0.00, 0.00, 0.00, 0.00, 'Ausente', '', 0.00),
(89, 7, '2005-03-28', 0.00, 0.00, 0.00, 0.00, 0.76, 2.29, 32.50, 10.00, 12400.00, 548000.00, 133.00, 4.90, 0.00, 10.00, 0.00, 0.00, 8.10, 0.25, 0.00, 0.00, 0.00, 0.00, 0.00, 0.00, 0.00, 0.00, 0.00, 0.13, 0.14, 8.00, 5.00, 20.00, 0.00, 0.00, 0.00, 0.00, 0.00, 0.00, 0.00, 0.00, 0.00, 0.00, 0.00, 3.72, 2.70, 'Ausente', 'Ingresa por pielonefritis', 0.00),
(90, 33, '2005-04-14', 0.00, 0.00, 2700.00, 0.00, 1.22, 2.73, 39.00, 13.00, 11300.00, 269000.00, 143.00, 3.00, 0.00, 0.00, 0.00, 0.90, 8.80, 0.54, 44.00, 0.00, 0.00, 0.00, 174.00, 0.00, 0.00, 0.00, 0.00, 0.13, 0.23, 20.00, 22.00, 0.00, 0.00, 0.00, 34.00, 0.00, 0.00, 0.00, 0.00, 0.00, 0.00, 0.00, 0.00, 0.00, 0.00, 'Ausente', 'C Urea 22', 0.00),
(91, 22, '2005-04-22', 0.00, 0.00, 0.00, 0.00, 0.00, 2.70, 0.00, 0.00, 0.00, 0.00, 0.00, 4.50, 0.00, 0.00, 0.00, 0.00, 0.00, 0.00, 0.00, 0.00, 0.00, 0.00, 0.00, 0.00, 0.00, 0.00, 0.00, 0.00, 0.00, 0.00, 0.00, 0.00, 0.00, 0.00, 0.00, 0.00, 0.00, 0.00, 0.00, 0.00, 0.00, 0.00, 0.00, 0.00, 0.00, 'Ausente', 'Ingresa con diarrea, deshidratación', 0.00),
(92, 22, '2005-04-28', 0.00, 0.00, 0.00, 0.00, 1.39, 1.80, 35.00, 11.30, 5100.00, 0.00, 138.00, 4.10, 0.00, 0.00, 0.00, 0.00, 0.00, 0.00, 0.00, 0.00, 0.00, 0.00, 150.00, 0.00, 0.00, 0.00, 0.00, 0.00, 0.00, 0.00, 0.00, 0.00, 0.00, 0.00, 0.00, 0.00, 0.00, 0.00, 0.00, 0.00, 0.00, 0.00, 0.00, 0.00, 0.00, 'Ausente', '', 0.00),
(93, 43, '2005-05-05', 0.00, 0.00, 0.00, 0.00, 0.29, 1.15, 29.30, 8.70, 5000.00, 221000.00, 138.00, 4.00, 0.00, 8.80, 0.00, 0.85, 0.00, 0.00, 0.00, 0.00, 0.00, 0.00, 0.00, 0.00, 0.00, 0.00, 0.00, 0.00, 0.00, 0.00, 0.00, 0.00, 0.00, 0.00, 0.00, 0.00, 0.00, 0.00, 0.00, 0.00, 0.00, 0.00, 0.00, 0.00, 0.00, 'Ausente', '', 0.00),
(94, 47, '2005-05-19', 0.00, 0.00, 4600.00, 0.00, 0.29, 1.09, 16.00, 5.60, 0.00, 0.00, 0.00, 0.00, 0.00, 0.00, 0.00, 0.00, 0.00, 0.28, 34.00, 0.00, 0.00, 0.00, 114.00, 0.00, 0.00, 0.00, 0.00, 0.00, 0.00, 0.00, 0.00, 0.00, 0.00, 0.00, 0.00, 0.00, 0.00, 0.00, 0.00, 0.00, 0.00, 0.00, 0.00, 0.00, 0.00, 'Ausente', '', 0.00),
(95, 33, '2005-05-23', 0.00, 0.00, 3440.00, 0.00, 0.95, 2.70, 31.90, 10.20, 8000.00, 292000.00, 141.00, 3.10, 0.00, 0.00, 0.00, 0.00, 0.00, 0.00, 38.00, 0.00, 0.00, 0.00, 0.00, 0.00, 0.00, 0.00, 0.00, 0.00, 0.00, 0.00, 0.00, 0.00, 0.00, 0.00, 0.00, 0.00, 0.00, 0.00, 0.00, 0.00, 0.00, 0.00, 0.00, 0.00, 0.00, 'Ausente', 'Internada por N Aguda, ingresa luego a HE por IRA', 0.00),
(96, 40, '2005-05-23', 170.00, 90.00, 4500.00, 79.50, 0.52, 1.59, 30.20, 9.80, 6740.00, 312000.00, 133.00, 3.80, 0.00, 10.15, 2.59, 1.18, 6.40, 0.00, 65.00, 0.00, 171.00, 34.20, 199.00, 0.00, 0.00, 0.00, 0.00, 0.23, 0.59, 17.00, 13.60, 0.00, 0.00, 0.00, 30.30, 0.00, 0.00, 0.00, 0.00, 0.00, 0.00, 0.00, 0.00, 0.00, 0.00, 'Ausente', '', 0.00),
(97, 47, '2005-06-05', 0.00, 0.00, 0.00, 0.00, 0.00, 1.87, 23.00, 7.20, 6800.00, 0.00, 0.00, 0.00, 0.00, 0.00, 0.00, 0.00, 0.00, 0.00, 0.00, 0.00, 0.00, 0.00, 107.00, 0.00, 0.00, 0.00, 0.00, 0.00, 0.00, 0.00, 0.00, 0.00, 0.00, 0.00, 0.00, 0.00, 0.00, 0.00, 0.00, 0.00, 0.00, 0.00, 0.00, 0.00, 0.00, 'Ausente', 'PBR RA', 0.00),
(98, 40, '2005-06-13', 140.00, 70.00, 2500.00, 79.00, 0.29, 1.43, 38.00, 13.00, 4600.00, 245000.00, 133.00, 3.50, 0.00, 12.00, 2.60, 0.99, 6.00, 0.00, 66.00, 0.00, 0.00, 0.00, 199.00, 0.00, 0.00, 0.00, 0.00, 0.30, 0.60, 22.00, 14.00, 0.00, 0.00, 0.00, 31.00, 0.00, 329.00, 0.00, 0.00, 0.00, 0.00, 0.00, 0.00, 4.80, 3.20, 'Ausente', ' herida curada se susp curaciones', 0.00),
(99, 27, '2005-06-23', 150.00, 80.00, 3000.00, 0.00, 0.30, 1.15, 40.00, 13.80, 5700.00, 185000.00, 138.00, 4.30, 0.00, 11.10, 3.70, 0.99, 5.80, 0.00, 46.00, 0.00, 114.00, 34.00, 131.00, 0.00, 0.00, 0.00, 0.00, 0.20, 0.50, 23.00, 19.00, 31.00, 443.00, 99.00, 30.00, 0.00, 278.00, 0.00, 0.00, 0.00, 0.00, 0.00, 0.00, 4.60, 2.90, 'Ausente', '', 0.00),
(100, 44, '2005-06-25', 0.00, 0.00, 1500.00, 0.00, 0.47, 1.55, 20.70, 7.00, 8200.00, 0.00, 0.00, 0.00, 0.00, 0.00, 0.00, 0.00, 0.00, 0.00, 0.00, 0.00, 0.00, 0.00, 0.00, 0.00, 0.00, 0.00, 0.00, 0.00, 0.00, 0.00, 0.00, 0.00, 0.00, 0.00, 0.00, 0.00, 0.00, 0.00, 0.00, 0.00, 0.00, 0.00, 0.00, 0.00, 0.00, 'Ausente', '', 0.00),
(101, 33, '2005-06-26', 0.00, 0.00, 0.00, 0.00, 0.00, 5.50, 0.00, 0.00, 0.00, 0.00, 0.00, 0.00, 0.00, 0.00, 0.00, 0.00, 0.00, 0.00, 0.00, 0.00, 0.00, 0.00, 0.00, 0.00, 0.00, 0.00, 0.00, 0.00, 0.00, 0.00, 0.00, 0.00, 0.00, 0.00, 0.00, 0.00, 0.00, 0.00, 0.00, 0.00, 0.00, 0.00, 0.00, 0.00, 0.00, 'Ausente', 'Se inicia MP+OKT3', 0.00),
(102, 47, '2005-06-29', 0.00, 0.00, 0.00, 0.00, 0.36, 1.07, 25.00, 8.40, 9800.00, 183000.00, 0.00, 0.00, 0.00, 0.00, 0.00, 0.00, 0.00, 0.00, 0.00, 0.00, 0.00, 0.00, 0.00, 0.00, 0.00, 0.00, 0.00, 0.00, 0.00, 0.00, 0.00, 0.00, 0.00, 0.00, 0.00, 0.00, 0.00, 0.00, 0.00, 0.00, 0.00, 0.00, 0.00, 0.00, 0.00, 'Ausente', '', 0.00),
(103, 9, '2005-07-08', 0.00, 0.00, 0.00, 0.00, 1.09, 3.26, 31.90, 10.30, 10500.00, 232000.00, 136.00, 3.30, 0.00, 7.70, 3.00, 1.29, 6.80, 0.20, 0.00, 0.00, 0.00, 0.00, 0.00, 0.00, 0.00, 0.00, 0.00, 0.00, 0.00, 0.00, 0.00, 0.00, 0.00, 0.00, 0.00, 0.00, 0.00, 0.00, 0.00, 0.00, 0.00, 0.00, 0.00, 0.00, 0.00, 'Ausente', '', 0.00),
(104, 33, '2005-07-15', 0.00, 0.00, 3400.00, 0.00, 2.51, 4.90, 18.50, 0.00, 5700.00, 186000.00, 140.00, 3.00, 0.00, 0.00, 0.00, 0.00, 0.00, 0.75, 16.00, 0.00, 0.00, 0.00, 91.00, 0.00, 0.00, 0.00, 0.00, 0.00, 0.00, 0.00, 0.00, 0.00, 0.00, 0.00, 0.00, 0.00, 0.00, 0.00, 0.00, 0.00, 0.00, 0.00, 0.00, 0.00, 0.00, 'Ausente', '1/8/05 reingresa a plan HDC', 0.00),
(105, 39, '2005-07-19', 130.00, 80.00, 2400.00, 47.00, 0.96, 1.38, 25.00, 8.20, 0.00, 0.00, 134.00, 4.10, 0.00, 0.00, 4.70, 0.80, 4.80, 0.10, 0.00, 0.00, 0.00, 0.00, 0.00, 0.00, 0.00, 0.00, 0.00, 0.00, 0.00, 0.00, 0.00, 0.00, 0.00, 0.00, 0.00, 0.00, 0.00, 0.00, 0.00, 0.00, 0.00, 0.00, 0.00, 0.00, 0.00, 'Ausente', '', 0.00),
(106, 40, '2005-08-15', 170.00, 80.00, 4800.00, 79.00, 0.40, 1.20, 41.60, 12.60, 10500.00, 255000.00, 142.00, 3.70, 0.00, 10.30, 3.40, 1.31, 5.50, 0.00, 134.00, 0.00, 0.00, 0.00, 247.00, 0.00, 0.00, 0.00, 0.00, 0.40, 0.45, 17.00, 16.00, 41.00, 488.00, 0.00, 0.00, 0.00, 0.00, 0.00, 0.00, 0.00, 0.00, 0.00, 0.00, 4.60, 3.00, 'Ausente', '', 0.00),
(107, 47, '2005-09-01', 0.00, 0.00, 0.00, 0.00, 0.00, 1.44, 0.00, 0.00, 0.00, 0.00, 0.00, 0.00, 0.00, 0.00, 0.00, 0.00, 0.00, 0.00, 0.00, 0.00, 0.00, 0.00, 0.00, 0.00, 0.00, 0.00, 0.00, 0.00, 0.00, 0.00, 0.00, 0.00, 0.00, 0.00, 0.00, 0.00, 0.00, 0.00, 0.00, 0.00, 0.00, 0.00, 0.00, 0.00, 0.00, 'Ausente', '', 0.00),
(108, 39, '2005-09-09', 0.00, 0.00, 0.00, 0.00, 1.27, 3.25, 23.40, 7.80, 9080.00, 153000.00, 131.00, 4.20, 0.00, 9.60, 4.30, 0.89, 7.70, 0.00, 0.00, 0.00, 0.00, 0.00, 105.00, 0.00, 0.00, 0.00, 0.00, 0.10, 0.30, 10.00, 7.00, 22.00, 146.00, 0.00, 0.00, 0.00, 0.00, 0.00, 0.00, 0.00, 0.00, 0.00, 0.00, 0.00, 0.00, 'Ausente', '', 0.00),
(109, 39, '2005-10-03', 158.00, 100.00, 5000.00, 48.00, 1.11, 2.15, 21.00, 6.70, 10200.00, 154000.00, 137.00, 4.10, 0.00, 8.30, 3.80, 0.71, 6.90, 1.00, 59.00, 0.00, 0.00, 0.00, 0.00, 0.00, 0.00, 0.00, 0.00, 0.10, 0.30, 26.00, 155.00, 0.00, 0.00, 0.00, 0.00, 0.00, 247.00, 0.00, 0.00, 0.00, 0.00, 0.00, 0.00, 0.00, 0.00, 'Ausente', '', 0.00),
(110, 9, '2005-11-07', 0.00, 0.00, 0.00, 0.00, 1.16, 4.00, 27.00, 8.50, 10300.00, 187000.00, 0.00, 0.00, 0.00, 0.00, 0.00, 0.00, 0.00, 0.00, 0.00, 0.00, 0.00, 0.00, 0.00, 0.00, 0.00, 0.00, 0.00, 0.00, 0.00, 0.00, 0.00, 0.00, 0.00, 0.00, 0.00, 0.00, 0.00, 0.00, 0.00, 0.00, 0.00, 0.00, 0.00, 0.00, 0.00, 'Ausente', 'TAC calcific pancreaticas\nSin CyA PV en ultimos controles', 0.00),
(111, 25, '2005-11-28', 0.00, 0.00, 0.00, 0.00, 0.00, 1.78, 0.00, 0.00, 0.00, 0.00, 0.00, 0.00, 0.00, 0.00, 0.00, 0.00, 0.00, 2.60, 0.00, 0.00, 0.00, 0.00, 0.00, 0.00, 0.00, 0.00, 0.00, 0.00, 0.00, 0.00, 0.00, 0.00, 0.00, 0.00, 0.00, 0.00, 0.00, 0.00, 0.00, 0.00, 0.00, 0.00, 0.00, 0.00, 0.00, 'Ausente', '', 0.00),
(112, 27, '2005-11-28', 150.00, 80.00, 3100.00, 0.00, 0.37, 1.12, 45.00, 15.50, 6090.00, 195000.00, 144.00, 3.60, 0.00, 10.50, 7.00, 1.31, 7.40, 0.00, 46.00, 0.00, 155.00, 31.00, 111.00, 0.00, 0.00, 0.00, 0.00, 0.00, 0.00, 0.00, 0.00, 0.00, 0.00, 0.00, 33.00, 0.00, 0.00, 0.00, 0.00, 0.00, 0.00, 0.00, 0.00, 0.00, 0.00, 'Ausente', 'Ecocardio HVI severa', 0.00),
(113, 41, '2005-11-28', 0.00, 0.00, 0.00, 0.00, 0.74, 1.60, 38.20, 12.70, 11500.00, 251000.00, 136.00, 3.60, 0.00, 0.00, 0.00, 0.00, 0.00, 0.00, 0.00, 0.00, 0.00, 0.00, 0.00, 0.00, 0.00, 0.00, 0.00, 0.00, 0.00, 0.00, 0.00, 0.00, 0.00, 0.00, 0.00, 0.00, 0.00, 0.00, 0.00, 0.00, 0.00, 0.00, 0.00, 0.00, 0.00, 'Ausente', '', 0.00),
(114, 47, '2005-12-01', 0.00, 0.00, 0.00, 0.00, 0.40, 2.16, 0.00, 0.00, 7600.00, 0.00, 0.00, 4.00, 0.00, 0.00, 0.00, 0.00, 0.00, 0.00, 0.00, 0.00, 0.00, 0.00, 221.00, 0.00, 0.00, 0.00, 0.00, 0.00, 0.00, 0.00, 0.00, 0.00, 0.00, 0.00, 0.00, 0.00, 0.00, 0.00, 0.00, 0.00, 0.00, 0.00, 0.00, 0.00, 0.00, 'Ausente', 'Deshidratacion, vomitos, diarrea', 0.00),
(115, 25, '2005-12-05', 0.00, 0.00, 2800.00, 0.00, 0.41, 1.30, 38.50, 12.70, 7700.00, 331000.00, 0.00, 0.00, 0.00, 0.00, 0.00, 0.00, 0.00, 0.00, 0.00, 0.00, 0.00, 0.00, 0.00, 0.00, 0.00, 0.00, 0.00, 0.00, 0.00, 0.00, 0.00, 0.00, 0.00, 0.00, 0.00, 0.00, 0.00, 0.00, 0.00, 0.00, 0.00, 0.00, 0.00, 0.00, 0.00, 'Ausente', '', 0.00),
(116, 39, '2005-12-05', 120.00, 70.00, 3000.00, 0.00, 0.80, 2.18, 23.00, 7.70, 6500.00, 156000.00, 139.00, 4.50, 0.00, 7.70, 4.60, 0.70, 5.80, 0.10, 66.00, 0.00, 0.00, 0.00, 0.00, 0.00, 0.00, 0.00, 0.00, 0.00, 0.00, 12.00, 7.00, 0.00, 93.00, 0.00, 0.00, 0.00, 0.00, 0.00, 0.00, 0.00, 0.00, 0.00, 0.00, 0.00, 0.00, 'Ausente', '', 0.00),
(117, 55, '2005-12-24', 0.00, 0.00, 0.00, 0.00, 0.26, 1.10, 23.00, 7.30, 5300.00, 0.00, 129.00, 3.90, 0.00, 8.60, 0.00, 0.00, 0.00, 0.00, 0.00, 0.00, 0.00, 0.00, 0.00, 0.00, 0.00, 0.00, 0.00, 0.00, 0.00, 0.00, 0.00, 0.00, 0.00, 94.00, 30.00, 0.00, 250.00, 0.00, 0.00, 0.00, 0.00, 0.00, 0.00, 0.00, 0.00, 'Ausente', '', 0.00),
(118, 41, '2005-12-29', 110.00, 70.00, 0.00, 0.00, 0.00, 1.96, 0.00, 0.00, 0.00, 0.00, 129.00, 3.50, 0.00, 0.00, 0.00, 0.00, 0.00, 0.00, 0.00, 0.00, 0.00, 0.00, 0.00, 0.00, 0.00, 0.00, 0.00, 0.00, 0.00, 0.00, 0.00, 0.00, 0.00, 0.00, 0.00, 0.00, 0.00, 0.00, 0.00, 0.00, 0.00, 0.00, 0.00, 0.00, 0.00, 'Ausente', 'cursando diarrea en apirexia', 0.00),
(119, 40, '2005-12-30', 0.00, 0.00, 0.00, 0.00, 0.00, 0.00, 0.00, 0.00, 0.00, 0.00, 0.00, 0.00, 0.00, 0.00, 0.00, 0.00, 0.00, 0.00, 0.00, 0.00, 0.00, 0.00, 0.00, 0.00, 0.00, 0.00, 0.00, 0.00, 0.00, 0.00, 0.00, 0.00, 0.00, 0.00, 0.00, 0.00, 0.00, 0.00, 0.00, 0.00, 0.00, 0.00, 0.00, 0.00, 0.00, 'Ausente', 'Ecodoppler art renales: normal', 0.00),
(120, 41, '2006-01-04', 0.00, 0.00, 0.00, 0.00, 0.00, 2.06, 0.00, 0.00, 0.00, 0.00, 0.00, 0.00, 0.00, 0.00, 0.00, 0.00, 0.00, 0.00, 0.00, 0.00, 0.00, 0.00, 0.00, 0.00, 25.30, 0.00, 0.00, 0.00, 0.00, 0.00, 0.00, 0.00, 0.00, 0.00, 0.00, 0.00, 0.00, 0.00, 0.00, 0.00, 0.00, 0.00, 0.00, 0.00, 0.00, 'Ausente', 'Tx por FK', 0.00),
(121, 41, '2006-01-13', 0.00, 0.00, 0.00, 0.00, 0.00, 1.70, 0.00, 10.80, 7800.00, 211000.00, 134.00, 3.30, 0.00, 0.00, 0.00, 0.00, 0.00, 0.00, 0.00, 0.00, 0.00, 0.00, 0.00, 0.00, 9.00, 0.00, 0.00, 0.00, 0.00, 0.00, 0.00, 0.00, 0.00, 0.00, 0.00, 0.00, 0.00, 0.00, 0.00, 0.00, 0.00, 0.00, 0.00, 0.00, 0.00, 'Ausente', 'UC esteril', 0.00),
(122, 38, '2006-01-19', 0.00, 0.00, 0.00, 0.00, 0.00, 5.90, 33.00, 10.40, 12200.00, 237000.00, 0.00, 0.00, 0.00, 0.00, 0.00, 0.00, 0.00, 0.00, 0.00, 0.00, 0.00, 0.00, 0.00, 0.00, 0.00, 0.00, 0.00, 0.00, 0.00, 0.00, 0.00, 0.00, 0.00, 0.00, 0.00, 0.00, 0.00, 0.00, 0.00, 0.00, 0.00, 0.00, 0.00, 0.00, 0.00, 'Ausente', 'IRA por enterocolitis deshidratación', 0.00),
(123, 40, '2006-02-14', 0.00, 0.00, 4100.00, 0.00, 0.35, 1.15, 39.00, 12.30, 4800.00, 205000.00, 142.00, 3.90, 0.00, 10.30, 3.34, 0.90, 5.30, 0.00, 114.00, 0.00, 0.00, 0.00, 0.00, 0.00, 0.00, 0.00, 0.00, 0.30, 0.70, 20.00, 22.00, 59.00, 467.00, 92.00, 34.00, 0.00, 339.00, 278.00, 70.00, 105.00, 2.80, 174.00, 0.00, 4.40, 3.10, 'Ausente', '', 0.00),
(124, 25, '2006-02-26', 0.00, 0.00, 0.00, 0.00, 0.00, 1.80, 0.00, 0.00, 0.00, 0.00, 0.00, 0.00, 0.00, 0.00, 0.00, 0.00, 0.00, 0.00, 0.00, 0.00, 0.00, 0.00, 0.00, 0.00, 23.00, 0.00, 0.00, 0.00, 0.00, 0.00, 0.00, 0.00, 0.00, 0.00, 0.00, 0.00, 0.00, 0.00, 0.00, 0.00, 0.00, 0.00, 0.00, 0.00, 0.00, 'Ausente', '', 0.00),
(125, 22, '2006-03-02', 0.00, 0.00, 0.00, 0.00, 1.35, 3.90, 22.40, 7.40, 9100.00, 63000.00, 0.00, 5.50, 0.00, 0.00, 0.00, 0.00, 0.00, 0.00, 0.00, 0.00, 0.00, 0.00, 0.00, 0.00, 0.00, 0.00, 0.00, 0.00, 0.00, 0.00, 0.00, 0.00, 0.00, 0.00, 0.00, 0.00, 0.00, 0.00, 0.00, 0.00, 0.00, 0.00, 0.00, 0.00, 0.00, 'Ausente', 'IRA, IU, HC + E Coli+ Plaquetopenia Transf 232, sid 27, sat 12%', 0.00),
(126, 7, '2006-03-10', 0.00, 0.00, 0.00, 0.00, 1.55, 1.29, 29.30, 0.00, 7800.00, 440000.00, 0.00, 0.00, 0.00, 0.00, 0.00, 0.00, 0.00, 0.00, 64.00, 0.00, 0.00, 0.00, 113.00, 0.00, 0.00, 0.00, 0.00, 0.00, 0.00, 0.00, 0.00, 0.00, 0.00, 0.00, 0.00, 0.00, 0.00, 0.00, 0.00, 0.00, 0.00, 0.00, 0.00, 3.36, 3.00, 'Ausente', 'VES 62\nC3, C4 N', 0.00),
(127, 22, '2006-03-20', 0.00, 0.00, 0.00, 0.00, 104.00, 1.96, 21.30, 6.90, 4200.00, 249000.00, 137.00, 3.80, 0.00, 0.00, 0.00, 0.00, 0.00, 0.00, 0.00, 0.00, 0.00, 0.00, 0.00, 0.00, 0.00, 0.00, 0.00, 0.00, 0.00, 0.00, 0.00, 0.00, 0.00, 0.00, 0.00, 0.00, 0.00, 0.00, 0.00, 0.00, 0.00, 0.00, 0.00, 0.00, 0.00, 'Ausente', '', 0.00),
(128, 59, '2006-03-24', 0.00, 0.00, 0.00, 0.00, 0.51, 1.70, 23.30, 8.00, 9000.00, 153000.00, 135.00, 4.20, 0.00, 0.00, 0.00, 0.00, 0.00, 0.00, 0.00, 0.00, 0.00, 0.00, 0.00, 0.00, 0.00, 0.00, 0.00, 0.00, 0.00, 0.00, 0.00, 0.00, 0.00, 0.00, 0.00, 0.00, 0.00, 0.00, 0.00, 0.00, 0.00, 0.00, 0.00, 0.00, 0.00, 'Ausente', '', 0.00),
(129, 39, '2006-03-27', 110.00, 60.00, 3000.00, 44.50, 0.63, 2.14, 22.80, 7.70, 6000.00, 156000.00, 134.00, 3.00, 0.00, 9.50, 4.50, 0.00, 6.00, 0.10, 0.00, 0.00, 0.00, 0.00, 0.00, 0.00, 5.90, 0.00, 0.00, 0.03, 0.25, 8.00, 8.00, 0.00, 83.00, 0.00, 0.00, 0.00, 0.00, 0.00, 0.00, 0.00, 0.00, 0.00, 0.00, 0.00, 0.00, 'Ausente', '', 0.00),
(130, 38, '2006-03-28', 0.00, 0.00, 0.00, 0.00, 0.96, 2.17, 32.10, 0.00, 6800.00, 286000.00, 0.00, 0.00, 0.00, 0.00, 0.00, 0.00, 0.00, 0.00, 0.00, 0.00, 0.00, 0.00, 332.00, 0.00, 0.00, 0.00, 0.00, 0.00, 0.00, 0.00, 0.00, 0.00, 0.00, 93.00, 30.00, 0.00, 435.00, 0.00, 0.00, 0.00, 0.00, 0.00, 0.00, 0.00, 0.00, 'Ausente', '', 0.00),
(131, 38, '2006-03-31', 0.00, 0.00, 0.00, 0.00, 0.70, 1.76, 27.20, 9.30, 6400.00, 193000.00, 128.00, 4.30, 0.00, 0.00, 0.00, 0.00, 0.00, 0.00, 0.00, 0.00, 0.00, 0.00, 175.00, 0.00, 0.00, 0.00, 0.00, 0.00, 0.00, 0.00, 0.00, 0.00, 0.00, 0.00, 0.00, 0.00, 0.00, 0.00, 0.00, 0.00, 0.00, 0.00, 0.00, 0.00, 0.00, 'Ausente', '', 0.00),
(132, 59, '2006-04-10', 0.00, 0.00, 0.00, 0.00, 0.57, 1.82, 32.80, 11.20, 2900.00, 117000.00, 142.00, 4.00, 0.00, 0.00, 0.00, 0.00, 0.00, 5.70, 0.00, 0.00, 0.00, 0.00, 150.00, 0.00, 0.00, 0.00, 0.00, 0.00, 0.00, 0.00, 0.00, 0.00, 0.00, 93.00, 34.00, 0.00, 488.00, 0.00, 0.00, 0.00, 0.00, 0.00, 0.00, 0.00, 0.00, 'Ausente', '', 0.00),
(133, 24, '2006-05-01', 0.00, 0.00, 0.00, 0.00, 0.00, 1.98, 0.00, 0.00, 0.00, 0.00, 0.00, 0.00, 0.00, 0.00, 0.00, 0.00, 0.00, 0.00, 0.00, 0.00, 0.00, 0.00, 0.00, 0.00, 0.00, 0.00, 0.00, 0.00, 0.00, 0.00, 0.00, 0.00, 0.00, 0.00, 0.00, 0.00, 0.00, 0.00, 0.00, 0.00, 0.00, 0.00, 0.00, 0.00, 0.00, 'Ausente', 'Prot u neg\nAc preformados por CTF donante especifico positivo', 0.00),
(134, 60, '2006-05-03', 0.00, 0.00, 0.00, 0.00, 1.04, 2.40, 23.40, 7.90, 10500.00, 316000.00, 134.00, 5.00, 0.00, 7.50, 0.00, 0.70, 0.00, 0.00, 0.00, 0.00, 0.00, 0.00, 0.00, 0.00, 0.00, 0.00, 0.00, 0.00, 0.00, 0.00, 0.00, 0.00, 0.00, 0.00, 0.00, 0.00, 0.00, 0.00, 0.00, 0.00, 0.00, 0.00, 0.00, 0.00, 0.00, 'Ausente', '', 0.00),
(135, 59, '2006-05-05', 0.00, 0.00, 0.00, 0.00, 0.35, 1.65, 26.00, 8.70, 5600.00, 257000.00, 135.00, 3.40, 0.00, 0.00, 0.00, 0.00, 0.00, 1.13, 0.00, 0.00, 0.00, 0.00, 255.00, 0.00, 0.00, 0.00, 0.00, 0.00, 0.00, 0.00, 0.00, 0.00, 0.00, 0.00, 0.00, 0.00, 0.00, 0.00, 0.00, 0.00, 0.00, 0.00, 0.00, 0.00, 0.00, 'Ausente', 'Ag pp65 neg', 0.00),
(136, 40, '2006-05-08', 0.00, 0.00, 5000.00, 0.00, 0.36, 1.03, 40.00, 12.00, 6000.00, 211000.00, 144.00, 3.40, 0.00, 11.10, 3.40, 1.14, 5.10, 0.70, 123.00, 0.00, 0.00, 0.00, 165.00, 0.00, 0.00, 0.00, 0.00, 0.40, 0.70, 28.00, 36.00, 76.00, 430.00, 0.00, 0.00, 0.00, 0.00, 200.00, 68.00, 101.00, 2.90, 152.00, 0.00, 4.30, 2.70, 'Ausente', '', 0.00),
(137, 64, '2006-05-10', 0.00, 0.00, 3900.00, 0.00, 0.66, 1.76, 26.30, 9.00, 10400.00, 243000.00, 135.00, 5.20, 0.00, 9.40, 0.00, 0.75, 0.00, 0.00, 36.00, 0.00, 0.00, 0.00, 0.00, 0.00, 10.00, 0.00, 0.00, 0.00, 0.00, 0.00, 0.00, 0.00, 0.00, 0.00, 0.00, 0.00, 0.00, 0.00, 0.00, 0.00, 0.00, 0.00, 0.00, 0.00, 0.00, 'Ausente', '', 0.00),
(138, 66, '2006-05-19', 0.00, 0.00, 0.00, 0.00, 0.72, 1.90, 32.80, 11.50, 13200.00, 303000.00, 135.00, 4.40, 0.00, 11.00, 0.00, 0.00, 0.00, 0.00, 0.00, 0.00, 0.00, 0.00, 0.00, 0.00, 0.00, 0.00, 0.00, 0.00, 0.00, 0.00, 0.00, 0.00, 0.00, 0.00, 0.00, 0.00, 0.00, 0.00, 0.00, 0.00, 0.00, 0.00, 0.00, 0.00, 0.00, 'Ausente', '', 0.00),
(139, 68, '2006-05-20', 0.00, 0.00, 0.00, 0.00, 0.61, 1.70, 25.50, 8.50, 13800.00, 313000.00, 134.00, 4.40, 0.00, 8.70, 0.00, 0.00, 0.00, 0.00, 0.00, 0.00, 0.00, 0.00, 162.00, 0.00, 0.00, 0.00, 0.00, 0.00, 0.00, 0.00, 0.00, 0.00, 0.00, 0.00, 0.00, 0.00, 0.00, 0.00, 0.00, 0.00, 0.00, 0.00, 0.00, 0.00, 0.00, 'Ausente', '', 0.00),
(140, 63, '2006-06-19', 0.00, 0.00, 0.00, 0.00, 0.57, 1.30, 27.10, 9.20, 6200.00, 155000.00, 133.00, 4.40, 0.00, 9.50, 0.00, 0.00, 0.00, 0.00, 0.00, 0.00, 0.00, 0.00, 231.00, 0.00, 0.00, 0.00, 0.00, 0.00, 0.00, 0.00, 0.00, 0.00, 0.00, 0.00, 0.00, 0.00, 0.00, 0.00, 0.00, 0.00, 0.00, 0.00, 0.00, 0.00, 0.00, 'Ausente', '', 0.00),
(141, 68, '2006-07-01', 0.00, 0.00, 0.00, 0.00, 0.00, 1.20, 0.00, 0.00, 0.00, 0.00, 0.00, 0.00, 0.00, 0.00, 0.00, 0.00, 0.00, 0.00, 0.00, 0.00, 0.00, 0.00, 0.00, 0.00, 0.00, 0.00, 0.00, 0.00, 0.00, 0.00, 0.00, 0.00, 0.00, 0.00, 0.00, 0.00, 0.00, 0.00, 0.00, 0.00, 0.00, 0.00, 0.00, 0.00, 0.00, 'Ausente', '', 0.00),
(142, 67, '2006-07-03', 0.00, 0.00, 2500.00, 0.00, 1.56, 1.90, 27.30, 8.70, 5700.00, 174000.00, 141.00, 5.80, 0.00, 8.60, 0.00, 1.09, 0.00, 0.00, 0.00, 0.00, 0.00, 0.00, 175.00, 0.00, 0.00, 0.00, 0.00, 0.00, 0.00, 0.00, 0.00, 0.00, 0.00, 82.00, 28.00, 0.00, 0.00, 0.00, 0.00, 0.00, 0.00, 0.00, 0.00, 0.00, 0.00, 'Ausente', '', 0.00),
(143, 71, '2006-07-03', 0.00, 0.00, 0.00, 0.00, 0.75, 1.50, 21.70, 7.10, 5100.00, 182000.00, 136.00, 3.90, 0.00, 7.20, 0.00, 0.00, 0.00, 0.00, 0.00, 0.00, 0.00, 0.00, 202.00, 0.00, 0.00, 0.00, 0.00, 0.00, 0.00, 0.00, 0.00, 0.00, 0.00, 0.00, 0.00, 0.00, 0.00, 0.00, 0.00, 0.00, 0.00, 0.00, 0.00, 0.00, 0.00, 'Ausente', '', 0.00),
(144, 67, '2006-07-07', 160.00, 90.00, 2700.00, 118.40, 144.00, 2.00, 26.20, 8.90, 7600.00, 398000.00, 138.00, 6.20, 0.00, 8.60, 3.50, 105.00, 7.70, 0.00, 25.00, 0.00, 0.00, 0.00, 0.00, 0.00, 0.00, 0.00, 0.00, 0.00, 0.00, 23.00, 38.00, 23.00, 49.00, 0.00, 0.00, 0.00, 0.00, 192.00, 0.00, 0.00, 0.00, 0.00, 0.00, 3.50, 1.50, 'Ausente', '', 0.00),
(145, 40, '2006-07-20', 0.00, 0.00, 3000.00, 0.00, 0.30, 0.94, 40.00, 13.00, 6780.00, 199000.00, 141.00, 3.30, 0.00, 9.00, 3.40, 1.37, 5.10, 1.80, 123.00, 0.00, 0.00, 0.00, 225.00, 0.00, 0.00, 0.00, 0.00, 0.40, 0.60, 22.00, 21.00, 64.00, 400.00, 0.00, 0.00, 0.00, 0.00, 212.00, 72.00, 0.00, 2.90, 203.00, 0.00, 0.00, 0.00, 'Ausente', '', 0.00),
(146, 75, '2006-08-05', 0.00, 0.00, 0.00, 0.00, 0.72, 1.36, 34.90, 11.80, 13600.00, 281000.00, 128.00, 5.00, 0.00, 0.00, 0.00, 0.00, 5.00, 0.00, 0.00, 0.00, 0.00, 0.00, 245.00, 0.00, 0.00, 0.00, 0.00, 0.20, 0.30, 9.00, 64.00, 94.00, 409.00, 100.00, 33.00, 0.00, 0.00, 0.00, 0.00, 0.00, 0.00, 0.00, 0.00, 3.60, 3.10, 'Ausente', '', 0.00),
(147, 67, '2006-08-07', 140.00, 80.00, 0.00, 110.40, 157.00, 2.90, 25.40, 8.70, 4880.00, 87700.00, 141.00, 4.60, 0.00, 8.50, 3.70, 1.13, 8.90, 0.00, 0.00, 0.00, 0.00, 0.00, 0.00, 0.00, 0.00, 0.00, 0.00, 0.28, 0.21, 9.00, 12.00, 0.00, 0.00, 0.00, 0.00, 0.00, 0.00, 198.00, 50.00, 0.00, 0.00, 158.00, 0.00, 0.00, 0.00, 'Ausente', '', 0.00),
(148, 71, '2006-08-08', 0.00, 0.00, 0.00, 0.00, 0.00, 2.03, 0.00, 0.00, 0.00, 0.00, 0.00, 0.00, 0.00, 0.00, 0.00, 0.00, 0.00, 0.00, 0.00, 0.00, 0.00, 0.00, 0.00, 0.00, 0.00, 0.00, 0.00, 0.00, 0.00, 0.00, 0.00, 0.00, 0.00, 0.00, 0.00, 0.00, 0.00, 0.00, 0.00, 0.00, 0.00, 0.00, 0.00, 0.00, 0.00, 'Ausente', 'UC +', 0.00);
INSERT INTO `evolucion_trasplante_para_clinica` (`id`, `trasplante_id`, `fecha`, `pas`, `pad`, `diuresis`, `peso`, `urea`, `creatinina`, `ht`, `hb`, `gb`, `plaquetas`, `sodio`, `potasio`, `cloro`, `calcio`, `fosforo`, `glicemia`, `uricemia`, `prot_u`, `ccreatinina`, `curea`, `na_u`, `ku`, `cya_pv`, `cya_pp`, `fk_p`, `mfm_p`, `eve_p`, `bd`, `bi`, `tgo`, `tgp`, `gammagt`, `f_alc`, `t_prot`, `kptt`, `howell`, `fibrinogeno`, `colesterol`, `hdl`, `ldl`, `r_at`, `tg`, `hna1c`, `albumina`, `globulinas`, `pthi`, `otros`, `numpthi`) VALUES
(149, 76, '2006-08-19', 0.00, 0.00, 3800.00, 0.00, 0.98, 2.19, 27.20, 9.50, 6900.00, 167000.00, 139.00, 4.80, 0.00, 9.60, 0.00, 0.00, 0.00, 0.00, 56.00, 24.60, 0.00, 0.00, 158.00, 0.00, 0.00, 0.00, 0.00, 0.20, 0.30, 7.00, 11.00, 0.00, 0.00, 0.00, 30.00, 0.00, 0.00, 0.00, 0.00, 0.00, 0.00, 0.00, 0.00, 4.20, 2.40, 'Ausente', 'Amilasemia 89', 0.00),
(150, 76, '2006-08-22', 0.00, 0.00, 0.00, 0.00, 0.00, 2.75, 28.50, 9.60, 6800.00, 182000.00, 0.00, 0.00, 0.00, 0.00, 0.00, 0.00, 0.00, 0.00, 0.00, 0.00, 0.00, 0.00, 172.00, 0.00, 0.00, 0.00, 0.00, 0.00, 0.00, 0.00, 0.00, 0.00, 0.00, 0.00, 0.00, 0.00, 0.00, 0.00, 0.00, 0.00, 0.00, 0.00, 0.00, 0.00, 0.00, 'Ausente', '', 0.00),
(151, 76, '2006-08-24', 0.00, 0.00, 0.00, 0.00, 0.00, 2.14, 0.00, 0.00, 0.00, 0.00, 0.00, 0.00, 0.00, 0.00, 0.00, 0.00, 0.00, 0.00, 0.00, 0.00, 0.00, 0.00, 0.00, 0.00, 0.00, 0.00, 0.00, 0.00, 0.00, 0.00, 0.00, 0.00, 0.00, 0.00, 0.00, 0.00, 0.00, 0.00, 0.00, 0.00, 0.00, 0.00, 0.00, 0.00, 0.00, 'Ausente', '', 0.00),
(152, 39, '2006-08-28', 120.00, 60.00, 2700.00, 46.00, 0.60, 1.87, 24.60, 8.40, 9510.00, 183000.00, 136.00, 3.80, 0.00, 9.00, 3.30, 0.63, 5.80, 0.73, 78.00, 0.00, 0.00, 0.00, 0.00, 0.00, 0.00, 0.00, 0.00, 0.05, 0.26, 8.00, 10.00, 17.00, 120.00, 90.00, 37.00, 0.00, 374.00, 0.00, 0.00, 0.00, 0.00, 0.00, 0.00, 0.00, 0.00, 'Ausente', '', 0.00),
(153, 78, '2006-09-01', 0.00, 0.00, 5000.00, 0.00, 0.61, 1.36, 32.00, 11.00, 5600.00, 173000.00, 139.00, 0.00, 0.00, 9.50, 0.00, 0.00, 5.70, 0.00, 50.00, 0.00, 0.00, 0.00, 182.00, 0.00, 0.00, 0.00, 0.00, 0.20, 0.50, 11.00, 42.00, 68.00, 164.00, 100.00, 25.00, 0.00, 0.00, 0.00, 0.00, 0.00, 0.00, 0.00, 0.00, 3.40, 2.30, 'Ausente', '', 0.00),
(154, 75, '2006-09-03', 0.00, 0.00, 0.00, 0.00, 0.28, 1.48, 31.90, 10.70, 5100.00, 151000.00, 126.00, 4.70, 0.00, 0.00, 0.00, 0.00, 0.00, 0.00, 0.00, 0.00, 0.00, 0.00, 266.00, 0.00, 0.00, 0.00, 0.00, 0.00, 0.00, 0.00, 0.00, 0.00, 0.00, 0.00, 0.00, 0.00, 0.00, 0.00, 0.00, 0.00, 0.00, 0.00, 0.00, 0.00, 0.00, 'Ausente', '', 0.00),
(155, 68, '2006-09-05', 0.00, 0.00, 0.00, 0.00, 0.00, 1.95, 0.00, 0.00, 0.00, 0.00, 0.00, 0.00, 0.00, 0.00, 0.00, 0.00, 0.00, 0.00, 0.00, 0.00, 0.00, 0.00, 0.00, 0.00, 0.00, 0.00, 0.00, 0.00, 0.00, 0.00, 0.00, 0.00, 0.00, 0.00, 0.00, 0.00, 0.00, 0.00, 0.00, 0.00, 0.00, 0.00, 0.00, 0.00, 0.00, 'Ausente', '', 0.00),
(156, 67, '2006-09-11', 0.00, 0.00, 0.00, 0.00, 0.00, 3.13, 0.00, 0.00, 2700.00, 0.00, 0.00, 0.00, 0.00, 0.00, 0.00, 0.00, 0.00, 0.00, 0.00, 0.00, 0.00, 0.00, 0.00, 0.00, 0.00, 0.00, 0.00, 0.00, 0.00, 0.00, 0.00, 0.00, 0.00, 0.00, 0.00, 0.00, 0.00, 0.00, 0.00, 0.00, 0.00, 0.00, 0.00, 0.00, 0.00, 'Ausente', '', 0.00),
(157, 67, '2006-09-19', 110.00, 80.00, 3000.00, 106.00, 0.91, 3.20, 0.00, 0.00, 0.00, 0.00, 0.00, 0.00, 0.00, 0.00, 0.00, 0.00, 0.00, 0.00, 0.00, 0.00, 0.00, 0.00, 0.00, 0.00, 0.00, 0.00, 0.00, 0.00, 0.00, 0.00, 0.00, 0.00, 0.00, 0.00, 0.00, 0.00, 0.00, 0.00, 0.00, 0.00, 0.00, 0.00, 0.00, 0.00, 0.00, 'Ausente', '', 0.00),
(158, 76, '2006-09-19', 0.00, 0.00, 0.00, 0.00, 0.83, 2.88, 20.90, 7.40, 3800.00, 0.00, 133.00, 5.20, 0.00, 0.00, 0.00, 0.00, 0.00, 0.00, 0.00, 0.00, 0.00, 0.00, 0.00, 0.00, 0.00, 0.00, 0.00, 0.00, 0.00, 0.00, 0.00, 0.00, 0.00, 96.00, 36.00, 0.00, 408.00, 0.00, 0.00, 0.00, 0.00, 0.00, 0.00, 0.00, 0.00, 'Ausente', 'IRA por IECA+ARAII+deshidratacion', 0.00),
(159, 20, '2006-10-01', 0.00, 0.00, 0.00, 0.00, 0.00, 0.00, 0.00, 0.00, 0.00, 0.00, 0.00, 0.00, 0.00, 0.00, 0.00, 0.00, 0.00, 0.00, 0.00, 0.00, 0.00, 0.00, 0.00, 0.00, 0.00, 0.00, 0.00, 0.00, 0.00, 0.00, 0.00, 0.00, 0.00, 0.00, 0.00, 0.00, 0.00, 0.00, 0.00, 0.00, 0.00, 0.00, 0.00, 0.00, 0.00, 'Presente', '', 8.20),
(160, 25, '2006-10-01', 0.00, 0.00, 0.00, 0.00, 0.00, 2.50, 0.00, 0.00, 0.00, 0.00, 0.00, 0.00, 0.00, 0.00, 0.00, 0.00, 0.00, 0.00, 0.00, 0.00, 0.00, 0.00, 0.00, 0.00, 0.00, 0.00, 0.00, 0.00, 0.00, 0.00, 0.00, 0.00, 0.00, 0.00, 0.00, 0.00, 0.00, 0.00, 0.00, 0.00, 0.00, 0.00, 0.00, 0.00, 0.00, 'Ausente', 'Disminuye al tratarse la IU a Klebsiella', 0.00),
(161, 78, '2006-10-14', 0.00, 0.00, 0.00, 0.00, 0.87, 1.44, 31.20, 10.40, 2300.00, 201000.00, 0.00, 4.80, 0.00, 0.00, 0.00, 0.00, 0.00, 0.00, 0.00, 0.00, 0.00, 0.00, 0.00, 0.00, 0.00, 0.00, 0.00, 0.00, 0.00, 0.00, 0.00, 0.00, 0.00, 0.00, 0.00, 0.00, 0.00, 0.00, 0.00, 0.00, 0.00, 0.00, 0.00, 0.00, 0.00, 'Ausente', 'Ag neumococo orina +', 0.00),
(162, 67, '2006-10-17', 130.00, 80.00, 0.00, 107.80, 105.00, 2.80, 23.30, 7.60, 6970.00, 227000.00, 139.00, 4.00, 0.00, 8.30, 3.70, 0.00, 0.00, 0.00, 0.00, 0.00, 0.00, 0.00, 0.00, 0.00, 0.00, 0.00, 0.00, 0.00, 0.00, 0.00, 0.00, 0.00, 0.00, 0.00, 0.00, 0.00, 0.00, 0.00, 0.00, 0.00, 0.00, 0.00, 0.00, 0.00, 0.00, 'Ausente', '2 vol GR 29/9/06\nEPO 18000/sem', 0.00),
(163, 39, '2006-10-28', 120.00, 90.00, 0.00, 0.00, 0.55, 1.28, 22.40, 7.80, 7200.00, 199000.00, 130.00, 3.90, 0.00, 8.10, 5.50, 0.66, 6.10, 0.20, 0.00, 0.00, 0.00, 0.00, 0.00, 0.00, 5.00, 0.00, 0.00, 0.05, 0.25, 4.00, 3.00, 14.00, 77.00, 0.00, 0.00, 0.00, 0.00, 0.00, 0.00, 0.00, 0.00, 0.00, 0.00, 0.00, 0.00, 'Ausente', '', 0.00),
(164, 78, '2006-11-09', 0.00, 0.00, 0.00, 0.00, 0.00, 2.30, 30.50, 9.90, 7400.00, 0.00, 136.00, 5.00, 0.00, 0.00, 0.00, 0.00, 0.00, 0.00, 0.00, 0.00, 0.00, 0.00, 0.00, 0.00, 0.00, 0.00, 0.00, 0.00, 0.00, 13.00, 18.00, 0.00, 0.00, 0.00, 0.00, 0.00, 0.00, 0.00, 0.00, 0.00, 0.00, 0.00, 0.00, 0.00, 0.00, 'Ausente', 'pH 7.26 HCO3 15.7 BE -11 ATR', 0.00),
(165, 67, '2006-11-18', 0.00, 0.00, 0.00, 0.00, 1.12, 3.30, 0.00, 0.00, 0.00, 0.00, 140.00, 3.50, 0.00, 0.00, 0.00, 0.00, 0.00, 0.00, 0.00, 0.00, 0.00, 0.00, 0.00, 0.00, 0.00, 0.00, 0.00, 0.00, 0.00, 0.00, 0.00, 0.00, 0.00, 0.00, 0.00, 0.00, 0.00, 0.00, 0.00, 0.00, 0.00, 0.00, 0.00, 0.00, 0.00, 'Ausente', 'Se retira nefrostomia bajo Cipro x 10 dias', 0.00),
(166, 76, '2006-11-30', 0.00, 0.00, 0.00, 0.00, 0.51, 1.70, 38.20, 13.30, 4800.00, 147000.00, 0.00, 0.00, 0.00, 0.00, 0.00, 0.00, 0.00, 0.00, 0.00, 0.00, 0.00, 0.00, 0.00, 0.00, 0.00, 0.00, 0.00, 0.45, 0.15, 23.00, 20.00, 22.00, 511.00, 0.00, 0.00, 0.00, 0.00, 0.00, 0.00, 0.00, 0.00, 0.00, 0.00, 0.00, 0.00, 'Ausente', '', 0.00),
(167, 78, '2006-12-05', 0.00, 0.00, 3200.00, 0.00, 0.96, 6.66, 27.80, 9.10, 7000.00, 184000.00, 130.00, 5.00, 0.00, 0.00, 0.00, 0.00, 0.00, 1.28, 0.00, 0.00, 0.00, 0.00, 220.00, 0.00, 0.00, 0.00, 0.00, 0.00, 0.00, 0.00, 0.00, 0.00, 0.00, 0.00, 0.00, 0.00, 0.00, 0.00, 0.00, 0.00, 0.00, 0.00, 0.00, 0.00, 0.00, 'Ausente', '', 0.00),
(168, 67, '2006-12-11', 0.00, 0.00, 0.00, 0.00, 0.00, 0.00, 0.00, 0.00, 0.00, 0.00, 0.00, 0.00, 0.00, 0.00, 0.00, 0.00, 0.00, 0.00, 0.00, 0.00, 0.00, 0.00, 0.00, 0.00, 0.00, 0.00, 0.00, 0.00, 0.00, 0.00, 0.00, 0.00, 0.00, 0.00, 0.00, 0.00, 0.00, 0.00, 0.00, 0.00, 0.00, 0.00, 0.00, 0.00, 0.00, 'Ausente', '', 0.00),
(169, 78, '2006-12-20', 0.00, 0.00, 0.00, 0.00, 1.50, 3.70, 26.00, 8.30, 7000.00, 200000.00, 135.00, 0.00, 0.00, 0.00, 0.00, 0.00, 0.00, 1.43, 0.00, 0.00, 0.00, 0.00, 0.00, 0.00, 0.00, 0.00, 0.00, 0.00, 0.00, 0.00, 0.00, 0.00, 0.00, 100.00, 26.00, 0.00, 260.00, 0.00, 0.00, 0.00, 0.00, 0.00, 0.00, 0.00, 0.00, 'Ausente', '', 0.00),
(170, 76, '2006-12-21', 0.00, 0.00, 0.00, 0.00, 0.67, 2.20, 33.60, 11.00, 4800.00, 130000.00, 0.00, 0.00, 0.00, 0.00, 0.00, 0.00, 0.00, 0.00, 0.00, 0.00, 0.00, 0.00, 0.00, 0.00, 0.00, 0.00, 0.00, 0.19, 0.53, 52.00, 82.00, 68.00, 946.00, 0.00, 0.00, 0.00, 0.00, 0.00, 0.00, 0.00, 0.00, 0.00, 0.00, 3.20, 2.50, 'Ausente', 'Fiebre+esplenomegalia\nPCR CMV +', 0.00),
(171, 87, '2007-01-05', 0.00, 0.00, 3750.00, 0.00, 0.49, 1.17, 35.20, 11.40, 7600.00, 206000.00, 138.00, 4.40, 0.00, 9.80, 0.00, 0.00, 6.10, 0.00, 0.00, 0.00, 0.00, 0.00, 536.00, 0.00, 0.00, 0.00, 0.00, 0.20, 0.40, 8.00, 21.00, 25.00, 111.00, 0.00, 0.00, 0.00, 0.00, 0.00, 0.00, 0.00, 0.00, 0.00, 0.00, 2.80, 2.80, 'Ausente', 'Amilasemia 4.6', 0.00),
(172, 67, '2007-01-09', 140.00, 90.00, 3300.00, 101.40, 103.00, 3.90, 21.80, 7.50, 3750.00, 0.00, 141.00, 4.70, 0.00, 0.00, 0.00, 0.00, 0.00, 0.05, 0.00, 0.00, 0.00, 0.00, 0.00, 0.00, 8.50, 0.00, 0.00, 0.00, 0.00, 0.00, 0.00, 0.00, 0.00, 0.00, 0.00, 0.00, 0.00, 0.00, 0.00, 0.00, 0.00, 0.00, 0.00, 0.00, 0.00, 'Ausente', 'VES 50', 0.00),
(173, 7, '2007-01-27', 0.00, 0.00, 0.00, 0.00, 0.93, 1.98, 0.00, 0.00, 0.00, 0.00, 128.00, 4.40, 0.00, 9.00, 0.00, 5.86, 0.00, 0.00, 0.00, 0.00, 0.00, 0.00, 0.00, 0.00, 0.00, 0.00, 0.00, 0.00, 0.00, 0.00, 0.00, 0.00, 0.00, 0.00, 0.00, 0.00, 0.00, 0.00, 0.00, 0.00, 0.00, 0.00, 0.00, 0.00, 0.00, 'Ausente', 'Gaso pH 7.42 pCO2 31, pO2 100 BE-2', 0.00),
(174, 67, '2007-01-27', 0.00, 0.00, 1850.00, 0.00, 1.28, 3.90, 25.90, 8.20, 4600.00, 271000.00, 0.00, 3.70, 0.00, 9.00, 0.00, 0.00, 0.00, 0.00, 18.00, 0.00, 0.00, 0.00, 0.00, 0.00, 0.00, 0.00, 0.00, 0.00, 0.00, 0.00, 0.00, 0.00, 0.00, 0.00, 0.00, 0.00, 0.00, 0.00, 0.00, 0.00, 0.00, 0.00, 0.00, 0.00, 0.00, 'Ausente', 'Az u 11.8 gr/dia', 0.00),
(175, 85, '2007-01-29', 0.00, 0.00, 2460.00, 0.00, 0.74, 1.35, 24.40, 8.10, 6700.00, 247000.00, 0.00, 5.80, 0.00, 0.00, 0.00, 0.00, 6.30, 0.00, 0.00, 0.00, 0.00, 0.00, 0.00, 0.00, 20.00, 0.00, 0.00, 0.20, 0.30, 6.00, 12.00, 80.00, 261.00, 100.00, 28.00, 0.00, 0.00, 0.00, 0.00, 0.00, 0.00, 0.00, 0.00, 0.00, 0.00, 'Ausente', 'Amilasemia 33', 0.00),
(176, 88, '2007-02-03', 0.00, 0.00, 7750.00, 0.00, 0.42, 1.57, 19.70, 6.60, 8500.00, 255000.00, 147.00, 4.10, 0.00, 7.20, 0.00, 0.00, 4.90, 0.00, 0.00, 0.00, 0.00, 0.00, 46.00, 0.00, 0.00, 0.00, 0.00, 0.00, 0.00, 13.00, 29.00, 50.00, 125.00, 88.00, 30.00, 0.00, 390.00, 0.00, 0.00, 0.00, 0.00, 0.00, 0.00, 3.80, 2.50, 'Ausente', 'Amilasemia 59', 0.00),
(177, 40, '2007-02-12', 180.00, 100.00, 0.00, 0.00, 0.48, 1.02, 41.00, 12.00, 6400.00, 175000.00, 142.00, 3.40, 0.00, 8.70, 2.70, 1.15, 5.30, 0.34, 0.00, 0.00, 0.00, 0.00, 153.00, 0.00, 0.00, 0.00, 0.00, 0.00, 0.00, 0.00, 0.00, 0.00, 0.00, 0.00, 0.00, 0.00, 0.00, 0.00, 0.00, 0.00, 0.00, 0.00, 0.00, 0.00, 0.00, 'Ausente', '', 0.00),
(178, 51, '2007-02-12', 0.00, 0.00, 0.00, 0.00, 0.00, 2.30, 0.00, 0.00, 0.00, 0.00, 0.00, 0.00, 0.00, 0.00, 0.00, 0.00, 0.00, 0.00, 0.00, 0.00, 0.00, 0.00, 0.00, 0.00, 0.00, 0.00, 0.00, 0.00, 0.00, 0.00, 0.00, 0.00, 0.00, 0.00, 0.00, 0.00, 0.00, 0.00, 0.00, 0.00, 0.00, 0.00, 0.00, 0.00, 0.00, 'Ausente', '', 0.00),
(179, 85, '2007-02-22', 138.00, 92.00, 0.00, 0.00, 0.00, 1.50, 33.10, 11.20, 9200.00, 193000.00, 0.00, 0.00, 0.00, 0.00, 0.00, 0.00, 0.00, 0.00, 0.00, 0.00, 0.00, 0.00, 0.00, 0.00, 0.00, 0.00, 0.00, 0.00, 0.00, 0.00, 0.00, 0.00, 0.00, 0.00, 0.00, 0.00, 0.00, 0.00, 0.00, 0.00, 0.00, 0.00, 0.00, 0.00, 0.00, 'Ausente', '', 0.00),
(180, 67, '2007-02-27', 0.00, 0.00, 0.00, 93.00, 120.00, 3.00, 28.80, 8.40, 2510.00, 189000.00, 142.00, 3.90, 0.00, 10.00, 3.60, 114.00, 6.90, 0.00, 0.00, 0.00, 0.00, 0.00, 0.00, 0.00, 5.80, 0.00, 0.00, 0.12, 0.20, 12.00, 10.00, 0.00, 66.00, 0.00, 0.00, 0.00, 0.00, 197.00, 58.00, 117.00, 3.40, 108.00, 0.00, 0.00, 0.00, 'Ausente', 'VES 40', 0.00),
(181, 89, '2007-03-01', 0.00, 0.00, 5200.00, 0.00, 0.75, 1.70, 30.60, 10.30, 14400.00, 195000.00, 137.00, 5.10, 0.00, 9.50, 0.00, 0.00, 0.00, 0.00, 0.00, 0.00, 0.00, 0.00, 353.00, 0.00, 0.00, 0.00, 0.00, 0.00, 0.00, 0.00, 0.00, 0.00, 0.00, 100.00, 27.00, 0.00, 0.00, 0.00, 0.00, 0.00, 0.00, 0.00, 0.00, 0.00, 0.00, 'Ausente', '', 0.00),
(182, 85, '2007-03-19', 0.00, 0.00, 0.00, 0.00, 0.53, 1.71, 0.00, 0.00, 0.00, 0.00, 0.00, 6.60, 0.00, 0.00, 0.00, 0.00, 0.00, 0.00, 0.00, 0.00, 0.00, 0.00, 0.00, 0.00, 13.50, 0.00, 0.00, 0.00, 0.00, 0.00, 0.00, 0.00, 0.00, 0.00, 0.00, 0.00, 0.00, 0.00, 0.00, 0.00, 0.00, 0.00, 0.00, 0.00, 0.00, 'Ausente', '', 0.00),
(183, 85, '2007-03-23', 0.00, 0.00, 0.00, 0.00, 0.37, 1.40, 30.90, 10.40, 7300.00, 135000.00, 137.00, 5.00, 0.00, 0.00, 0.00, 0.00, 0.00, 0.00, 0.00, 0.00, 0.00, 0.00, 0.00, 0.00, 7.50, 0.00, 0.00, 0.00, 0.00, 0.00, 0.00, 0.00, 0.00, 0.00, 0.00, 0.00, 0.00, 0.00, 0.00, 0.00, 0.00, 0.00, 0.00, 0.00, 0.00, 'Ausente', '', 0.00),
(184, 18, '2007-04-01', 0.00, 0.00, 0.00, 0.00, 0.00, 2.60, 34.40, 10.50, 10300.00, 218000.00, 0.00, 0.00, 0.00, 0.00, 0.00, 0.92, 6.80, 0.00, 0.00, 0.00, 0.00, 0.00, 0.00, 0.00, 0.00, 0.00, 0.00, 0.00, 0.00, 0.00, 0.00, 0.00, 0.00, 0.00, 0.00, 0.00, 0.00, 0.00, 0.00, 0.00, 0.00, 0.00, 0.00, 0.00, 0.00, 'Ausente', '', 0.00),
(185, 76, '2007-04-11', 0.00, 0.00, 0.00, 0.00, 0.00, 0.00, 40.00, 14.00, 7600.00, 158000.00, 0.00, 0.00, 0.00, 0.00, 0.00, 0.00, 0.00, 0.65, 0.00, 0.00, 0.00, 0.00, 0.00, 0.00, 0.00, 0.00, 0.00, 0.00, 0.00, 0.00, 0.00, 0.00, 0.00, 0.00, 0.00, 0.00, 0.00, 0.00, 0.00, 0.00, 0.00, 0.00, 0.00, 0.00, 0.00, 'Ausente', '', 0.00),
(186, 67, '2007-04-17', 150.00, 90.00, 3500.00, 93.00, 1.00, 2.60, 44.00, 13.60, 7650.00, 183000.00, 140.00, 4.20, 0.00, 8.00, 3.50, 0.00, 9.40, 0.12, 45.00, 0.00, 304.00, 42.00, 0.00, 0.00, 0.00, 0.00, 0.00, 0.00, 0.00, 16.00, 14.00, 11.00, 65.00, 96.00, 0.00, 0.00, 0.00, 261.00, 69.00, 162.00, 3.80, 150.00, 0.00, 0.00, 0.00, 'Ausente', '', 0.00),
(187, 64, '2007-05-01', 0.00, 0.00, 0.00, 0.00, 0.00, 0.00, 0.00, 0.00, 0.00, 0.00, 0.00, 0.00, 0.00, 0.00, 0.00, 0.00, 0.00, 0.00, 0.00, 0.00, 0.00, 0.00, 0.00, 0.00, 0.00, 0.00, 0.00, 0.00, 0.00, 0.00, 0.00, 0.00, 0.00, 0.00, 0.00, 0.00, 0.00, 238.00, 59.00, 0.00, 0.00, 0.00, 0.00, 0.00, 0.00, 'Presente', '', 75.60),
(188, 40, '2007-05-07', 135.00, 95.00, 4400.00, 83.00, 0.37, 1.15, 40.00, 12.00, 5880.00, 172000.00, 0.00, 0.00, 0.00, 0.00, 0.00, 1.13, 4.90, 0.00, 123.00, 0.00, 0.00, 0.00, 136.00, 0.00, 0.00, 0.00, 0.00, 0.00, 0.00, 0.00, 0.00, 0.00, 0.00, 0.00, 0.00, 0.00, 0.00, 204.00, 77.00, 96.00, 2.90, 154.00, 0.00, 0.00, 0.00, 'Ausente', '', 0.00),
(189, 92, '2007-05-20', 0.00, 0.00, 3070.00, 0.00, 0.56, 1.00, 29.20, 10.30, 12300.00, 189000.00, 140.00, 4.20, 0.00, 9.10, 0.00, 0.00, 4.10, 0.20, 0.00, 0.00, 0.00, 0.00, 248.00, 0.00, 0.00, 0.00, 0.00, 0.17, 0.60, 65.00, 118.00, 29.00, 367.00, 93.00, 28.00, 0.00, 0.00, 0.00, 0.00, 0.00, 0.00, 0.00, 0.00, 4.00, 3.50, 'Ausente', 'Amilasemia 113.\nDiuresis 1° dia 11 litros', 0.00),
(190, 67, '2007-05-29', 130.00, 84.00, 0.00, 0.00, 1.12, 2.60, 43.20, 13.40, 5680.00, 198000.00, 138.00, 4.20, 0.00, 9.30, 3.70, 0.76, 0.00, 0.00, 0.00, 0.00, 0.00, 0.00, 0.00, 0.00, 3.70, 0.00, 0.00, 0.00, 0.00, 0.00, 0.00, 0.00, 0.00, 0.00, 0.00, 0.00, 0.00, 0.00, 0.00, 0.00, 0.00, 0.00, 0.00, 0.00, 0.00, 'Ausente', '', 0.00),
(191, 85, '2007-05-29', 150.00, 90.00, 0.00, 0.00, 0.40, 1.40, 37.40, 11.80, 5300.00, 135000.00, 0.00, 0.00, 0.00, 0.00, 0.00, 0.00, 0.00, 0.00, 0.00, 0.00, 0.00, 0.00, 0.00, 0.00, 9.40, 0.00, 0.00, 0.00, 0.00, 0.00, 0.00, 0.00, 0.00, 0.00, 0.00, 0.00, 0.00, 0.00, 0.00, 0.00, 0.00, 0.00, 0.00, 0.00, 0.00, 'Ausente', '', 0.00),
(192, 91, '2007-05-31', 0.00, 0.00, 8050.00, 0.00, 0.61, 1.80, 29.30, 9.70, 7600.00, 220000.00, 141.00, 4.60, 0.00, 8.70, 0.00, 0.75, 3.70, 0.00, 0.00, 0.00, 0.00, 0.00, 187.00, 0.00, 0.00, 0.00, 0.00, 0.30, 0.50, 12.00, 25.00, 36.00, 195.00, 89.00, 27.00, 0.00, 0.00, 0.00, 0.00, 0.00, 0.00, 0.00, 0.00, 3.40, 2.10, 'Ausente', 'Amilasemia 76', 0.00),
(193, 25, '2007-06-04', 0.00, 0.00, 0.00, 0.00, 0.00, 2.70, 0.00, 11.10, 7000.00, 278000.00, 0.00, 0.00, 0.00, 0.00, 0.00, 0.00, 0.00, 2.00, 0.00, 0.00, 0.00, 0.00, 0.00, 0.00, 10.00, 0.00, 0.00, 0.00, 0.00, 0.00, 0.00, 0.00, 0.00, 0.00, 0.00, 0.00, 0.00, 0.00, 0.00, 0.00, 0.00, 0.00, 0.00, 0.00, 0.00, 'Ausente', 'en orina al barrer  gr/l', 0.00),
(194, 39, '2007-06-12', 120.00, 76.00, 0.00, 45.80, 0.76, 1.86, 26.60, 9.30, 10100.00, 186000.00, 137.00, 4.20, 0.00, 8.10, 2.45, 0.67, 5.80, 0.10, 0.00, 0.00, 0.00, 0.00, 0.00, 0.00, 6.60, 0.00, 0.00, 0.02, 0.30, 4.00, 1.00, 8.00, 88.00, 0.00, 0.00, 0.00, 0.00, 0.00, 0.00, 0.00, 0.00, 0.00, 0.00, 0.00, 0.00, 'Ausente', '', 0.00),
(195, 93, '2007-06-28', 0.00, 0.00, 4460.00, 0.00, 0.80, 2.00, 25.00, 8.20, 7700.00, 302000.00, 139.00, 4.60, 0.00, 10.30, 0.00, 0.00, 5.70, 0.45, 0.00, 0.00, 0.00, 0.00, 350.00, 0.00, 0.00, 0.00, 0.00, 0.60, 0.50, 18.00, 43.00, 336.00, 326.00, 86.00, 33.00, 0.00, 0.00, 0.00, 0.00, 0.00, 0.00, 0.00, 0.00, 4.10, 2.50, 'Ausente', 'Amilasemia 56', 0.00),
(196, 28, '2007-07-01', 0.00, 0.00, 0.00, 0.00, 0.00, 0.00, 0.00, 0.00, 0.00, 0.00, 0.00, 0.00, 0.00, 0.00, 0.00, 0.00, 0.00, 0.00, 0.00, 0.00, 0.00, 0.00, 0.00, 0.00, 0.00, 0.00, 0.00, 0.00, 0.00, 0.00, 0.00, 0.00, 0.00, 0.00, 0.00, 0.00, 0.00, 0.00, 0.00, 0.00, 0.00, 0.00, 0.00, 0.00, 0.00, 'Ausente', '', 0.00),
(197, 40, '2007-07-03', 0.00, 0.00, 0.00, 86.00, 0.40, 1.18, 37.80, 12.50, 7900.00, 217000.00, 0.00, 0.00, 0.00, 0.00, 0.00, 1.30, 0.00, 0.00, 0.00, 0.00, 0.00, 0.00, 148.00, 0.00, 0.00, 0.00, 0.00, 0.00, 0.00, 0.00, 0.00, 0.00, 0.00, 0.00, 0.00, 0.00, 0.00, 0.00, 0.00, 0.00, 0.00, 0.00, 0.00, 0.00, 0.00, 'Ausente', '', 0.00),
(198, 94, '2007-07-07', 0.00, 0.00, 2970.00, 0.00, 0.72, 1.44, 22.90, 7.40, 10300.00, 226000.00, 142.00, 3.20, 0.00, 8.60, 0.00, 0.00, 9.20, 0.00, 0.00, 0.00, 0.00, 0.00, 0.00, 0.00, 0.00, 0.00, 0.00, 0.10, 0.20, 6.00, 5.00, 0.00, 0.00, 92.00, 26.00, 0.00, 0.00, 0.00, 0.00, 0.00, 0.00, 0.00, 0.00, 3.20, 2.20, 'Ausente', 'amilasemia 165', 0.00),
(199, 25, '2007-07-25', 0.00, 0.00, 0.00, 0.00, 0.00, 1.50, 0.00, 0.00, 0.00, 0.00, 0.00, 0.00, 0.00, 0.00, 0.00, 0.00, 0.00, 0.00, 0.00, 0.00, 0.00, 0.00, 0.00, 0.00, 0.00, 0.00, 0.00, 0.00, 0.00, 0.00, 0.00, 0.00, 0.00, 0.00, 0.00, 0.00, 0.00, 0.00, 0.00, 0.00, 0.00, 0.00, 0.00, 0.00, 0.00, 'Ausente', '', 0.00),
(200, 71, '2007-08-01', 0.00, 0.00, 0.00, 0.00, 1.98, 3.18, 0.00, 0.00, 0.00, 0.00, 0.00, 0.00, 0.00, 0.00, 0.00, 0.00, 0.00, 0.00, 0.00, 0.00, 0.00, 0.00, 154.00, 0.00, 0.00, 0.00, 0.00, 0.00, 0.00, 0.00, 0.00, 0.00, 0.00, 0.00, 0.00, 0.00, 0.00, 0.00, 0.00, 0.00, 0.00, 0.00, 0.00, 0.00, 0.00, 'Ausente', '', 0.00),
(201, 67, '2007-08-13', 90.00, 0.00, 3650.00, 105.00, 1.31, 2.70, 36.60, 11.70, 7800.00, 272000.00, 142.00, 4.20, 0.00, 9.30, 3.60, 0.85, 5.40, 0.12, 44.00, 0.00, 0.00, 0.00, 0.00, 0.00, 6.40, 0.00, 0.00, 0.00, 0.00, 16.00, 18.00, 12.00, 58.00, 0.00, 0.00, 0.00, 0.00, 201.00, 80.00, 97.00, 2.50, 121.00, 0.00, 0.00, 0.00, 'Ausente', '', 0.00),
(202, 26, '2007-09-10', 0.00, 0.00, 0.00, 1800.00, 0.69, 2.40, 29.30, 10.20, 10900.00, 319000.00, 138.00, 5.00, 0.00, 0.00, 0.00, 1.06, 8.50, 1.94, 53.00, 0.00, 0.00, 0.00, 0.00, 0.00, 0.00, 0.00, 0.00, 0.00, 0.00, 0.00, 0.00, 0.00, 0.00, 0.00, 0.00, 0.00, 0.00, 0.00, 0.00, 0.00, 0.00, 0.00, 0.00, 0.00, 0.00, 'Ausente', 'Prot u 24 horas', 0.00),
(203, 68, '2007-09-18', 0.00, 0.00, 0.00, 0.00, 0.75, 2.10, 35.00, 11.80, 12000.00, 308000.00, 137.00, 5.00, 0.00, 0.00, 0.00, 0.00, 0.00, 1.75, 0.00, 0.00, 0.00, 0.00, 0.00, 0.00, 0.00, 0.00, 0.00, 0.00, 0.00, 0.00, 0.00, 0.00, 0.00, 94.00, 0.00, 0.00, 336.00, 0.00, 0.00, 0.00, 0.00, 0.00, 0.00, 4.30, 0.00, 'Ausente', 'UC neg', 0.00),
(204, 96, '2007-09-18', 0.00, 0.00, 5020.00, 0.00, 0.68, 0.78, 32.50, 10.80, 7100.00, 335000.00, 133.00, 4.30, 0.00, 9.90, 0.00, 0.00, 4.50, 0.00, 0.00, 0.00, 0.00, 0.00, 187.00, 0.00, 0.00, 0.00, 0.00, 0.18, 0.46, 12.00, 24.00, 0.00, 0.00, 0.00, 26.00, 0.00, 0.00, 0.00, 0.00, 0.00, 0.00, 0.00, 0.00, 3.50, 2.50, 'Ausente', 'Amilasemia 42', 0.00),
(205, 76, '2007-09-20', 0.00, 0.00, 0.00, 0.00, 0.76, 1.50, 36.70, 12.90, 8600.00, 0.00, 0.00, 0.00, 0.00, 0.00, 0.00, 0.00, 0.00, 0.00, 0.00, 0.00, 0.00, 0.00, 176.00, 0.00, 0.00, 0.00, 0.00, 0.00, 0.00, 0.00, 0.00, 0.00, 0.00, 0.00, 0.00, 0.00, 0.00, 0.00, 0.00, 0.00, 0.00, 0.00, 0.00, 0.00, 0.00, 'Ausente', '', 0.00),
(206, 71, '2007-09-22', 0.00, 0.00, 0.00, 0.00, 1.90, 3.30, 0.00, 0.00, 0.00, 0.00, 0.00, 0.00, 0.00, 0.00, 0.00, 0.00, 0.00, 0.00, 0.00, 0.00, 0.00, 0.00, 0.00, 0.00, 0.00, 0.00, 0.00, 0.00, 0.00, 0.00, 0.00, 0.00, 0.00, 0.00, 0.00, 0.00, 0.00, 0.00, 0.00, 0.00, 0.00, 0.00, 0.00, 0.00, 0.00, 'Ausente', '', 0.00),
(207, 68, '2007-09-28', 0.00, 0.00, 5100.00, 0.00, 0.68, 1.50, 33.30, 11.20, 15800.00, 252000.00, 132.00, 3.50, 0.00, 0.00, 0.00, 0.00, 0.00, 0.00, 0.00, 0.00, 0.00, 0.00, 0.00, 0.00, 8.50, 0.00, 0.00, 0.00, 0.00, 0.00, 0.00, 0.00, 0.00, 0.00, 0.00, 0.00, 0.00, 0.00, 0.00, 0.00, 0.00, 0.00, 0.00, 0.00, 0.00, 'Ausente', 'Prot u neg', 0.00),
(208, 71, '2007-09-28', 0.00, 0.00, 0.00, 0.00, 2.70, 5.00, 0.00, 0.00, 0.00, 0.00, 0.00, 0.00, 0.00, 0.00, 0.00, 0.00, 0.00, 0.00, 0.00, 0.00, 0.00, 0.00, 0.00, 0.00, 21.50, 0.00, 0.00, 0.00, 0.00, 0.00, 0.00, 0.00, 0.00, 0.00, 0.00, 0.00, 0.00, 0.00, 0.00, 0.00, 0.00, 0.00, 0.00, 0.00, 0.00, 'Ausente', 'Intox FK', 0.00),
(209, 85, '2007-09-28', 150.00, 90.00, 0.00, 0.00, 0.00, 1.40, 39.00, 12.40, 6700.00, 208000.00, 0.00, 0.00, 0.00, 0.00, 0.00, 0.00, 0.00, 0.00, 0.00, 0.00, 0.00, 0.00, 0.00, 0.00, 7.60, 0.00, 0.00, 0.00, 0.00, 0.00, 0.00, 0.00, 0.00, 0.00, 0.00, 0.00, 0.00, 0.00, 0.00, 0.00, 0.00, 0.00, 0.00, 0.00, 0.00, 'Ausente', '', 0.00),
(210, 95, '2007-10-02', 0.00, 0.00, 7250.00, 0.00, 0.91, 2.10, 32.10, 10.80, 6700.00, 273000.00, 136.00, 3.80, 0.00, 8.80, 0.00, 0.00, 6.30, 0.28, 0.00, 0.00, 0.00, 0.00, 286.00, 0.00, 0.00, 0.00, 0.00, 0.90, 0.30, 16.00, 53.00, 87.00, 154.00, 84.00, 31.00, 0.00, 0.00, 0.00, 0.00, 0.00, 0.00, 0.00, 0.00, 3.70, 1.30, 'Ausente', 'Amilasemia 50', 0.00),
(211, 98, '2007-10-03', 0.00, 0.00, 5225.00, 0.00, 0.61, 1.40, 27.30, 9.00, 10600.00, 412000.00, 138.00, 4.10, 0.00, 8.90, 0.00, 98.00, 0.00, 0.00, 0.00, 0.00, 0.00, 0.00, 0.00, 0.00, 0.00, 0.00, 0.00, 0.00, 0.00, 0.00, 0.00, 0.00, 0.00, 100.00, 29.00, 0.00, 0.00, 0.00, 0.00, 0.00, 0.00, 0.00, 0.00, 4.20, 3.70, 'Ausente', '', 0.00),
(212, 111, '2007-10-03', 0.00, 0.00, 5430.00, 0.00, 0.70, 1.78, 32.80, 10.90, 7500.00, 204000.00, 138.00, 4.20, 0.00, 8.70, 0.00, 0.00, 4.40, 0.00, 0.00, 0.00, 0.00, 0.00, 293.00, 0.00, 0.00, 0.00, 0.00, 0.40, 0.60, 6.00, 26.00, 30.00, 0.00, 100.00, 30.00, 0.00, 0.00, 0.00, 0.00, 0.00, 0.00, 0.00, 0.00, 3.20, 2.70, 'Ausente', '', 0.00),
(213, 71, '2007-10-05', 0.00, 0.00, 0.00, 0.00, 0.00, 0.00, 35.00, 11.50, 7600.00, 182000.00, 0.00, 0.00, 0.00, 0.00, 0.00, 0.00, 0.00, 2.40, 0.00, 0.00, 0.00, 0.00, 0.00, 0.00, 14.20, 0.00, 0.00, 0.00, 0.00, 0.00, 0.00, 0.00, 0.00, 0.00, 0.00, 0.00, 0.00, 0.00, 0.00, 0.00, 0.00, 0.00, 0.00, 0.00, 0.00, 'Ausente', '', 0.00),
(214, 95, '2007-10-05', 0.00, 0.00, 5200.00, 0.00, 0.00, 3.26, 0.00, 0.00, 0.00, 0.00, 0.00, 0.00, 0.00, 0.00, 0.00, 0.00, 0.00, 0.00, 0.00, 0.00, 0.00, 0.00, 205.00, 0.00, 0.00, 0.00, 0.00, 0.00, 0.00, 0.00, 0.00, 0.00, 0.00, 0.00, 0.00, 0.00, 0.00, 0.00, 0.00, 0.00, 0.00, 0.00, 0.00, 0.00, 0.00, 'Ausente', '', 0.00),
(215, 111, '2007-10-06', 0.00, 0.00, 0.00, 0.00, 0.73, 2.21, 33.70, 11.10, 9000.00, 193000.00, 0.00, 0.00, 0.00, 0.00, 0.00, 0.00, 0.00, 0.00, 0.00, 0.00, 0.00, 0.00, 0.00, 0.00, 0.00, 0.00, 0.00, 0.00, 0.00, 0.00, 0.00, 0.00, 0.00, 0.00, 0.00, 0.00, 0.00, 0.00, 0.00, 0.00, 0.00, 0.00, 0.00, 0.00, 0.00, 'Ausente', '', 0.00),
(216, 95, '2007-10-12', 0.00, 0.00, 4970.00, 0.00, 0.61, 1.70, 36.10, 12.00, 8300.00, 362000.00, 136.00, 3.80, 0.00, 8.00, 0.00, 0.00, 0.00, 0.28, 0.00, 0.00, 0.00, 0.00, 0.00, 0.00, 0.00, 0.00, 0.00, 0.00, 0.00, 0.00, 0.00, 0.00, 0.00, 0.00, 0.00, 0.00, 0.00, 0.00, 0.00, 0.00, 0.00, 0.00, 0.00, 0.00, 0.00, 'Ausente', '', 0.00),
(217, 97, '2007-10-20', 0.00, 0.00, 5350.00, 0.00, 0.57, 1.85, 26.20, 8.80, 5400.00, 281000.00, 123.00, 4.60, 0.00, 9.30, 0.00, 78.00, 4.10, 0.00, 0.00, 0.00, 0.00, 0.00, 354.00, 0.00, 0.00, 0.00, 0.00, 0.10, 0.40, 4.00, 5.00, 0.00, 138.00, 100.00, 31.00, 0.00, 425.00, 0.00, 0.00, 0.00, 0.00, 0.00, 0.00, 3.50, 2.60, 'Ausente', '', 0.00),
(218, 111, '2007-10-22', 0.00, 0.00, 0.00, 0.00, 0.50, 1.75, 34.60, 11.30, 7900.00, 303000.00, 137.00, 3.90, 0.00, 9.50, 0.00, 0.84, 0.00, 0.00, 0.00, 0.00, 0.00, 0.00, 0.00, 0.00, 0.00, 0.00, 0.00, 0.00, 0.00, 0.00, 0.00, 0.00, 0.00, 0.00, 0.00, 0.00, 0.00, 0.00, 0.00, 0.00, 0.00, 0.00, 0.00, 0.00, 0.00, 'Ausente', 'Proteinuria neg', 0.00),
(219, 111, '2007-10-25', 0.00, 0.00, 0.00, 0.00, 0.00, 2.61, 0.00, 0.00, 13800.00, 0.00, 0.00, 0.00, 0.00, 0.00, 0.00, 0.00, 0.00, 0.00, 0.00, 0.00, 0.00, 0.00, 187.00, 0.00, 0.00, 0.00, 0.00, 0.00, 0.00, 0.00, 0.00, 0.00, 0.00, 0.00, 0.00, 0.00, 0.00, 0.00, 0.00, 0.00, 0.00, 0.00, 0.00, 0.00, 0.00, 'Ausente', 'TAC linfocele y colección en herida operatoria', 0.00),
(220, 67, '2007-11-05', 0.00, 0.00, 0.00, 0.00, 3.40, 14.20, 35.10, 12.00, 13300.00, 315000.00, 134.00, 5.10, 0.00, 0.00, 0.00, 0.92, 0.00, 0.00, 0.00, 0.00, 0.00, 0.00, 0.00, 0.00, 0.00, 0.00, 0.00, 0.00, 0.00, 0.00, 0.00, 0.00, 0.00, 0.00, 0.00, 0.00, 0.00, 0.00, 0.00, 0.00, 0.00, 0.00, 0.00, 0.00, 0.00, 'Ausente', 'Ingresa por dolor FLD. Piohidronefrosis riñon propio', 0.00),
(221, 98, '2007-11-06', 0.00, 0.00, 0.00, 0.00, 0.85, 1.20, 0.00, 0.00, 0.00, 0.00, 140.00, 4.90, 0.00, 0.00, 0.00, 0.00, 0.00, 0.00, 0.00, 0.00, 0.00, 0.00, 287.00, 0.00, 0.00, 0.00, 0.00, 0.00, 0.00, 0.00, 0.00, 0.00, 0.00, 0.00, 0.00, 0.00, 0.00, 0.00, 0.00, 0.00, 0.00, 0.00, 0.00, 0.00, 0.00, 'Ausente', '', 0.00),
(222, 39, '2007-11-08', 0.00, 0.00, 0.00, 45.20, 0.58, 1.84, 22.80, 7.70, 8000.00, 202000.00, 136.00, 3.80, 0.00, 9.50, 4.30, 0.99, 5.70, 0.00, 0.00, 0.00, 0.00, 0.00, 0.00, 0.00, 0.00, 0.00, 0.00, 0.00, 0.00, 0.00, 0.00, 0.00, 0.00, 0.00, 0.00, 0.00, 0.00, 0.00, 0.00, 0.00, 0.00, 0.00, 0.00, 0.00, 0.00, 'Ausente', 'Depresion\nCataratas bilaterales', 0.00),
(223, 96, '2007-11-08', 0.00, 0.00, 0.00, 0.00, 0.00, 0.00, 0.00, 0.00, 0.00, 0.00, 0.00, 0.00, 0.00, 0.00, 0.00, 0.00, 0.00, 0.00, 79.00, 0.00, 0.00, 0.00, 0.00, 0.00, 0.00, 0.00, 0.00, 0.00, 0.00, 0.00, 0.00, 0.00, 0.00, 0.00, 0.00, 0.00, 0.00, 0.00, 0.00, 0.00, 0.00, 0.00, 0.00, 0.00, 0.00, 'Ausente', '', 0.00),
(224, 111, '2007-11-09', 0.00, 0.00, 0.00, 0.00, 0.63, 1.90, 31.80, 10.70, 11300.00, 475000.00, 135.00, 4.90, 0.00, 0.00, 0.00, 0.00, 0.00, 0.00, 0.00, 0.00, 0.00, 0.00, 0.00, 0.00, 0.00, 0.00, 0.00, 0.00, 0.00, 0.00, 0.00, 0.00, 0.00, 0.00, 0.00, 0.00, 0.00, 0.00, 0.00, 0.00, 0.00, 0.00, 0.00, 0.00, 0.00, 'Ausente', '', 0.00),
(225, 97, '2007-11-12', 0.00, 0.00, 0.00, 0.00, 0.76, 2.43, 0.00, 9.50, 5100.00, 328000.00, 0.00, 0.00, 0.00, 0.00, 0.00, 0.00, 0.00, 0.00, 0.00, 0.00, 0.00, 0.00, 148.00, 0.00, 0.00, 0.00, 0.00, 0.00, 0.00, 0.00, 0.00, 0.00, 0.00, 100.00, 28.00, 0.00, 0.00, 0.00, 0.00, 0.00, 0.00, 0.00, 0.00, 0.00, 0.00, 'Ausente', 'Prot u= 0', 0.00),
(226, 100, '2007-11-21', 0.00, 0.00, 3750.00, 0.00, 0.55, 1.14, 23.40, 7.90, 8500.00, 347000.00, 134.00, 4.00, 0.00, 9.50, 0.00, 0.00, 4.50, 0.00, 0.00, 0.00, 0.00, 0.00, 471.00, 0.00, 0.00, 0.00, 0.00, 0.10, 0.60, 43.00, 167.00, 178.00, 422.00, 100.00, 27.00, 0.00, 0.00, 0.00, 0.00, 0.00, 0.00, 0.00, 0.00, 0.00, 0.00, 'Ausente', '', 0.00),
(227, 97, '2007-11-24', 0.00, 0.00, 0.00, 0.00, 0.00, 1.10, 0.00, 9.10, 9160.00, 459000.00, 0.00, 0.00, 0.00, 0.00, 0.00, 0.00, 0.00, 0.00, 0.00, 0.00, 0.00, 0.00, 0.00, 0.00, 0.00, 0.00, 0.00, 0.00, 0.00, 0.00, 0.00, 0.00, 0.00, 0.00, 0.00, 0.00, 0.00, 0.00, 0.00, 0.00, 0.00, 0.00, 0.00, 0.00, 0.00, 'Ausente', '', 0.00),
(228, 67, '2007-12-04', 0.00, 0.00, 0.00, 0.00, 1.29, 5.40, 23.20, 8.30, 4100.00, 89000.00, 134.00, 4.30, 0.00, 0.00, 0.00, 0.00, 0.00, 0.00, 0.00, 0.00, 0.00, 0.00, 0.00, 0.00, 0.00, 0.00, 0.00, 0.00, 0.00, 0.00, 0.00, 0.00, 0.00, 0.00, 0.00, 0.00, 0.00, 0.00, 0.00, 0.00, 0.00, 0.00, 0.00, 0.00, 0.00, 'Ausente', '15/11 Nefrectomia riñon der, reTQ por hematoma 8GR+3 plasma', 0.00),
(229, 88, '2007-12-06', 0.00, 0.00, 0.00, 0.00, 0.00, 2.70, 0.00, 0.00, 0.00, 0.00, 0.00, 0.00, 0.00, 0.00, 0.00, 0.00, 0.00, 0.00, 0.00, 0.00, 0.00, 0.00, 0.00, 0.00, 0.00, 0.00, 0.00, 0.00, 0.00, 0.00, 0.00, 0.00, 0.00, 0.00, 0.00, 0.00, 0.00, 0.00, 0.00, 0.00, 0.00, 0.00, 0.00, 0.00, 0.00, 'Ausente', '', 0.00),
(230, 51, '2007-12-09', 0.00, 0.00, 0.00, 0.00, 0.00, 3.34, 0.00, 0.00, 0.00, 0.00, 0.00, 0.00, 0.00, 0.00, 0.00, 0.00, 0.00, 0.00, 0.00, 0.00, 0.00, 0.00, 0.00, 0.00, 6.80, 0.00, 0.00, 0.00, 0.00, 0.00, 0.00, 0.00, 0.00, 0.00, 0.00, 0.00, 0.00, 0.00, 0.00, 0.00, 0.00, 0.00, 0.00, 0.00, 0.00, 'Ausente', '', 0.00),
(231, 51, '2007-12-13', 0.00, 0.00, 0.00, 0.00, 0.51, 1.87, 30.80, 9.90, 6750.00, 355000.00, 136.00, 4.70, 0.00, 0.00, 0.00, 0.00, 0.00, 0.00, 0.00, 0.00, 0.00, 0.00, 0.00, 0.00, 0.00, 0.00, 0.00, 0.00, 0.00, 0.00, 0.00, 0.00, 0.00, 0.00, 0.00, 0.00, 0.00, 0.00, 0.00, 0.00, 0.00, 0.00, 0.00, 0.00, 0.00, 'Ausente', '', 0.00),
(232, 88, '2007-12-19', 0.00, 0.00, 0.00, 0.00, 0.71, 1.70, 36.70, 12.30, 5400.00, 213000.00, 140.00, 4.00, 0.00, 0.00, 0.00, 0.00, 0.00, 0.00, 0.00, 0.00, 0.00, 0.00, 0.00, 0.00, 5.30, 0.00, 0.00, 0.00, 0.00, 0.00, 0.00, 0.00, 0.00, 0.00, 0.00, 0.00, 0.00, 0.00, 0.00, 0.00, 0.00, 0.00, 0.00, 0.00, 0.00, 'Ausente', '', 0.00),
(233, 59, '2007-12-20', 0.00, 0.00, 0.00, 0.00, 1.02, 1.80, 0.00, 11.40, 5060.00, 124000.00, 138.00, 4.40, 0.00, 0.00, 0.00, 0.00, 0.00, 0.00, 0.00, 0.00, 0.00, 0.00, 0.00, 0.00, 0.00, 0.00, 0.00, 0.00, 0.00, 0.00, 0.00, 0.00, 0.00, 100.00, 0.00, 0.00, 0.00, 0.00, 0.00, 0.00, 0.00, 0.00, 0.00, 0.00, 0.00, 'Ausente', '', 0.00),
(234, 59, '2007-12-31', 0.00, 0.00, 0.00, 0.00, 120.00, 1.99, 31.20, 10.50, 5400.00, 134000.00, 0.00, 0.00, 0.00, 0.00, 0.00, 0.00, 0.00, 0.00, 0.00, 0.00, 0.00, 0.00, 0.00, 0.00, 0.00, 0.00, 0.00, 0.12, 0.53, 17.00, 24.00, 26.00, 162.00, 0.00, 0.00, 0.00, 0.00, 0.00, 0.00, 0.00, 0.00, 0.00, 0.00, 4.40, 2.50, 'Ausente', '', 0.00),
(235, 111, '2008-01-04', 0.00, 0.00, 0.00, 0.00, 0.00, 3.00, 0.00, 0.00, 0.00, 0.00, 0.00, 0.00, 0.00, 0.00, 0.00, 0.00, 0.00, 0.00, 0.00, 0.00, 0.00, 0.00, 0.00, 0.00, 0.00, 0.00, 0.00, 0.00, 0.00, 0.00, 0.00, 0.00, 0.00, 0.00, 0.00, 0.00, 0.00, 0.00, 0.00, 0.00, 0.00, 0.00, 0.00, 0.00, 0.00, 'Ausente', 'Centello dialtacion pielocaliceal. Nefrostomia Stop union pielocalicial', 0.00),
(236, 97, '2008-01-07', 0.00, 0.00, 0.00, 69.80, 0.00, 1.29, 0.00, 11.70, 11900.00, 0.00, 0.00, 0.00, 0.00, 0.00, 0.00, 0.00, 0.00, 0.00, 0.00, 0.00, 0.00, 0.00, 0.00, 0.00, 0.00, 0.00, 0.00, 0.00, 0.00, 0.00, 0.00, 0.00, 0.00, 0.00, 0.00, 0.00, 0.00, 0.00, 0.00, 0.00, 0.00, 0.00, 0.00, 0.00, 0.00, 'Ausente', '', 0.00),
(237, 85, '2008-01-15', 140.00, 88.00, 0.00, 0.00, 0.44, 1.26, 40.00, 12.00, 6600.00, 148000.00, 0.00, 0.00, 0.00, 0.00, 0.00, 0.00, 0.00, 0.00, 0.00, 0.00, 0.00, 0.00, 0.00, 0.00, 6.00, 0.00, 0.00, 0.00, 0.00, 0.00, 0.00, 0.00, 0.00, 0.00, 0.00, 0.00, 0.00, 0.00, 0.00, 0.00, 0.00, 0.00, 0.00, 0.00, 0.00, 'Ausente', '', 0.00),
(238, 111, '2008-01-15', 0.00, 0.00, 0.00, 0.00, 0.00, 0.00, 34.20, 10.80, 9100.00, 0.00, 137.00, 5.00, 0.00, 0.00, 0.00, 0.00, 0.00, 0.00, 0.00, 0.00, 0.00, 0.00, 122.00, 0.00, 0.00, 0.00, 0.00, 0.00, 0.00, 0.00, 0.00, 0.00, 0.00, 0.00, 0.00, 0.00, 0.00, 0.00, 0.00, 0.00, 0.00, 0.00, 0.00, 0.00, 0.00, 'Ausente', 'Alta con nefrostomia de derivación x estenosis ureteral', 0.00),
(239, 111, '2008-01-28', 140.00, 70.00, 0.00, 86.00, 0.00, 2.58, 0.00, 0.00, 0.00, 0.00, 0.00, 0.00, 0.00, 0.00, 0.00, 0.00, 0.00, 0.00, 0.00, 0.00, 0.00, 0.00, 177.00, 0.00, 0.00, 0.00, 0.00, 0.00, 0.00, 0.00, 0.00, 0.00, 0.00, 0.00, 0.00, 0.00, 0.00, 0.00, 0.00, 0.00, 0.00, 0.00, 0.00, 0.00, 0.00, 'Ausente', '', 0.00),
(240, 111, '2008-01-29', 0.00, 0.00, 0.00, 0.00, 109.00, 5.11, 28.70, 9.00, 20100.00, 386000.00, 132.00, 5.40, 0.00, 0.00, 0.00, 0.00, 0.00, 0.00, 0.00, 0.00, 0.00, 0.00, 132.00, 0.00, 0.00, 0.00, 0.00, 0.00, 0.00, 0.00, 0.00, 0.00, 0.00, 95.00, 39.00, 0.00, 917.00, 0.00, 0.00, 0.00, 0.00, 0.00, 0.00, 0.00, 0.00, 'Ausente', 'IRA sepsis x IU a Klebsiella multiR S imipenem. \nNefrostomia', 0.00),
(241, 96, '2008-02-01', 0.00, 0.00, 0.00, 0.00, 0.00, 1.32, 0.00, 0.00, 0.00, 0.00, 0.00, 0.00, 0.00, 0.00, 0.00, 0.00, 0.00, 0.00, 0.00, 0.00, 0.00, 0.00, 0.00, 0.00, 0.00, 0.00, 0.00, 0.00, 0.00, 0.00, 0.00, 0.00, 0.00, 0.00, 0.00, 0.00, 0.00, 0.00, 0.00, 0.00, 0.00, 0.00, 0.00, 0.00, 0.00, 'Ausente', '', 0.00),
(242, 101, '2008-02-05', 0.00, 0.00, 0.00, 0.00, 0.52, 1.30, 28.70, 9.80, 11540.00, 425000.00, 131.00, 3.80, 0.00, 9.00, 0.00, 0.00, 0.00, 0.00, 0.00, 0.00, 0.00, 0.00, 0.00, 0.00, 0.00, 0.00, 0.00, 0.00, 0.00, 0.00, 0.00, 0.00, 0.00, 0.00, 0.00, 0.00, 0.00, 0.00, 0.00, 0.00, 0.00, 0.00, 0.00, 0.00, 0.00, 'Ausente', '', 0.00),
(243, 25, '2008-02-09', 0.00, 0.00, 0.00, 0.00, 94.00, 2.31, 35.00, 12.00, 11600.00, 204000.00, 131.00, 4.20, 0.00, 0.00, 0.00, 0.00, 0.00, 0.00, 0.00, 0.00, 0.00, 0.00, 0.00, 0.00, 0.00, 0.00, 0.00, 0.00, 0.00, 0.00, 0.00, 0.00, 0.00, 0.00, 0.00, 0.00, 0.00, 0.00, 0.00, 0.00, 0.00, 0.00, 0.00, 0.00, 0.00, 'Ausente', '', 0.00),
(244, 47, '2008-02-11', 0.00, 0.00, 0.00, 0.00, 0.75, 2.55, 17.80, 6.20, 0.00, 0.00, 0.00, 4.30, 0.00, 0.00, 0.00, 0.00, 0.00, 0.00, 0.00, 0.00, 0.00, 0.00, 0.00, 0.00, 0.00, 0.00, 0.00, 0.00, 0.00, 0.00, 0.00, 0.00, 0.00, 0.00, 0.00, 0.00, 0.00, 0.00, 0.00, 0.00, 0.00, 0.00, 0.00, 0.00, 0.00, 'Ausente', 'IRA x deshidratacion, vomitos', 0.00),
(245, 111, '2008-02-14', 0.00, 0.00, 0.00, 0.00, 71.00, 2.06, 32.00, 10.20, 21070.00, 398000.00, 0.00, 0.00, 0.00, 0.00, 0.00, 0.00, 0.00, 0.00, 0.00, 0.00, 0.00, 0.00, 0.00, 0.00, 0.00, 0.00, 0.00, 0.00, 0.00, 0.00, 0.00, 0.00, 0.00, 0.00, 0.00, 0.00, 0.00, 0.00, 0.00, 0.00, 0.00, 0.00, 0.00, 0.00, 0.00, 'Ausente', 'Imipenem x 1 mes 29/1 al 28/2', 0.00),
(246, 66, '2008-02-23', 0.00, 0.00, 0.00, 0.00, 0.56, 1.95, 21.00, 13.30, 9300.00, 324000.00, 140.00, 3.90, 0.00, 9.50, 0.00, 0.00, 0.00, 0.00, 0.00, 0.00, 0.00, 0.00, 136.00, 0.00, 0.00, 0.00, 0.00, 0.00, 0.00, 0.00, 0.00, 0.00, 0.00, 0.00, 0.00, 0.00, 0.00, 0.00, 0.00, 0.00, 0.00, 0.00, 0.00, 0.00, 0.00, 'Ausente', '', 0.00),
(247, 102, '2008-03-04', 0.00, 0.00, 4250.00, 0.00, 0.50, 1.60, 26.90, 9.00, 11700.00, 350000.00, 139.00, 4.20, 0.00, 0.00, 0.00, 0.00, 6.00, 0.00, 0.00, 0.00, 0.00, 0.00, 176.00, 0.00, 0.00, 0.00, 0.00, 0.20, 0.30, 27.00, 55.00, 0.00, 0.00, 0.00, 25.00, 0.00, 0.00, 0.00, 0.00, 0.00, 0.00, 0.00, 0.00, 3.60, 2.40, 'Ausente', 'Amilasemia 31', 0.00),
(248, 111, '2008-03-05', 0.00, 0.00, 0.00, 0.00, 63.00, 2.85, 35.00, 11.70, 16800.00, 273000.00, 127.00, 4.00, 0.00, 0.00, 0.00, 0.00, 0.00, 0.00, 0.00, 0.00, 0.00, 0.00, 0.00, 0.00, 0.00, 0.00, 0.00, 0.00, 0.00, 0.00, 0.00, 0.00, 0.00, 0.00, 0.00, 0.00, 0.00, 0.00, 0.00, 0.00, 0.00, 0.00, 0.00, 0.00, 0.00, 'Ausente', 'UC nefrostomia klebsiella S ciporfloxacina', 0.00),
(249, 96, '2008-03-11', 0.00, 0.00, 0.00, 0.00, 0.00, 1.66, 0.00, 0.00, 0.00, 0.00, 0.00, 0.00, 0.00, 0.00, 0.00, 0.00, 0.00, 0.00, 0.00, 0.00, 0.00, 0.00, 267.00, 0.00, 0.00, 0.00, 0.00, 0.00, 0.00, 0.00, 0.00, 0.00, 0.00, 0.00, 0.00, 0.00, 0.00, 0.00, 0.00, 0.00, 0.00, 0.00, 0.00, 0.00, 0.00, 'Ausente', '', 0.00),
(250, 111, '2008-03-22', 0.00, 0.00, 0.00, 0.00, 130.00, 3.00, 0.00, 17300.00, 0.00, 0.00, 0.00, 0.00, 0.00, 0.00, 0.00, 0.00, 0.00, 0.00, 0.00, 0.00, 0.00, 0.00, 0.00, 0.00, 0.00, 0.00, 0.00, 0.00, 0.00, 0.00, 0.00, 0.00, 0.00, 0.00, 0.00, 0.00, 0.00, 0.00, 0.00, 0.00, 0.00, 0.00, 0.00, 0.00, 0.00, 'Ausente', 'UC levaduras\ndiarrea \nfluconazol x 14 dias', 0.00),
(251, 97, '2008-03-31', 0.00, 0.00, 0.00, 0.00, 0.00, 0.00, 0.00, 12.20, 0.00, 0.00, 0.00, 0.00, 0.00, 0.00, 0.00, 0.00, 0.00, 0.00, 0.00, 0.00, 0.00, 0.00, 0.00, 0.00, 7.70, 0.00, 0.00, 0.00, 0.00, 0.00, 0.00, 0.00, 0.00, 0.00, 0.00, 0.00, 0.00, 0.00, 0.00, 0.00, 0.00, 0.00, 0.00, 0.00, 0.00, 'Ausente', '', 0.00),
(252, 111, '2008-03-31', 0.00, 0.00, 0.00, 0.00, 90.00, 2.67, 30.00, 9.70, 11600.00, 464000.00, 126.00, 4.60, 0.00, 9.50, 0.00, 0.84, 0.00, 0.00, 0.00, 0.00, 0.00, 0.00, 0.00, 0.00, 0.00, 0.00, 0.00, 0.00, 0.00, 0.00, 0.00, 0.00, 0.00, 0.00, 0.00, 0.00, 0.00, 0.00, 0.00, 0.00, 0.00, 0.00, 0.00, 0.00, 0.00, 'Ausente', 'Prot u negativa', 0.00),
(253, 111, '2008-04-10', 170.00, 90.00, 0.00, 89.00, 0.47, 2.28, 32.40, 10.40, 11200.00, 390000.00, 132.00, 5.70, 0.00, 8.60, 3.15, 0.64, 0.00, 0.00, 0.00, 0.00, 0.00, 0.00, 122.00, 0.00, 0.00, 0.00, 0.00, 0.20, 0.30, 13.00, 8.20, 28.10, 211.00, 0.00, 0.00, 0.00, 0.00, 0.00, 0.00, 0.00, 0.00, 0.00, 0.00, 3.90, 3.50, 'Ausente', '', 0.00),
(254, 39, '2008-04-13', 130.00, 75.00, 0.00, 42.00, 0.91, 2.66, 21.60, 7.00, 6740.00, 203000.00, 138.00, 4.50, 0.00, 9.00, 3.80, 0.77, 7.20, 3.80, 36.00, 0.00, 0.00, 0.00, 0.00, 0.00, 4.60, 0.00, 0.00, 0.20, 0.60, 9.00, 6.00, 0.00, 0.00, 0.00, 0.00, 0.00, 0.00, 0.00, 0.00, 0.00, 0.00, 0.00, 0.00, 3.50, 0.00, 'Ausente', 'Depresion, IRA, proteinuria PBR', 0.00),
(255, 39, '2008-04-16', 0.00, 0.00, 1700.00, 0.00, 0.00, 2.80, 20.20, 6.20, 6570.00, 197000.00, 0.00, 0.00, 0.00, 0.00, 0.00, 0.00, 0.00, 0.87, 26.00, 0.00, 0.00, 0.00, 0.00, 0.00, 7.50, 0.00, 0.00, 0.10, 0.20, 12.00, 9.00, 10.00, 145.00, 0.00, 0.00, 0.00, 0.00, 0.00, 0.00, 0.00, 0.00, 0.00, 0.00, 3.50, 2.00, 'Ausente', 'Ingresa x IRA+anemia PBR+se inicia EPO', 0.00),
(256, 85, '2008-04-20', 190.00, 100.00, 0.00, 0.00, 1.06, 1.85, 38.20, 11.70, 6500.00, 159000.00, 0.00, 0.00, 0.00, 0.00, 0.00, 0.00, 0.00, 0.50, 0.00, 0.00, 0.00, 0.00, 0.00, 0.00, 5.60, 0.00, 0.00, 0.00, 0.00, 0.00, 0.00, 0.00, 0.00, 0.00, 0.00, 0.00, 0.00, 0.00, 0.00, 0.00, 0.00, 0.00, 0.00, 0.00, 0.00, 'Ausente', '', 0.00),
(257, 106, '2008-04-24', 0.00, 0.00, 5480.00, 0.00, 0.62, 1.30, 28.50, 9.50, 7490.00, 202000.00, 137.00, 4.20, 0.00, 7.70, 0.00, 0.90, 3.60, 0.55, 0.00, 0.00, 0.00, 0.00, 147.00, 0.00, 0.00, 0.00, 0.00, 0.16, 0.30, 10.00, 8.00, 31.00, 150.00, 100.00, 37.00, 0.00, 314.00, 0.00, 0.00, 0.00, 0.00, 0.00, 0.00, 5.10, 3.50, 'Ausente', 'Amilasemia 35', 0.00),
(258, 105, '2008-05-09', 0.00, 0.00, 3200.00, 0.00, 0.47, 1.78, 22.00, 6.90, 5840.00, 265000.00, 135.00, 3.90, 0.00, 8.30, 0.00, 0.00, 4.40, 3.50, 0.00, 0.00, 0.00, 0.00, 329.00, 0.00, 0.00, 0.00, 0.00, 0.20, 0.36, 0.00, 0.00, 0.00, 0.00, 37.00, 89.00, 0.00, 0.00, 0.00, 0.00, 0.00, 0.00, 0.00, 0.00, 3.60, 2.10, 'Ausente', 'Amilasemia 63', 0.00),
(259, 111, '2008-05-09', 140.00, 80.00, 3850.00, 89.00, 0.60, 2.15, 36.50, 11.50, 107300.00, 367000.00, 141.00, 4.80, 0.00, 8.90, 3.80, 0.00, 0.00, 0.00, 37.00, 0.00, 0.00, 0.00, 115.00, 0.00, 0.00, 0.00, 0.00, 0.00, 0.00, 0.00, 0.00, 0.00, 0.00, 0.00, 0.00, 0.00, 0.00, 0.00, 0.00, 0.00, 0.00, 0.00, 0.00, 0.00, 0.00, 'Ausente', '', 0.00),
(260, 107, '2008-05-14', 0.00, 0.00, 4000.00, 0.00, 1.12, 1.61, 31.80, 10.50, 14200.00, 335000.00, 144.00, 3.50, 0.00, 8.70, 0.00, 1.29, 4.20, 0.00, 0.00, 0.00, 0.00, 0.00, 196.00, 0.00, 0.00, 0.00, 0.00, 0.16, 0.40, 30.00, 84.00, 144.00, 200.00, 95.00, 25.00, 0.00, 0.00, 0.00, 0.00, 0.00, 0.00, 0.00, 0.00, 4.00, 2.30, 'Ausente', 'Amilasemia 57', 0.00),
(261, 105, '2008-05-20', 0.00, 0.00, 0.00, 0.00, 0.47, 2.35, 0.00, 0.00, 0.00, 0.00, 0.00, 0.00, 0.00, 0.00, 0.00, 0.00, 0.00, 0.00, 0.00, 0.00, 0.00, 0.00, 0.00, 0.00, 0.00, 0.00, 0.00, 0.00, 0.00, 0.00, 0.00, 0.00, 0.00, 0.00, 0.00, 0.00, 0.00, 0.00, 0.00, 0.00, 0.00, 0.00, 0.00, 0.00, 0.00, 'Ausente', '', 0.00),
(262, 105, '2008-05-27', 0.00, 0.00, 0.00, 0.00, 0.75, 2.63, 28.10, 8.70, 2600.00, 218000.00, 131.00, 4.30, 0.00, 8.30, 0.00, 0.00, 4.40, 0.00, 0.00, 0.00, 0.00, 0.00, 0.00, 0.00, 0.00, 0.00, 0.00, 0.00, 0.00, 0.00, 0.00, 0.00, 0.00, 0.00, 0.00, 0.00, 0.00, 0.00, 0.00, 0.00, 0.00, 0.00, 0.00, 0.00, 0.00, 'Ausente', '', 0.00),
(263, 107, '2008-06-02', 0.00, 0.00, 0.00, 0.00, 0.00, 2.81, 0.00, 0.00, 0.00, 0.00, 0.00, 0.00, 0.00, 0.00, 0.00, 0.00, 0.00, 0.00, 0.00, 0.00, 0.00, 0.00, 340.00, 0.00, 0.00, 0.00, 0.00, 0.00, 0.00, 0.00, 0.00, 0.00, 0.00, 0.00, 0.00, 0.00, 0.00, 0.00, 0.00, 0.00, 0.00, 0.00, 0.00, 0.00, 0.00, 'Ausente', '', 0.00),
(264, 111, '2008-06-02', 0.00, 0.00, 0.00, 0.00, 0.55, 2.60, 37.00, 11.70, 10490.00, 212000.00, 0.00, 0.00, 0.00, 0.00, 0.00, 0.61, 6.30, 0.08, 0.00, 0.00, 0.00, 0.00, 92.00, 0.00, 0.00, 0.00, 0.00, 0.20, 0.40, 8.00, 9.90, 32.00, 282.00, 0.00, 0.00, 0.00, 0.00, 0.00, 0.00, 0.00, 0.00, 0.00, 0.00, 4.00, 3.30, 'Ausente', '5/6/08 se retira pig tail', 0.00),
(265, 107, '2008-06-14', 0.00, 0.00, 0.00, 0.00, 1.38, 2.54, 30.10, 9.80, 9000.00, 0.00, 0.00, 0.00, 0.00, 0.00, 0.00, 0.00, 0.00, 0.00, 0.00, 0.00, 0.00, 0.00, 0.00, 0.00, 0.00, 0.00, 0.00, 0.00, 0.00, 0.00, 0.00, 0.00, 0.00, 0.00, 0.00, 0.00, 0.00, 0.00, 0.00, 0.00, 0.00, 0.00, 0.00, 0.00, 0.00, 'Ausente', '', 0.00),
(266, 105, '2008-06-23', 0.00, 0.00, 0.00, 0.00, 0.00, 1.79, 0.00, 0.00, 0.00, 0.00, 0.00, 0.00, 0.00, 0.00, 0.00, 0.00, 0.00, 0.00, 0.00, 0.00, 0.00, 0.00, 0.00, 0.00, 0.00, 0.00, 0.00, 0.00, 0.00, 0.00, 0.00, 0.00, 0.00, 0.00, 0.00, 0.00, 0.00, 0.00, 0.00, 0.00, 0.00, 0.00, 0.00, 0.00, 0.00, 'Ausente', '', 0.00),
(267, 98, '2008-06-28', 0.00, 0.00, 0.00, 0.00, 1.06, 1.89, 35.60, 11.20, 12000.00, 0.00, 135.00, 5.50, 0.00, 10.00, 3.00, 0.00, 0.00, 0.00, 0.00, 0.00, 0.00, 0.00, 189.00, 0.00, 0.00, 0.00, 0.00, 0.00, 0.00, 0.00, 0.00, 0.00, 0.00, 0.00, 0.00, 0.00, 0.00, 0.00, 0.00, 0.00, 0.00, 0.00, 0.00, 0.00, 0.00, 'Ausente', '', 0.00),
(268, 111, '2008-07-01', 0.00, 0.00, 0.00, 0.00, 81.00, 3.16, 34.40, 12.00, 9900.00, 213000.00, 142.00, 4.50, 0.00, 0.00, 0.00, 0.00, 0.00, 0.13, 0.00, 0.00, 0.00, 0.00, 0.00, 0.00, 0.00, 0.00, 0.00, 0.00, 0.00, 0.00, 0.00, 0.00, 0.00, 0.00, 0.00, 0.00, 0.00, 0.00, 0.00, 0.00, 0.00, 0.00, 0.00, 0.00, 0.00, 'Ausente', '', 0.00),
(269, 105, '2008-07-04', 0.00, 0.00, 0.00, 0.00, 0.76, 1.52, 0.00, 0.00, 0.00, 0.00, 0.00, 0.00, 0.00, 0.00, 0.00, 0.00, 0.00, 0.00, 0.00, 0.00, 0.00, 0.00, 0.00, 0.00, 0.00, 0.00, 0.00, 0.00, 0.00, 0.00, 0.00, 0.00, 0.00, 0.00, 0.00, 0.00, 0.00, 0.00, 0.00, 0.00, 0.00, 0.00, 0.00, 0.00, 0.00, 'Ausente', '', 0.00),
(270, 111, '2008-07-12', 0.00, 0.00, 4000.00, 0.00, 1.23, 2.80, 36.50, 12.10, 14800.00, 0.00, 0.00, 4.70, 0.00, 0.00, 0.00, 0.00, 0.00, 0.00, 0.00, 0.00, 0.00, 0.00, 0.00, 0.00, 0.00, 0.00, 0.00, 0.00, 0.00, 0.00, 0.00, 0.00, 0.00, 0.00, 0.00, 0.00, 0.00, 0.00, 0.00, 0.00, 0.00, 0.00, 0.00, 0.00, 0.00, 'Ausente', '', 0.00),
(271, 85, '2008-07-17', 0.00, 0.00, 0.00, 0.00, 0.00, 2.00, 32.00, 11.00, 9800.00, 283000.00, 0.00, 5.40, 0.00, 0.00, 0.00, 0.79, 0.00, 0.00, 0.00, 0.00, 0.00, 0.00, 0.00, 0.00, 7.00, 0.00, 0.00, 0.00, 0.00, 0.00, 0.00, 0.00, 0.00, 0.00, 32.00, 0.00, 380.00, 0.00, 0.00, 0.00, 0.00, 0.00, 0.00, 0.00, 0.00, 'Ausente', 'Ingresa xa PBR', 0.00),
(272, 85, '2008-07-22', 0.00, 0.00, 0.00, 0.00, 0.00, 3.00, 0.00, 0.00, 0.00, 0.00, 0.00, 0.00, 0.00, 0.00, 0.00, 0.79, 0.00, 0.00, 0.00, 0.00, 0.00, 0.00, 0.00, 0.00, 7.00, 0.00, 0.00, 0.00, 0.00, 0.00, 0.00, 0.00, 0.00, 0.00, 0.00, 0.00, 0.00, 0.00, 0.00, 0.00, 0.00, 0.00, 0.00, 0.00, 0.00, 'Ausente', 'ingresa x Anuria+ hematoma logia posPBR', 0.00),
(273, 85, '2008-08-15', 0.00, 0.00, 4550.00, 0.00, 0.79, 2.14, 25.80, 8.30, 8580.00, 266000.00, 130.00, 4.70, 0.00, 0.00, 0.00, 0.00, 0.00, 0.00, 34.00, 19.50, 0.00, 0.00, 0.00, 0.00, 0.00, 0.00, 0.00, 0.00, 0.00, 0.00, 0.00, 0.00, 0.00, 0.00, 0.00, 0.00, 0.00, 0.00, 0.00, 0.00, 0.00, 0.00, 0.00, 0.00, 0.00, 'Ausente', '', 0.00),
(274, 111, '2008-08-15', 0.00, 0.00, 0.00, 0.00, 155.00, 5.00, 24.00, 7.80, 1550.00, 103000.00, 0.00, 5.00, 0.00, 0.00, 0.00, 0.00, 0.00, 0.00, 0.00, 0.00, 0.00, 0.00, 0.00, 0.00, 0.00, 0.00, 0.00, 0.10, 0.20, 22.00, 12.00, 27.00, 194.00, 99.00, 49.00, 0.00, 0.00, 0.00, 0.00, 0.00, 0.00, 0.00, 0.00, 2.20, 0.00, 'Ausente', 'pO2 44, pCO2 22. pH 7.28, HCO3-13. Ingresa CTI. CIPAP', 0.00),
(275, 1, '2008-08-21', 8.00, 73.00, 830.00, 38.00, 8.00, 8.00, 7.00, 7.00, 7.00, 6.00, 0.00, 0.00, 0.00, 8943.00, 7373.00, 3823.00, 8.00, 8.00, 7.00, 7.00, 7.00, 7.00, 5.00, 0.00, 0.00, 0.00, 83.00, 3820.00, 839.00, 0.00, 8.00, 7.00, 7.00, 7.00, 7.00, 0.00, 7.00, 93.00, 8383.00, 839.00, 8.00, 0.00, 7.00, 7.00, 7.00, 'Falta', '', 0.00),
(276, 85, '2008-09-11', 0.00, 0.00, 3800.00, 0.00, 150.00, 1.85, 0.00, 0.00, 0.00, 0.00, 141.00, 5.00, 0.00, 0.00, 0.00, 0.00, 0.00, 0.00, 0.00, 0.00, 0.00, 0.00, 0.00, 0.00, 0.00, 0.00, 0.00, 0.00, 0.00, 0.00, 0.00, 0.00, 0.00, 0.00, 0.00, 0.00, 0.00, 0.00, 0.00, 0.00, 0.00, 0.00, 0.00, 0.00, 0.00, 'Ausente', 'Hipoxemia severa CPAP en CTI', 0.00),
(277, 113, '2008-09-20', 12.00, 7.00, 6250.00, 73.80, 0.83, 1.49, 27.30, 8.50, 13210.00, 289000.00, 130.00, 3.70, 0.00, 6.50, 0.00, 0.70, 7.30, 0.11, 0.00, 0.00, 0.00, 0.00, 192.00, 0.00, 0.00, 0.00, 0.00, 0.24, 1.00, 14.00, 4.00, 0.00, 0.00, 0.00, 29.00, 0.00, 0.00, 0.00, 0.00, 0.00, 0.00, 0.00, 0.00, 2.40, 3.00, 'Ausente', '', 0.00),
(278, 20, '2008-10-01', 0.00, 0.00, 0.00, 0.00, 0.00, 0.00, 0.00, 0.00, 0.00, 0.00, 0.00, 0.00, 0.00, 0.00, 0.00, 0.00, 0.00, 0.00, 0.00, 0.00, 0.00, 0.00, 0.00, 0.00, 0.00, 0.00, 0.00, 0.00, 0.00, 0.00, 0.00, 0.00, 0.00, 0.00, 0.00, 0.00, 0.00, 100.00, 0.00, 0.00, 0.00, 0.00, 0.00, 0.00, 0.00, 'Ausente', '', 0.00),
(279, 76, '2008-10-01', 0.00, 0.00, 0.00, 0.00, 0.70, 1.78, 37.00, 12.80, 8300.00, 188000.00, 0.00, 0.00, 0.00, 0.00, 0.00, 0.00, 0.00, 0.00, 51.00, 0.00, 0.00, 0.00, 205.00, 0.00, 0.00, 0.00, 0.00, 0.06, 0.59, 25.00, 49.00, 19.00, 194.00, 0.00, 0.00, 0.00, 0.00, 0.00, 0.00, 0.00, 0.00, 0.00, 0.00, 0.00, 0.00, 'Ausente', '', 0.00),
(280, 85, '2008-10-02', 0.00, 0.00, 0.00, 0.00, 0.37, 1.40, 25.30, 8.50, 3390.00, 294000.00, 125.00, 4.80, 0.00, 0.00, 0.00, 0.00, 0.00, 0.00, 0.00, 0.00, 0.00, 0.00, 0.00, 0.00, 3.80, 0.00, 0.00, 0.00, 0.00, 0.00, 0.00, 0.00, 0.00, 0.00, 0.00, 0.00, 0.00, 0.00, 0.00, 0.00, 0.00, 0.00, 0.00, 0.00, 0.00, 'Ausente', '', 0.00),
(281, 39, '2008-10-13', 120.00, 80.00, 3500.00, 42.00, 1.04, 3.47, 21.00, 6.80, 14100.00, 195000.00, 143.00, 5.00, 0.00, 7.70, 4.80, 0.90, 0.00, 10.50, 0.00, 0.00, 0.00, 0.00, 0.00, 0.00, 2.60, 0.00, 0.00, 0.10, 0.37, 9.00, 13.00, 36.00, 211.00, 0.00, 0.00, 0.00, 0.00, 0.00, 0.00, 0.00, 0.00, 0.00, 0.00, 0.00, 0.00, 'Ausente', 'Depresion, anemia, gripe, S No, IR Pase a H Maciel', 0.00),
(282, 116, '2008-10-31', 0.00, 0.00, 3250.00, 84.00, 0.57, 1.49, 25.60, 8.20, 12850.00, 322000.00, 136.00, 4.10, 0.00, 7.90, 0.00, 0.94, 4.10, 0.50, 0.00, 0.00, 0.00, 0.00, 198.00, 0.00, 0.00, 0.00, 0.00, 0.20, 0.50, 35.00, 53.00, 76.00, 241.00, 100.00, 28.00, 0.00, 384.00, 0.00, 0.00, 0.00, 0.00, 0.00, 0.00, 3.00, 2.90, 'Ausente', 'Amilasemia 36', 0.00),
(283, 114, '2008-11-01', 140.00, 70.00, 2030.00, 64.00, 0.93, 1.54, 23.60, 7.50, 11560.00, 303000.00, 135.00, 3.90, 0.00, 7.70, 0.00, 0.82, 4.70, 0.00, 0.00, 0.00, 0.00, 0.00, 141.00, 0.00, 0.00, 0.00, 0.00, 0.10, 0.40, 18.00, 13.00, 59.00, 133.00, 96.00, 26.00, 0.00, 326.00, 0.00, 0.00, 0.00, 0.00, 0.00, 0.00, 2.80, 2.20, 'Ausente', '', 0.00),
(284, 115, '2008-11-01', 150.00, 100.00, 3950.00, 73.50, 0.59, 1.46, 32.80, 10.80, 9140.00, 248000.00, 137.00, 3.70, 0.00, 8.90, 0.00, 95.00, 2.80, 0.00, 0.00, 0.00, 0.00, 0.00, 178.00, 0.00, 0.00, 0.00, 0.00, 0.10, 0.30, 16.00, 19.00, 0.00, 0.00, 0.00, 25.00, 0.00, 337.00, 0.00, 0.00, 0.00, 0.00, 0.00, 0.00, 3.00, 2.50, 'Ausente', 'Amilasemia 49', 0.00),
(285, 39, '2008-11-04', 0.00, 0.00, 0.00, 47.20, 0.83, 3.60, 27.60, 8.80, 5820.00, 0.00, 142.00, 3.10, 0.00, 6.50, 2.20, 0.52, 6.60, 7.00, 0.00, 0.00, 0.00, 0.00, 0.00, 0.00, 0.00, 0.00, 0.00, 0.02, 0.62, 12.00, 6.00, 34.00, 160.00, 0.00, 0.00, 0.00, 0.00, 0.00, 0.00, 0.00, 0.00, 0.00, 0.00, 0.00, 0.00, 'Ausente', 'LDH 513\nGaso pH 7.45 pCO2 39 pO2 69 BE 3', 0.00),
(286, 118, '2008-11-10', 0.00, 0.00, 4550.00, 78.00, 0.78, 1.74, 32.40, 10.90, 13980.00, 198000.00, 133.00, 4.30, 0.00, 8.10, 0.00, 0.92, 6.60, 1.09, 0.00, 0.00, 0.00, 0.00, 228.00, 0.00, 0.00, 0.00, 0.00, 0.18, 0.44, 25.00, 56.00, 0.00, 0.00, 0.00, 26.00, 0.00, 213.00, 0.00, 0.00, 0.00, 0.00, 0.00, 0.00, 2.90, 2.60, 'Ausente', 'Amilasemia 61', 0.00),
(287, 120, '2008-11-14', 0.00, 0.00, 5250.00, 80.00, 0.74, 1.60, 31.60, 10.50, 9420.00, 272000.00, 134.00, 4.90, 0.00, 9.50, 0.00, 119.00, 4.80, 0.00, 0.00, 0.00, 0.00, 0.00, 140.00, 0.00, 0.00, 0.00, 0.00, 0.10, 0.20, 29.00, 56.00, 0.00, 0.00, 0.00, 33.00, 0.00, 0.00, 0.00, 0.00, 0.00, 0.00, 0.00, 0.00, 3.70, 3.80, 'Ausente', 'Amilasemia 68\n', 0.00),
(288, 119, '2008-11-15', 0.00, 0.00, 4050.00, 0.00, 1.34, 2.19, 24.10, 7.80, 10770.00, 415000.00, 130.00, 3.40, 0.00, 8.00, 0.00, 0.83, 8.80, 0.00, 0.00, 0.00, 0.00, 0.00, 565.00, 0.00, 0.00, 0.00, 0.00, 0.10, 0.20, 10.00, 39.00, 54.00, 79.00, 0.00, 0.00, 0.00, 0.00, 0.00, 0.00, 0.00, 0.00, 0.00, 0.00, 2.90, 2.50, 'Ausente', '', 0.00),
(289, 76, '2008-11-18', 0.00, 0.00, 0.00, 0.00, 1.13, 2.55, 41.00, 13.90, 8400.00, 157000.00, 0.00, 0.00, 0.00, 0.00, 0.00, 0.00, 0.00, 0.32, 53.90, 0.00, 0.00, 0.00, 0.00, 0.00, 0.00, 0.00, 0.00, 0.15, 0.45, 10.00, 9.00, 20.00, 184.00, 0.00, 0.00, 0.00, 0.00, 0.00, 0.00, 0.00, 0.00, 0.00, 0.00, 0.00, 0.00, 'Ausente', 'UC neg \nPBR', 0.00),
(290, 117, '2008-11-26', 0.00, 0.00, 2570.00, 0.00, 0.41, 0.52, 34.50, 11.00, 12880.00, 402000.00, 132.00, 4.70, 0.00, 9.10, 0.00, 0.76, 0.00, 0.00, 0.00, 0.00, 0.00, 0.00, 0.00, 0.00, 7.10, 0.00, 0.00, 0.10, 0.34, 19.00, 32.00, 181.00, 150.00, 100.00, 24.00, 0.00, 0.00, 0.00, 0.00, 0.00, 0.00, 0.00, 0.00, 2.60, 2.80, 'Ausente', 'Amilasemia 42', 0.00),
(291, 120, '2008-12-06', 140.00, 90.00, 0.00, 0.00, 0.43, 1.62, 38.70, 12.80, 5500.00, 157000.00, 133.00, 3.90, 0.00, 0.00, 0.00, 0.00, 0.00, 0.00, 0.00, 0.00, 0.00, 0.00, 938.00, 0.00, 0.00, 0.00, 0.00, 0.00, 0.00, 0.00, 0.00, 0.00, 0.00, 0.00, 0.00, 0.00, 0.00, 0.00, 0.00, 0.00, 0.00, 0.00, 0.00, 0.00, 0.00, 'Ausente', '', 0.00),
(292, 120, '2008-12-10', 0.00, 0.00, 0.00, 0.00, 0.47, 1.59, 37.70, 12.00, 5200.00, 149000.00, 133.00, 3.80, 0.00, 9.00, 3.70, 0.00, 6.10, 0.40, 50.00, 0.00, 0.00, 0.00, 203.00, 0.00, 0.00, 0.00, 0.00, 0.20, 0.43, 13.00, 17.00, 0.00, 0.00, 0.00, 0.00, 0.00, 0.00, 0.00, 0.00, 0.00, 0.00, 0.00, 0.00, 0.00, 0.00, 'Ausente', 'CyA 350/d', 0.00),
(293, 39, '2008-12-16', 160.00, 100.00, 3000.00, 45.00, 1.98, 10.00, 27.30, 9.00, 8700.00, 162000.00, 137.00, 4.30, 0.00, 5.20, 9.80, 0.50, 6.30, 11.00, 0.00, 0.00, 0.00, 0.00, 0.00, 0.00, 10.00, 0.00, 0.00, 0.00, 0.00, 0.00, 0.00, 0.00, 0.00, 0.00, 0.00, 0.00, 0.00, 0.00, 0.00, 0.00, 0.00, 0.00, 0.00, 0.00, 0.00, 'Ausente', 'IRC, Acidosis, hiperfosforemia\nPBR sangrado pospunción Ht 9.8 Hb 3.5 hemoperitoneo\n3 bolos MP+ 1 CF', 0.00),
(294, 120, '2008-12-16', 145.00, 90.00, 2000.00, 79.40, 0.00, 1.74, 41.20, 13.80, 5200.00, 194000.00, 133.00, 4.00, 0.00, 9.30, 3.90, 0.90, 7.20, 0.10, 0.00, 0.00, 0.00, 0.00, 200.00, 0.00, 0.00, 0.00, 0.00, 0.25, 0.44, 19.00, 20.00, 16.00, 215.00, 0.00, 0.00, 0.00, 0.00, 0.00, 0.00, 0.00, 0.00, 0.00, 0.00, 0.00, 0.00, 'Ausente', '', 0.00);
INSERT INTO `evolucion_trasplante_para_clinica` (`id`, `trasplante_id`, `fecha`, `pas`, `pad`, `diuresis`, `peso`, `urea`, `creatinina`, `ht`, `hb`, `gb`, `plaquetas`, `sodio`, `potasio`, `cloro`, `calcio`, `fosforo`, `glicemia`, `uricemia`, `prot_u`, `ccreatinina`, `curea`, `na_u`, `ku`, `cya_pv`, `cya_pp`, `fk_p`, `mfm_p`, `eve_p`, `bd`, `bi`, `tgo`, `tgp`, `gammagt`, `f_alc`, `t_prot`, `kptt`, `howell`, `fibrinogeno`, `colesterol`, `hdl`, `ldl`, `r_at`, `tg`, `hna1c`, `albumina`, `globulinas`, `pthi`, `otros`, `numpthi`) VALUES
(295, 122, '2008-12-24', 0.00, 0.00, 3790.00, 0.00, 0.69, 1.31, 30.40, 10.20, 10800.00, 278000.00, 138.00, 4.40, 0.00, 9.50, 2.70, 71.00, 5.30, 0.00, 0.00, 0.00, 0.00, 0.00, 160.00, 0.00, 0.00, 0.00, 0.00, 0.10, 0.30, 12.00, 26.00, 35.00, 595.00, 93.00, 35.00, 0.00, 0.00, 0.00, 0.00, 0.00, 0.00, 0.00, 0.00, 3.10, 3.10, 'Ausente', '', 0.00),
(296, 123, '2008-12-24', 0.00, 0.00, 5220.00, 0.00, 0.83, 1.31, 32.00, 10.90, 8970.00, 189000.00, 132.00, 4.70, 0.00, 8.80, 0.00, 104.00, 5.90, 0.63, 0.00, 0.00, 0.00, 0.00, 0.00, 0.00, 5.30, 0.00, 0.00, 0.20, 0.32, 13.00, 22.00, 50.00, 343.00, 100.00, 34.00, 0.00, 0.00, 0.00, 0.00, 0.00, 0.00, 0.00, 0.00, 3.00, 3.10, 'Ausente', 'Amilasemia 51', 0.00),
(297, 122, '2008-12-29', 0.00, 0.00, 0.00, 0.00, 0.55, 1.24, 33.00, 11.10, 16250.00, 249000.00, 0.00, 0.00, 0.00, 0.00, 0.00, 0.00, 0.00, 0.00, 0.00, 0.00, 0.00, 0.00, 0.00, 0.00, 0.00, 0.00, 0.00, 0.00, 0.00, 0.00, 0.00, 0.00, 0.00, 0.00, 0.00, 0.00, 0.00, 0.00, 0.00, 0.00, 0.00, 0.00, 0.00, 0.00, 0.00, 'Ausente', '', 0.00),
(298, 63, '2008-12-30', 0.00, 0.00, 0.00, 0.00, 0.61, 1.12, 33.90, 11.20, 5000.00, 215000.00, 0.00, 0.00, 0.00, 0.00, 0.00, 0.00, 0.00, 0.00, 0.00, 0.00, 0.00, 0.00, 0.00, 0.00, 0.00, 0.00, 0.00, 0.00, 0.00, 0.00, 0.00, 0.00, 0.00, 0.00, 0.00, 0.00, 0.00, 0.00, 0.00, 0.00, 0.00, 0.00, 0.00, 0.00, 0.00, 'Ausente', '', 0.00),
(299, 76, '2009-01-05', 0.00, 0.00, 0.00, 0.00, 0.98, 1.89, 38.80, 12.80, 8750.00, 192000.00, 134.00, 4.80, 0.00, 0.00, 0.00, 0.00, 7.40, 0.00, 0.00, 0.00, 0.00, 0.00, 146.00, 0.00, 0.00, 0.00, 0.00, 0.00, 0.00, 0.00, 0.00, 0.00, 0.00, 0.00, 0.00, 0.00, 0.00, 0.00, 0.00, 0.00, 0.00, 0.00, 0.00, 0.00, 0.00, 'Ausente', '', 0.00),
(300, 123, '2009-01-05', 120.00, 80.00, 5900.00, 50.20, 0.47, 0.84, 41.30, 14.60, 25810.00, 281000.00, 133.00, 4.80, 0.00, 10.80, 2.70, 0.67, 4.90, 0.00, 83.00, 0.00, 384.00, 84.00, 0.00, 0.00, 0.00, 0.00, 0.00, 0.11, 0.34, 23.00, 25.00, 64.00, 538.00, 0.00, 0.00, 0.00, 0.00, 0.00, 0.00, 0.00, 0.00, 0.00, 0.00, 4.50, 3.10, 'Ausente', '', 0.00),
(301, 60, '2009-01-09', 0.00, 0.00, 0.00, 0.00, 1.57, 4.12, 42.00, 14.00, 6000.00, 287000.00, 133.00, 5.10, 0.00, 0.00, 0.00, 0.00, 0.00, 0.00, 0.00, 0.00, 0.00, 0.00, 0.00, 0.00, 0.00, 0.00, 0.00, 0.00, 0.00, 0.00, 0.00, 0.00, 0.00, 77.00, 28.00, 0.00, 473.00, 0.00, 0.00, 0.00, 0.00, 0.00, 0.00, 0.00, 0.00, 'Ausente', 'Gaso art VEA pH 7.35 pCO2 26 pO2 68.4 HCO3 14', 0.00),
(302, 122, '2009-01-12', 120.00, 60.00, 2000.00, 75.00, 0.48, 1.43, 30.40, 10.40, 7820.00, 214000.00, 135.00, 4.80, 0.00, 0.00, 0.00, 0.00, 0.00, 0.00, 0.00, 0.00, 0.00, 0.00, 0.00, 0.00, 0.00, 0.00, 0.00, 0.00, 0.00, 0.00, 0.00, 0.00, 0.00, 0.00, 0.00, 0.00, 0.00, 0.00, 0.00, 0.00, 0.00, 0.00, 0.00, 0.00, 0.00, 'Ausente', '', 0.00),
(303, 60, '2009-01-13', 0.00, 0.00, 0.00, 0.00, 0.59, 1.31, 31.80, 11.10, 5120.00, 234000.00, 138.00, 3.40, 0.00, 0.00, 0.00, 0.00, 0.00, 0.00, 0.00, 0.00, 0.00, 0.00, 0.00, 0.00, 0.00, 0.00, 0.00, 0.00, 0.00, 0.00, 0.00, 0.00, 0.00, 0.00, 0.00, 0.00, 0.00, 0.00, 0.00, 0.00, 0.00, 0.00, 0.00, 0.00, 0.00, 'Ausente', '', 0.00),
(304, 112, '2009-01-13', 0.00, 0.00, 0.00, 0.00, 0.00, 2.26, 0.00, 11.00, 2200.00, 140000.00, 125.00, 4.80, 0.00, 0.00, 0.00, 0.00, 0.00, 0.00, 0.00, 0.00, 0.00, 0.00, 0.00, 0.00, 0.00, 0.00, 0.00, 0.00, 0.00, 0.00, 0.00, 0.00, 0.00, 0.00, 0.00, 0.00, 0.00, 0.00, 0.00, 0.00, 0.00, 0.00, 0.00, 0.00, 0.00, 'Ausente', 'LDH 452 U/I\nAg pp65 +', 0.00),
(305, 120, '2009-01-13', 0.00, 0.00, 0.00, 0.00, 0.40, 1.62, 0.00, 36.30, 700.00, 162000.00, 131.00, 4.00, 0.00, 0.00, 4.10, 0.90, 0.00, 0.00, 50.00, 0.00, 0.00, 0.00, 162.00, 0.00, 0.00, 0.00, 0.00, 0.23, 0.47, 10.00, 11.00, 14.00, 105.00, 0.00, 0.00, 0.00, 0.00, 0.00, 0.00, 0.00, 0.00, 0.00, 0.00, 0.00, 0.00, 'Ausente', '', 0.00),
(306, 122, '2009-01-20', 130.00, 80.00, 4100.00, 73.60, 0.00, 1.68, 34.00, 11.30, 7000.00, 159000.00, 124.00, 4.10, 0.00, 9.40, 4.10, 0.82, 7.60, 0.00, 0.00, 0.00, 0.00, 0.00, 482.00, 0.00, 0.00, 0.00, 0.00, 0.23, 0.46, 11.00, 10.00, 21.00, 801.00, 0.00, 0.00, 0.00, 0.00, 0.00, 0.00, 0.00, 0.00, 0.00, 0.00, 0.00, 0.00, 'Ausente', '', 0.00),
(307, 124, '2009-01-20', 0.00, 0.00, 3850.00, 0.00, 72.00, 1.53, 29.50, 9.50, 11230.00, 338000.00, 134.00, 4.50, 0.00, 9.30, 0.00, 0.64, 5.30, 0.43, 0.00, 0.00, 0.00, 0.00, 273.00, 0.00, 0.00, 0.00, 0.00, 0.10, 0.30, 11.00, 15.00, 47.00, 136.00, 94.00, 27.00, 0.00, 0.00, 0.00, 0.00, 0.00, 0.00, 0.00, 0.00, 2.90, 2.30, 'Ausente', 'Amilasemia 153', 0.00),
(308, 104, '2009-01-24', 0.00, 0.00, 5510.00, 0.00, 109.00, 1.96, 31.50, 10.50, 8910.00, 241000.00, 133.00, 3.90, 0.00, 8.30, 0.00, 0.00, 6.90, 0.38, 0.00, 0.00, 0.00, 0.00, 259.00, 0.00, 0.00, 0.00, 0.00, 0.07, 0.91, 11.00, 7.00, 62.00, 172.00, 100.00, 24.00, 0.00, 0.00, 0.00, 0.00, 0.00, 0.00, 0.00, 0.00, 4.20, 2.40, 'Ausente', 'Amilasemia 89', 0.00),
(309, 102, '2009-01-27', 0.00, 0.00, 5250.00, 0.00, 107.00, 2.29, 24.70, 8.60, 7030.00, 170000.00, 125.00, 3.60, 0.00, 0.00, 0.00, 0.00, 0.00, 0.00, 0.00, 0.00, 0.00, 0.00, 0.00, 0.00, 0.00, 0.00, 0.00, 0.00, 0.00, 0.00, 0.00, 0.00, 0.00, 100.00, 27.00, 0.00, 337.00, 0.00, 0.00, 0.00, 0.00, 0.00, 0.00, 0.00, 0.00, 'Ausente', '', 0.00),
(310, 120, '2009-01-30', 0.00, 0.00, 0.00, 0.00, 0.47, 1.53, 39.60, 12.90, 7800.00, 291000.00, 0.00, 0.00, 0.00, 0.00, 0.00, 0.00, 0.00, 0.00, 0.00, 0.00, 0.00, 0.00, 0.00, 0.00, 0.00, 0.00, 0.00, 0.00, 0.00, 0.00, 0.00, 0.00, 0.00, 80.00, 40.00, 0.00, 385.00, 0.00, 0.00, 0.00, 0.00, 0.00, 0.00, 0.00, 0.00, 'Ausente', 'Prot C reactiva 2.30', 0.00),
(311, 20, '2009-02-01', 0.00, 0.00, 0.00, 0.00, 0.00, 0.00, 0.00, 0.00, 0.00, 0.00, 0.00, 0.00, 0.00, 4.90, 6.00, 0.00, 0.00, 0.00, 0.00, 0.00, 0.00, 0.00, 0.00, 0.00, 0.00, 0.00, 0.00, 0.00, 0.00, 0.00, 0.00, 0.00, 0.00, 0.00, 0.00, 0.00, 0.00, 0.00, 0.00, 0.00, 0.00, 0.00, 0.00, 0.00, 0.00, 'Presente', '', 1.73),
(312, 122, '2009-02-03', 0.00, 0.00, 0.00, 0.00, 0.00, 2.00, 31.40, 10.40, 6000.00, 180000.00, 125.00, 4.40, 0.00, 9.00, 3.70, 0.88, 7.30, 0.00, 0.00, 0.00, 0.00, 0.00, 353.00, 0.00, 0.00, 0.00, 0.00, 0.00, 0.00, 0.00, 0.00, 0.00, 0.00, 0.00, 0.00, 0.00, 0.00, 0.00, 0.00, 0.00, 0.00, 0.00, 0.00, 0.00, 0.00, 'Ausente', '', 0.00),
(313, 123, '2009-02-03', 90.00, 40.00, 0.00, 50.40, 0.67, 1.16, 43.00, 14.00, 13000.00, 214000.00, 137.00, 4.20, 0.00, 9.90, 4.30, 0.96, 4.20, 0.00, 0.00, 0.00, 0.00, 0.00, 0.00, 0.00, 10.70, 0.00, 0.00, 0.00, 0.00, 0.00, 0.00, 0.00, 0.00, 0.00, 0.00, 0.00, 0.00, 154.00, 48.00, 67.40, 3.20, 193.00, 0.00, 0.00, 0.00, 'Ausente', 'VES 6', 0.00),
(314, 124, '2009-02-12', 130.00, 70.00, 0.00, 93.20, 0.57, 1.95, 37.30, 11.70, 6500.00, 170000.00, 132.00, 4.70, 0.00, 0.00, 0.00, 0.00, 0.00, 0.00, 0.00, 0.00, 0.00, 0.00, 398.00, 0.00, 0.00, 0.00, 0.00, 0.00, 0.00, 0.00, 0.00, 0.00, 0.00, 0.00, 0.00, 0.00, 0.00, 0.00, 0.00, 0.00, 0.00, 0.00, 0.00, 0.00, 0.00, 'Ausente', '', 0.00),
(315, 121, '2009-02-14', 0.00, 0.00, 2100.00, 85.00, 119.00, 1.66, 32.90, 9.90, 6140.00, 184000.00, 131.00, 4.50, 0.00, 0.00, 0.00, 0.00, 0.00, 0.00, 0.00, 0.00, 0.00, 0.00, 0.00, 0.00, 0.00, 0.00, 0.00, 0.28, 0.17, 13.00, 15.00, 468.00, 453.00, 0.00, 0.00, 0.00, 0.00, 0.00, 0.00, 0.00, 0.00, 0.00, 0.00, 2.80, 3.30, 'Ausente', '', 0.00),
(316, 121, '2009-02-16', 0.00, 0.00, 0.00, 85.00, 131.00, 1.94, 32.10, 10.00, 6650.00, 169000.00, 0.00, 4.40, 0.00, 0.00, 0.00, 146.00, 0.00, 0.00, 0.00, 0.00, 0.00, 0.00, 0.00, 0.00, 0.00, 0.00, 0.00, 0.00, 0.00, 0.00, 0.00, 0.00, 0.00, 0.00, 0.00, 0.00, 0.00, 0.00, 0.00, 0.00, 0.00, 0.00, 0.00, 0.00, 0.00, 'Ausente', 'VES 50', 0.00),
(317, 121, '2009-02-20', 0.00, 0.00, 0.00, 0.00, 120.00, 1.92, 33.80, 10.50, 5330.00, 170000.00, 136.00, 4.10, 0.00, 0.00, 0.00, 0.00, 0.00, 0.00, 0.00, 0.00, 0.00, 0.00, 0.00, 0.00, 0.00, 0.00, 0.00, 0.00, 0.00, 0.00, 0.00, 0.00, 0.00, 0.00, 0.00, 0.00, 0.00, 0.00, 0.00, 0.00, 0.00, 0.00, 0.00, 0.00, 0.00, 'Ausente', '', 0.00),
(318, 125, '2009-02-20', 0.00, 0.00, 3200.00, 0.00, 0.78, 1.31, 29.80, 10.10, 6760.00, 364000.00, 135.00, 5.20, 0.00, 10.00, 0.00, 0.85, 0.00, 0.42, 0.00, 0.00, 0.00, 0.00, 312.00, 0.00, 0.00, 0.00, 0.00, 0.20, 0.30, 13.00, 10.00, 38.00, 147.00, 100.00, 28.00, 0.00, 271.00, 0.00, 0.00, 0.00, 0.00, 0.00, 0.00, 4.20, 1.80, 'Ausente', '', 0.00),
(319, 124, '2009-02-27', 0.00, 0.00, 0.00, 0.00, 0.81, 2.46, 34.20, 11.50, 4600.00, 222000.00, 116.00, 4.20, 0.00, 0.00, 0.00, 0.00, 0.00, 0.45, 0.00, 0.00, 0.00, 0.00, 438.00, 0.00, 0.00, 0.00, 0.00, 0.00, 0.00, 0.00, 0.00, 0.00, 0.00, 0.00, 0.00, 0.00, 0.00, 0.00, 0.00, 0.00, 0.00, 0.00, 0.00, 0.00, 0.00, 'Ausente', 'Ag prostatico E 0.26\nProt C 27.1', 0.00),
(320, 121, '2009-02-28', 0.00, 0.00, 0.00, 0.00, 0.00, 2.16, 0.00, 0.00, 0.00, 0.00, 0.00, 0.00, 0.00, 0.00, 0.00, 0.00, 0.00, 0.00, 0.00, 0.00, 0.00, 0.00, 0.00, 0.00, 10.00, 0.00, 0.00, 0.00, 0.00, 0.00, 0.00, 0.00, 0.00, 0.00, 0.00, 0.00, 0.00, 0.00, 0.00, 0.00, 0.00, 0.00, 0.00, 0.00, 0.00, 'Ausente', '', 0.00),
(321, 123, '2009-03-02', 110.00, 70.00, 3000.00, 52.00, 0.47, 1.00, 42.50, 14.00, 11640.00, 186000.00, 140.00, 4.60, 0.00, 11.00, 3.60, 0.00, 0.00, 0.00, 0.00, 0.00, 0.00, 0.00, 0.00, 0.00, 0.00, 0.00, 0.00, 0.14, 0.22, 33.00, 18.00, 37.00, 309.00, 0.00, 0.00, 0.00, 0.00, 0.00, 0.00, 0.00, 0.00, 0.00, 0.00, 4.00, 3.20, 'Ausente', 'VES 5', 0.00),
(322, 125, '2009-03-11', 140.00, 90.00, 4000.00, 75.00, 0.32, 1.16, 36.00, 12.60, 8700.00, 190000.00, 140.00, 5.40, 0.00, 10.00, 1.90, 0.80, 4.00, 0.00, 0.00, 0.00, 0.00, 0.00, 284.00, 0.00, 0.00, 0.00, 0.00, 0.30, 0.70, 25.00, 26.00, 96.00, 183.00, 0.00, 0.00, 0.00, 0.00, 244.00, 72.00, 131.00, 3.40, 207.00, 0.00, 4.10, 1.90, 'Ausente', '', 0.00),
(323, 126, '2009-03-12', 0.00, 0.00, 2900.00, 0.00, 123.00, 1.98, 27.70, 8.50, 7630.00, 0.00, 0.00, 0.00, 0.00, 0.00, 0.00, 0.77, 7.20, 3.34, 0.00, 0.00, 0.00, 0.00, 271.00, 0.00, 0.00, 0.00, 0.00, 0.36, 0.16, 3.00, 123.00, 86.00, 78.00, 98.00, 33.00, 0.00, 195.00, 0.00, 0.00, 0.00, 0.00, 0.00, 0.00, 2.60, 1.80, 'Ausente', 'Amilasemai 45', 0.00),
(324, 124, '2009-03-14', 0.00, 0.00, 0.00, 0.00, 0.75, 2.21, 32.50, 10.90, 5610.00, 187000.00, 117.00, 4.50, 0.00, 0.00, 0.00, 0.00, 0.00, 0.00, 0.00, 0.00, 0.00, 0.00, 262.00, 0.00, 0.00, 0.00, 0.00, 0.00, 0.00, 0.00, 0.00, 0.00, 0.00, 0.00, 0.00, 0.00, 0.00, 0.00, 0.00, 0.00, 0.00, 0.00, 0.00, 0.00, 0.00, 'Ausente', '', 0.00),
(325, 126, '2009-03-16', 130.00, 70.00, 0.00, 89.00, 1.00, 1.75, 26.60, 8.90, 8290.00, 0.00, 0.00, 0.00, 0.00, 0.00, 0.00, 0.00, 0.00, 0.00, 0.00, 0.00, 0.00, 0.00, 0.00, 0.00, 0.00, 0.00, 0.00, 0.00, 0.00, 0.00, 0.00, 0.00, 0.00, 0.00, 0.00, 0.00, 0.00, 0.00, 0.00, 0.00, 0.00, 0.00, 0.00, 0.00, 0.00, 'Ausente', '', 0.00),
(326, 98, '2009-03-26', 0.00, 0.00, 0.00, 0.00, 0.00, 1.30, 0.00, 0.00, 0.00, 0.00, 0.00, 0.00, 0.00, 0.00, 0.00, 0.00, 0.00, 0.00, 0.00, 0.00, 0.00, 0.00, 0.00, 0.00, 0.00, 0.00, 0.00, 0.00, 0.00, 0.00, 0.00, 0.00, 0.00, 0.00, 0.00, 0.00, 0.00, 0.00, 0.00, 0.00, 0.00, 0.00, 0.00, 0.00, 0.00, 'Ausente', '', 0.00),
(327, 126, '2009-03-28', 0.00, 0.00, 0.00, 0.00, 0.84, 2.30, 24.00, 8.20, 4800.00, 0.00, 0.00, 4.00, 0.00, 0.00, 0.00, 0.00, 0.00, 5.80, 47.00, 0.00, 0.00, 0.00, 227.00, 0.00, 0.00, 0.00, 0.00, 0.00, 0.00, 0.00, 0.00, 0.00, 0.00, 0.00, 0.00, 0.00, 0.00, 0.00, 0.00, 0.00, 0.00, 0.00, 0.00, 2.60, 0.00, 'Ausente', '', 0.00),
(328, 96, '2009-03-30', 0.00, 0.00, 0.00, 0.00, 1.08, 1.93, 0.00, 0.00, 0.00, 0.00, 0.00, 0.00, 0.00, 0.00, 0.00, 0.00, 0.00, 0.00, 0.00, 0.00, 0.00, 0.00, 352.00, 0.00, 0.00, 0.00, 0.00, 0.00, 0.00, 0.00, 0.00, 0.00, 0.00, 0.00, 0.00, 0.00, 0.00, 0.00, 0.00, 0.00, 0.00, 0.00, 0.00, 0.00, 0.00, 'Ausente', '', 0.00),
(329, 98, '2009-04-01', 0.00, 0.00, 0.00, 0.00, 0.70, 2.60, 39.90, 12.80, 10830.00, 265000.00, 0.00, 0.00, 0.00, 0.00, 0.00, 0.00, 0.00, 2.55, 0.00, 0.00, 0.00, 0.00, 0.00, 0.00, 0.00, 0.00, 0.00, 0.00, 0.00, 0.00, 0.00, 0.00, 0.00, 0.00, 0.00, 0.00, 0.00, 0.00, 0.00, 0.00, 0.00, 0.00, 0.00, 0.00, 0.00, 'Ausente', 'UC + E Coli\nVES 38', 0.00),
(330, 126, '2009-04-01', 124.00, 70.00, 0.00, 0.00, 0.00, 2.29, 28.40, 9.90, 5120.00, 0.00, 0.00, 0.00, 0.00, 0.00, 0.00, 0.00, 0.00, 0.00, 0.00, 0.00, 0.00, 0.00, 0.00, 0.00, 0.00, 0.00, 0.00, 0.00, 0.00, 0.00, 0.00, 0.00, 0.00, 0.00, 0.00, 0.00, 0.00, 0.00, 0.00, 0.00, 0.00, 0.00, 0.00, 0.00, 0.00, 'Ausente', '', 0.00),
(331, 140, '2009-04-04', 0.00, 0.00, 3350.00, 0.00, 0.50, 1.21, 20.30, 6.80, 9330.00, 211000.00, 138.00, 4.10, 0.00, 7.70, 0.00, 0.00, 0.00, 0.25, 0.00, 0.00, 0.00, 0.00, 0.00, 0.00, 0.00, 0.00, 0.00, 0.00, 0.00, 0.00, 0.00, 0.00, 0.00, 100.00, 33.00, 0.00, 325.00, 0.00, 0.00, 0.00, 0.00, 0.00, 0.00, 0.00, 0.00, 'Ausente', '', 0.00),
(332, 96, '2009-04-06', 0.00, 0.00, 0.00, 0.00, 0.70, 1.55, 0.00, 0.00, 0.00, 0.00, 0.00, 0.00, 0.00, 0.00, 0.00, 0.00, 0.00, 0.00, 0.00, 0.00, 0.00, 0.00, 176.00, 0.00, 0.00, 0.00, 0.00, 0.00, 0.00, 0.00, 0.00, 0.00, 0.00, 0.00, 0.00, 0.00, 0.00, 0.00, 0.00, 0.00, 0.00, 0.00, 0.00, 0.00, 0.00, 'Ausente', '', 0.00),
(333, 124, '2009-04-06', 150.00, 90.00, 3900.00, 91.30, 0.61, 1.95, 34.50, 10.80, 5900.00, 178000.00, 135.00, 4.00, 0.00, 9.90, 2.50, 0.00, 0.00, 0.60, 68.00, 0.00, 0.00, 0.00, 146.00, 0.00, 0.00, 0.00, 0.00, 0.38, 0.28, 51.00, 113.00, 88.00, 0.00, 0.00, 0.00, 0.00, 0.00, 0.00, 0.00, 0.00, 0.00, 0.00, 0.00, 0.00, 0.00, 'Ausente', '', 0.00),
(334, 98, '2009-04-07', 0.00, 0.00, 0.00, 0.00, 0.00, 1.39, 0.00, 10.10, 12600.00, 352000.00, 0.00, 0.00, 0.00, 0.00, 0.00, 0.00, 0.00, 0.00, 0.00, 0.00, 0.00, 0.00, 0.00, 0.00, 0.00, 0.00, 0.00, 0.00, 0.00, 0.00, 0.00, 0.00, 0.00, 0.00, 0.00, 0.00, 0.00, 0.00, 0.00, 0.00, 0.00, 0.00, 0.00, 0.00, 0.00, 'Ausente', '', 0.00),
(335, 127, '2009-04-10', 0.00, 0.00, 0.00, 0.00, 0.81, 1.69, 25.70, 8.20, 14800.00, 247000.00, 137.00, 4.40, 0.00, 9.80, 0.00, 0.60, 0.00, 0.00, 0.00, 0.00, 0.00, 0.00, 183.00, 0.00, 0.00, 0.00, 0.00, 0.00, 0.00, 0.00, 0.00, 0.00, 0.00, 91.00, 31.00, 0.00, 209.00, 0.00, 0.00, 0.00, 0.00, 0.00, 0.00, 0.00, 0.00, 'Ausente', 'Transf 215\nSideremia 52\nIST 24%', 0.00),
(336, 121, '2009-04-16', 0.00, 0.00, 0.00, 0.00, 138.00, 1.64, 0.00, 0.00, 0.00, 0.00, 0.00, 5.30, 0.00, 0.00, 0.00, 0.00, 0.00, 0.00, 0.00, 0.00, 0.00, 0.00, 0.00, 0.00, 0.00, 0.00, 0.00, 0.00, 0.00, 0.00, 0.00, 0.00, 0.00, 0.00, 0.00, 0.00, 0.00, 0.00, 0.00, 0.00, 0.00, 0.00, 0.00, 0.00, 0.00, 'Ausente', '', 0.00),
(337, 126, '2009-04-17', 150.00, 80.00, 0.00, 83500.00, 1.10, 2.41, 28.60, 10.00, 5400.00, 0.00, 132.00, 4.20, 0.00, 9.30, 4.50, 0.00, 0.00, 0.00, 0.00, 0.00, 0.00, 0.00, 292.00, 0.00, 0.00, 0.00, 0.00, 0.20, 0.30, 14.00, 11.00, 49.00, 105.00, 0.00, 0.00, 0.00, 0.00, 0.00, 0.00, 0.00, 0.00, 0.00, 0.00, 3.10, 2.00, 'Ausente', '', 0.00),
(338, 129, '2009-04-17', 0.00, 0.00, 3600.00, 0.00, 121.00, 1.80, 25.30, 8.70, 4730.00, 157000.00, 130.00, 4.50, 0.00, 8.00, 0.00, 102.00, 6.20, 1.00, 0.00, 0.00, 0.00, 0.00, 0.00, 0.00, 15.00, 0.00, 0.00, 0.30, 0.17, 29.00, 73.00, 41.00, 100.00, 91.00, 26.00, 0.00, 292.00, 0.00, 0.00, 0.00, 0.00, 0.00, 0.00, 3.40, 2.00, 'Ausente', 'Amilasemia 63', 0.00),
(339, 129, '2009-04-20', 134.00, 70.00, 0.00, 89.00, 101.00, 141.00, 25.00, 8.70, 2580.00, 152000.00, 135.00, 4.30, 0.00, 0.00, 0.00, 0.00, 0.00, 0.00, 0.00, 0.00, 0.00, 0.00, 0.00, 0.00, 0.00, 0.00, 0.00, 0.00, 0.00, 0.00, 0.00, 0.00, 0.00, 0.00, 0.00, 0.00, 0.00, 0.00, 0.00, 0.00, 0.00, 0.00, 0.00, 0.00, 0.00, 'Ausente', '', 0.00),
(340, 131, '2009-04-21', 120.00, 80.00, 7380.00, 57.30, 0.58, 1.13, 24.70, 8.30, 7770.00, 222000.00, 131.00, 4.80, 0.00, 8.40, 0.00, 0.75, 0.00, 0.44, 66.00, 0.00, 0.00, 0.00, 221.00, 0.00, 0.00, 0.00, 0.00, 0.10, 0.30, 10.00, 12.00, 0.00, 0.00, 0.00, 0.00, 0.00, 239.00, 0.00, 0.00, 0.00, 0.00, 0.00, 0.00, 3.40, 3.10, 'Ausente', 'Amilasemia 77', 0.00),
(341, 125, '2009-04-22', 120.00, 74.00, 4200.00, 75.50, 0.59, 1.38, 33.50, 11.80, 7200.00, 260000.00, 139.00, 5.10, 0.00, 12.70, 1.60, 0.90, 6.00, 0.00, 0.00, 0.00, 0.00, 0.00, 267.00, 0.00, 0.00, 0.00, 0.00, 0.24, 0.50, 42.00, 31.00, 267.00, 288.00, 0.00, 0.00, 0.00, 0.00, 0.00, 0.00, 0.00, 0.00, 0.00, 0.00, 3.80, 2.40, 'Ausente', '', 0.00),
(342, 127, '2009-04-24', 140.00, 80.00, 0.00, 0.00, 0.94, 1.35, 33.10, 10.90, 8600.00, 231000.00, 136.00, 4.00, 0.00, 12.00, 3.10, 0.59, 4.20, 0.30, 0.00, 0.00, 0.00, 0.00, 153.00, 0.00, 0.00, 0.00, 0.00, 0.13, 0.66, 9.00, 14.00, 26.00, 276.00, 0.00, 0.00, 0.00, 0.00, 166.00, 0.00, 0.00, 0.00, 0.00, 0.00, 4.40, 2.30, 'Ausente', '', 0.00),
(343, 128, '2009-05-04', 110.00, 70.00, 3850.00, 107.30, 102.00, 2.00, 34.20, 10.80, 5400.00, 113000.00, 140.00, 3.70, 0.00, 9.40, 0.00, 0.68, 0.00, 0.00, 57.00, 0.00, 0.00, 0.00, 143.00, 0.00, 0.00, 0.00, 0.00, 0.28, 0.32, 9.00, 20.00, 22.00, 185.00, 100.00, 31.00, 0.00, 262.00, 0.00, 0.00, 0.00, 0.00, 0.00, 0.00, 3.70, 1.90, 'Ausente', 'Amilasemia 54', 0.00),
(344, 129, '2009-05-04', 114.00, 80.00, 0.00, 77.00, 0.73, 1.91, 27.00, 9.40, 4870.00, 198000.00, 132.00, 4.50, 0.00, 8.20, 0.00, 0.00, 0.00, 0.00, 0.00, 0.00, 0.00, 0.00, 0.00, 0.00, 0.00, 0.00, 0.00, 0.00, 0.00, 0.00, 0.00, 0.00, 0.00, 0.00, 0.00, 0.00, 0.00, 0.00, 0.00, 0.00, 0.00, 0.00, 0.00, 0.00, 0.00, 'Ausente', 'Pierde 10 kg, deshidratado, anorexia Resta UC', 0.00),
(345, 131, '2009-05-11', 140.00, 80.00, 0.00, 58.10, 0.67, 1.14, 35.40, 12.00, 6240.00, 184000.00, 129.00, 5.20, 0.00, 9.60, 2.40, 1.17, 5.20, 0.00, 0.00, 0.00, 43.40, 12.90, 296.00, 0.00, 0.00, 0.00, 0.00, 0.00, 0.00, 0.00, 0.00, 0.00, 0.00, 0.00, 0.00, 0.00, 0.00, 0.00, 0.00, 0.00, 0.00, 0.00, 0.00, 0.00, 0.00, 'Ausente', 'Na u y K u son por lt', 0.00),
(346, 130, '2009-05-27', 0.00, 0.00, 3400.00, 83.40, 0.99, 1.74, 30.30, 10.50, 10790.00, 244000.00, 138.00, 4.90, 0.00, 7.90, 0.00, 0.75, 6.40, 0.18, 0.00, 0.00, 0.00, 0.00, 0.00, 0.00, 2.60, 0.00, 0.00, 0.38, 0.48, 48.00, 148.00, 48.00, 173.00, 98.00, 25.00, 0.00, 0.00, 0.00, 0.00, 0.00, 0.00, 0.00, 0.00, 3.90, 2.50, 'Ausente', '', 0.00),
(347, 133, '2009-06-02', 0.00, 0.00, 3390.00, 65.40, 0.64, 0.80, 30.10, 10.10, 9680.00, 282000.00, 136.00, 4.20, 0.00, 9.00, 0.00, 0.78, 3.80, 0.71, 71.00, 0.00, 0.00, 0.00, 206.00, 0.00, 0.00, 0.00, 0.00, 0.27, 0.13, 22.00, 25.00, 20.00, 176.00, 100.00, 23.00, 0.00, 0.00, 0.00, 0.00, 0.00, 0.00, 0.00, 0.00, 2.90, 2.40, 'Ausente', 'Amilasemia 51', 0.00),
(348, 134, '2009-06-08', 0.00, 0.00, 3450.00, 72.50, 0.34, 0.61, 30.00, 10.00, 7890.00, 265000.00, 134.00, 4.20, 0.00, 8.80, 0.00, 0.68, 3.00, 0.20, 0.00, 0.00, 0.00, 0.00, 318.00, 0.00, 0.00, 0.00, 0.00, 0.10, 0.32, 15.00, 26.00, 26.00, 256.00, 100.00, 26.00, 0.00, 266.00, 0.00, 0.00, 0.00, 0.00, 0.00, 0.00, 2.80, 2.20, 'Ausente', 'Amilasemia 36', 0.00),
(349, 136, '2009-06-12', 0.00, 0.00, 4120.00, 0.00, 0.40, 0.91, 28.20, 9.70, 4860.00, 154000.00, 140.00, 3.60, 0.00, 7.50, 0.00, 0.60, 3.00, 0.42, 0.00, 0.00, 0.00, 0.00, 162.00, 0.00, 0.00, 0.00, 0.00, 0.10, 0.18, 9.00, 10.00, 50.00, 103.00, 100.00, 26.00, 0.00, 216.00, 0.00, 0.00, 0.00, 0.00, 0.00, 0.00, 3.00, 1.60, 'Ausente', 'Amilasemia 40', 0.00),
(350, 132, '2009-06-13', 0.00, 0.00, 2160.00, 85.50, 0.86, 1.20, 28.20, 9.60, 5940.00, 184000.00, 137.00, 3.80, 0.00, 7.80, 0.00, 1.15, 2.90, 0.00, 0.00, 0.00, 0.00, 0.00, 118.00, 0.00, 0.00, 0.00, 0.00, 0.29, 0.35, 10.00, 42.00, 0.00, 0.00, 0.00, 27.00, 0.00, 240.00, 0.00, 0.00, 0.00, 0.00, 0.00, 0.00, 3.90, 2.00, 'Ausente', 'Amilasemia 30\nPCR  1.6', 0.00),
(351, 135, '2009-06-16', 0.00, 0.00, 3750.00, 0.00, 1.30, 1.53, 26.30, 8.70, 17300.00, 227000.00, 130.00, 4.30, 0.00, 8.90, 0.00, 0.69, 0.00, 0.00, 87.00, 0.00, 0.00, 0.00, 167.00, 0.00, 0.00, 0.00, 0.00, 1.10, 0.12, 8.00, 9.00, 48.00, 126.00, 78.00, 31.00, 0.00, 515.00, 0.00, 0.00, 0.00, 0.00, 0.00, 0.00, 3.10, 2.10, 'Ausente', 'Amilasemia 81', 0.00),
(352, 130, '2009-06-20', 0.00, 0.00, 0.00, 0.00, 0.00, 4.00, 0.00, 0.00, 0.00, 0.00, 0.00, 0.00, 0.00, 0.00, 0.00, 0.00, 0.00, 0.00, 0.00, 0.00, 0.00, 0.00, 0.00, 0.00, 0.00, 0.00, 0.00, 0.00, 0.00, 0.00, 0.00, 0.00, 0.00, 0.00, 0.00, 0.00, 0.00, 0.00, 0.00, 0.00, 0.00, 0.00, 0.00, 0.00, 0.00, 'Ausente', 'IRA con fiebre Ingresa', 0.00),
(353, 132, '2009-06-20', 0.00, 0.00, 0.00, 0.00, 0.57, 0.91, 29.10, 10.00, 7180.00, 256000.00, 134.00, 3.60, 0.00, 8.30, 0.00, 0.89, 0.00, 0.00, 0.00, 0.00, 0.00, 0.00, 0.00, 0.00, 0.00, 0.00, 0.00, 0.00, 0.00, 0.00, 0.00, 0.00, 0.00, 0.00, 0.00, 0.00, 0.00, 0.00, 0.00, 0.00, 0.00, 0.00, 0.00, 0.00, 0.00, 'Ausente', 'PCR 12.1', 0.00),
(354, 137, '2009-07-02', 0.00, 0.00, 3850.00, 72.20, 1.90, 1.52, 35.00, 11.40, 20890.00, 302000.00, 123.00, 4.30, 0.00, 8.70, 0.00, 0.75, 8.60, 0.00, 265.00, 0.00, 0.00, 0.00, 0.00, 0.00, 0.00, 0.00, 0.00, 0.10, 0.39, 16.00, 17.00, 76.00, 159.00, 100.00, 21.00, 0.00, 383.00, 0.00, 0.00, 0.00, 0.00, 0.00, 0.00, 3.30, 3.10, 'Ausente', '', 0.00),
(355, 138, '2009-07-02', 0.00, 0.00, 2900.00, 88.00, 0.81, 1.19, 27.00, 8.90, 7680.00, 366000.00, 134.00, 0.00, 0.00, 7.40, 0.00, 0.74, 0.00, 0.00, 0.00, 0.00, 0.00, 0.00, 430.00, 0.00, 0.00, 0.00, 0.00, 0.16, 0.32, 16.00, 42.00, 78.00, 440.00, 98.00, 25.00, 0.00, 355.00, 0.00, 0.00, 0.00, 0.00, 0.00, 0.00, 0.00, 0.00, 'Ausente', 'ver K al alta', 0.00),
(356, 141, '2009-07-29', 0.00, 0.00, 2950.00, 61.00, 0.34, 0.95, 24.00, 7.40, 7920.00, 215000.00, 139.00, 3.90, 0.00, 8.50, 0.00, 0.95, 0.00, 0.00, 0.00, 0.00, 0.00, 0.00, 105.00, 0.00, 0.00, 0.00, 0.00, 0.00, 0.38, 14.00, 7.00, 15.00, 537.00, 0.00, 0.00, 0.00, 0.00, 0.00, 0.00, 0.00, 0.00, 0.00, 0.00, 0.00, 0.00, 'Ausente', '', 0.00),
(357, 142, '2009-07-29', 0.00, 0.00, 2880.00, 0.00, 0.39, 0.60, 32.80, 10.60, 7860.00, 248000.00, 133.00, 3.80, 0.00, 8.00, 0.00, 0.80, 3.50, 0.29, 0.00, 0.00, 0.00, 0.00, 215.00, 0.00, 0.00, 0.00, 0.00, 0.50, 0.00, 12.00, 18.00, 0.00, 316.00, 84.00, 40.00, 0.00, 341.00, 0.00, 0.00, 0.00, 0.00, 0.00, 0.00, 3.10, 0.00, 'Ausente', 'Amilasemia 45', 0.00),
(358, 144, '2009-08-21', 0.00, 0.00, 4400.00, 60.00, 130.00, 1.69, 32.30, 10.40, 9520.00, 173000.00, 136.00, 3.60, 0.00, 7.80, 0.00, 99.00, 7.00, 0.00, 0.00, 0.00, 0.00, 0.00, 0.00, 0.00, 0.00, 0.00, 0.00, 0.00, 0.68, 15.00, 32.00, 22.00, 157.00, 76.00, 34.00, 0.00, 272.00, 0.00, 0.00, 0.00, 0.00, 0.00, 0.00, 4.90, 0.00, 'Ausente', '', 0.00),
(359, 145, '2009-08-29', 0.00, 0.00, 3350.00, 66.80, 0.49, 0.78, 27.80, 8.80, 6440.00, 222000.00, 138.00, 3.70, 0.00, 8.70, 0.00, 0.79, 3.10, 0.60, 0.00, 0.00, 0.00, 0.00, 500.00, 0.00, 0.00, 0.00, 0.00, 0.24, 0.68, 9.00, 40.00, 44.00, 725.00, 29.00, 0.00, 0.00, 212.00, 0.00, 0.00, 0.00, 0.00, 0.00, 0.00, 3.70, 2.70, 'Ausente', 'amilasemia 213', 0.00),
(360, 146, '2009-09-09', 0.00, 0.00, 2350.00, 90.70, 167.00, 2.30, 23.30, 8.20, 12900.00, 271000.00, 133.00, 5.30, 0.00, 9.60, 0.00, 104.00, 8.00, 0.00, 0.00, 0.00, 0.00, 0.00, 342.00, 0.00, 0.00, 0.00, 0.00, 0.56, 0.42, 0.00, 0.00, 44.00, 204.00, 100.00, 24.00, 0.00, 344.00, 0.00, 0.00, 0.00, 0.00, 0.00, 0.00, 3.60, 3.00, 'Ausente', 'Amilasemia 65', 0.00),
(361, 148, '2009-10-03', 0.00, 0.00, 7100.00, 72.00, 0.82, 1.82, 32.70, 11.40, 16600.00, 213000.00, 139.00, 4.30, 0.00, 9.10, 0.00, 0.81, 4.30, 0.00, 0.00, 0.00, 0.00, 0.00, 289.00, 0.00, 0.00, 0.00, 0.00, 0.30, 0.40, 12.00, 10.00, 22.00, 248.00, 94.00, 29.00, 0.00, 341.00, 0.00, 0.00, 0.00, 0.00, 0.00, 0.00, 5.10, 3.30, 'Ausente', '', 0.00),
(362, 149, '2009-10-03', 0.00, 0.00, 6050.00, 0.00, 0.67, 0.94, 26.30, 9.10, 8340.00, 167000.00, 141.00, 4.90, 0.00, 9.90, 0.00, 1.29, 4.90, 0.00, 0.00, 0.00, 0.00, 0.00, 254.00, 0.00, 0.00, 0.00, 0.00, 0.20, 0.60, 22.00, 64.00, 0.00, 148.00, 100.00, 24.00, 0.00, 363.00, 0.00, 0.00, 0.00, 0.00, 0.00, 0.00, 3.20, 2.30, 'Ausente', '', 0.00),
(363, 147, '2009-10-06', 0.00, 0.00, 3700.00, 0.00, 105.00, 2.40, 28.40, 9.70, 7100.00, 121000.00, 133.00, 4.80, 0.00, 9.50, 0.00, 0.85, 8.00, 0.31, 0.00, 0.00, 0.00, 0.00, 0.00, 0.00, 10.70, 0.00, 0.00, 0.18, 0.41, 11.00, 26.00, 0.00, 0.00, 0.00, 25.00, 0.00, 140.00, 0.00, 0.00, 0.00, 0.00, 0.00, 0.00, 3.50, 2.70, 'Ausente', 'Amilasemia 117', 0.00),
(364, 148, '2009-10-15', 130.00, 80.00, 7000.00, 0.00, 0.93, 2.43, 33.30, 11.20, 16300.00, 185000.00, 138.00, 4.80, 0.00, 0.00, 0.00, 0.00, 0.00, 0.00, 0.00, 0.00, 0.00, 0.00, 251.00, 0.00, 0.00, 0.00, 0.00, 0.00, 0.00, 0.00, 0.00, 0.00, 0.00, 0.00, 0.00, 0.00, 0.00, 0.00, 0.00, 0.00, 0.00, 0.00, 0.00, 0.00, 0.00, 'Ausente', '', 0.00),
(365, 147, '2009-10-29', 0.00, 0.00, 0.00, 0.00, 0.36, 1.12, 26.20, 9.20, 3250.00, 196000.00, 133.00, 3.40, 0.00, 8.80, 1.90, 0.89, 0.00, 0.00, 0.00, 0.00, 0.00, 0.00, 0.00, 0.00, 0.00, 0.00, 0.00, 0.10, 0.30, 21.00, 48.00, 54.00, 0.00, 88.00, 29.00, 0.00, 299.00, 0.00, 0.00, 0.00, 0.00, 0.00, 0.00, 3.40, 2.10, 'Ausente', '', 0.00),
(366, 148, '2009-11-01', 0.00, 0.00, 0.00, 0.00, 0.00, 3.19, 0.00, 0.00, 0.00, 0.00, 0.00, 0.00, 0.00, 0.00, 0.00, 0.00, 0.00, 0.00, 0.00, 0.00, 0.00, 0.00, 0.00, 0.00, 0.00, 0.00, 0.00, 0.00, 0.00, 0.00, 0.00, 0.00, 0.00, 0.00, 0.00, 0.00, 0.00, 0.00, 0.00, 0.00, 0.00, 0.00, 0.00, 0.00, 0.00, 'Ausente', '', 0.00),
(367, 150, '2009-11-25', 0.00, 0.00, 5450.00, 71.00, 0.58, 1.08, 37.70, 12.80, 12380.00, 193000.00, 134.00, 4.40, 0.00, 7.80, 0.00, 0.00, 3.30, 0.00, 0.00, 0.00, 0.00, 0.00, 1100.00, 0.00, 0.00, 0.00, 0.00, 0.10, 1.08, 16.00, 6.00, 41.00, 161.00, 98.00, 24.00, 0.00, 211.00, 0.00, 0.00, 0.00, 0.00, 0.00, 0.00, 0.00, 0.00, 'Ausente', 'Amilasemia 59\nSe disminuye dosis de CyA', 0.00),
(368, 151, '2009-12-03', 0.00, 0.00, 3850.00, 77.50, 1.01, 1.66, 22.40, 7.10, 7600.00, 219000.00, 136.00, 3.70, 0.00, 8.30, 0.00, 0.87, 5.60, 0.00, 0.00, 0.00, 0.00, 0.00, 0.00, 0.00, 10.40, 0.00, 0.00, 0.10, 0.39, 10.00, 8.00, 18.00, 145.00, 0.00, 0.00, 0.00, 0.00, 0.00, 0.00, 0.00, 0.00, 0.00, 0.00, 2.90, 2.10, 'Ausente', 'Amilasemia 69', 0.00);

--
-- Dumping data for table `evolucion_trasplante_txtorax`
--

INSERT INTO `evolucion_trasplante_txtorax` (`id`, `trasplante_id`, `fecha`, `rct`, `foco`, `lateralizado`, `derrame_pleural`, `lateral_derrame`, `secuelas`, `otros`) VALUES
(1, 7, '2006-03-10', 50, 0, 'Izquierda', 0, 'Izquierda', 0, ''),
(2, 14, '2003-06-11', 55, 0, 'Izquierda', 0, 'Izquierda', 0, ''),
(3, 20, '2008-10-01', 50, 0, 'Izquierda', 0, 'Izquierda', 0, 'normal'),
(4, 21, '2004-06-25', 45, 0, 'Izquierda', 1, 'Izquierda', 0, 'liquido pleural trasudado'),
(5, 26, '2007-09-10', 50, 0, 'Izquierda', 0, 'Izquierda', 0, 'normal'),
(6, 27, '2004-08-06', 55, 0, 'Izquierda', 0, 'Izquierda', 0, 'calcificacion cayado Ao'),
(7, 39, '2006-10-28', 55, 0, 'Izquierda', 0, 'Izquierda', 0, ''),
(8, 39, '2008-10-13', 50, 1, 'Derecha', 0, 'Izquierda', 0, 'proceso inhomogeneo'),
(9, 39, '2008-11-04', 50, 0, 'Izquierda', 0, 'Izquierda', 0, 'aumento de la trama'),
(10, 59, '2006-04-10', 50, 1, 'Bilateral', 0, 'Izquierda', 0, 'opacidad inhomogenea bilateral reticulonodular'),
(11, 63, '2008-12-30', 50, 0, 'Izquierda', 0, 'Izquierda', 0, 'normal'),
(12, 78, '2006-10-14', 55, 1, 'Derecha', 0, 'Izquierda', 0, 'Condensacion segmento postero inf, lob sup der'),
(13, 78, '2006-11-09', 55, 0, 'Izquierda', 0, 'Izquierda', 0, 'edema pulmonar bilateral'),
(14, 85, '2008-07-22', 50, 0, 'Izquierda', 1, 'Bilateral', 0, ''),
(15, 85, '2008-09-11', 50, 1, 'Izquierda', 1, 'Izquierda', 0, 'Planteo NA a Klebsiella'),
(16, 95, '2007-10-05', 50, 0, 'Izquierda', 0, 'Izquierda', 0, 'normal'),
(17, 111, '2008-08-15', 55, 1, 'Bilateral', 0, 'Izquierda', 0, 'intersticiopatia'),
(18, 112, '2009-01-13', 50, 0, 'Izquierda', 0, 'Izquierda', 0, 'Normal'),
(19, 121, '2009-04-16', 55, 1, 'Derecha', 1, 'Derecha', 1, ''),
(20, 124, '2009-02-27', 99, 0, 'Izquierda', 0, 'Izquierda', 0, 'Normal'),
(21, 132, '2009-06-20', 50, 1, 'Derecha', 1, 'Derecha', 0, 'HC+ a enterobacter');

--
-- Dumping data for table `germenes`
--

INSERT INTO `germenes` (`id`, `nombre`) VALUES
(1, 'E Coli'),
(2, 'EDP'),
(3, 'Pseudomona'),
(4, 'Estafilo blanco'),
(5, 'Estreptococo'),
(6, 'Klebsiella'),
(7, 'Serratia'),
(8, 'Enterococo'),
(9, 'Neisseria'),
(10, 'Gonococo'),
(11, 'CMV'),
(12, 'Herpes Simple'),
(13, 'HIV'),
(14, 'HVC'),
(15, 'HVB'),
(16, 'Otro Hongo'),
(17, 'TBC'),
(18, 'Acynetobacter'),
(19, 'Otro'),
(20, 'No aislado'),
(21, 'Enterobacter'),
(22, 'Gram negativo'),
(23, 'Piocianico'),
(24, 'Varicela-Zoster'),
(25, 'Criptosporidium'),
(26, 'Neumococo'),
(27, 'Proteus'),
(28, 'Klebsiella pneumoniae'),
(29, 'Levadura'),
(30, 'Coxiella Burnetti'),
(31, 'Acynetobacter Baumani'),
(32, 'Candida'),
(33, 'H Influenza'),
(34, 'Pneumocystis Carini');

--
-- Dumping data for table `induccion`
--

INSERT INTO `induccion` (`id`, `nombre`) VALUES
(1, 'mp'),
(2, 'CyA'),
(3, 'Ac 25'),
(4, 'Timoglob'),
(5, 'Otra sin especificar');

--
-- Dumping data for table `infeccion`
--

INSERT INTO `infeccion` (`id`, `nombre`) VALUES
(1, 'IU'),
(2, 'N Ag'),
(3, 'Encefalitis'),
(4, 'Meningitis'),
(5, 'Endocarditis'),
(6, 'Piel'),
(7, 'Peritonitis Quirurgica'),
(8, 'FAV'),
(9, 'Enterocolitis'),
(10, 'Bronquitis'),
(11, 'Cateter VVC'),
(12, 'Cateter drenaje'),
(13, 'Peritonitis Médica'),
(14, 'Herida Q'),
(15, 'Sin foco'),
(16, 'Sepsis'),
(17, 'Otro'),
(18, 'HC'),
(19, 'pionefrosis'),
(20, 'Prostatitis');

--
-- Dumping data for table `injerto_evolucion`
--

INSERT INTO `injerto_evolucion` (`id`, `trasplante_id`, `fecha`, `tm`, `tm_cual`, `gp_de_novo`, `recidiva_gp_de_novo`, `ra`, `rc`, `ra_tratamiento_id`, `en_trasplante`) VALUES
(1, 2, '2001-03-27', 0, 'Prot u entre 1y 3 gr/d \nPBR muestra suficiente\nPlanteo HFyS', 0, 0, 0, 0, 6, 0),
(2, 4, '2001-05-10', 0, 'se descarto RA', 0, 0, 0, 0, 6, 0),
(3, 5, '2001-03-13', 0, 'con bolos MP mejora', 0, 0, 1, 0, 1, 1),
(4, 6, '2001-06-28', 0, 'Fiebre,OA,HTA 3 bolos MP mejora', 0, 0, 1, 0, 1, 1),
(5, 8, '2001-12-20', 0, '', 0, 0, 1, 0, 2, 0),
(6, 9, '2002-07-15', 0, '', 0, 0, 0, 0, 6, 0),
(7, 11, '2002-01-02', 0, 'se solicito por proteinuria', 0, 0, 0, 0, 6, 1),
(8, 13, '2002-04-10', 0, 'PBR en blanco se recordina bajo eco', 0, 0, 0, 0, 6, 0),
(9, 13, '2002-04-17', 0, 'null', 0, 0, 1, 0, 2, 0),
(10, 14, '2004-06-01', 0, 'no responde al tto', 0, 0, 1, 1, 4, 0),
(11, 15, '2002-05-23', 0, 'null', 0, 0, 0, 0, 6, 0),
(12, 18, '2003-01-07', 0, 'IRA se realizan bolos, mejora', 0, 0, 1, 0, 1, 1),
(13, 18, '2003-02-06', 0, 'null', 0, 0, 0, 0, 1, 0),
(14, 21, '2003-04-23', 0, 'PBR 28/4/03 7 sesiones PF (4+3)', 0, 1, 0, 0, 7, 1),
(15, 21, '2003-04-28', 0, '8 glomerulos normales. Planteo HFyS', 0, 1, 0, 0, 7, 0),
(16, 21, '2004-03-11', 0, 'HFyS en 40%. \n5 PF', 0, 1, 0, 1, 7, 0),
(17, 23, '2003-07-09', 0, 'se trata como RA', 0, 0, 0, 0, 4, 1),
(18, 24, '2003-07-11', 0, 'ecodopler aumento resistencias. \nSe trata como RA mejorando resistencias', 0, 0, 1, 0, 1, 1),
(19, 25, '2003-07-20', 0, '', 0, 0, 0, 0, 6, 1),
(20, 25, '2005-12-06', 0, '18 G de ellos 11 obsolecentes', 0, 0, 1, 0, 4, 0),
(21, 26, '2007-08-29', 0, '', 0, 0, 1, 1, 4, 0),
(22, 28, '2007-12-05', 0, '', 0, 0, 0, 0, 5, 0),
(23, 29, '2004-01-20', 0, 'null', 0, 0, 0, 0, 1, 1),
(24, 31, '2004-03-02', 0, 'null', 0, 0, 1, 0, 4, 1),
(25, 32, '2004-03-04', 0, 'null', 0, 0, 1, 0, 2, 1),
(26, 32, '2006-04-03', 0, 'Se intenta rescate con FK. No mejora\nrecibe 9 dosis TG. Se susp x anemia Ht 13.5', 0, 0, 1, 1, 3, 0),
(27, 33, '2004-09-23', 0, 'Muestra no adecuada para establecer Banff', 0, 0, 1, 0, 4, 0),
(28, 33, '2005-04-22', 0, 'NTA isquemica ¿Tx por CyA?', 0, 0, 0, 0, 6, 0),
(29, 33, '2005-06-10', 0, '9 glomerulos\nProfilaxis CMV y PNP.\nEscasa respuesta', 0, 0, 1, 1, 2, 0),
(30, 34, '2005-03-13', 0, 'Muestra insuficiente para Banff', 0, 0, 1, 0, 1, 0),
(31, 34, '2006-12-05', 0, '', 0, 0, 1, 1, 1, 0),
(32, 35, '2004-10-05', 0, 'null', 0, 0, 1, 0, 4, 0),
(33, 36, '2004-10-26', 0, 'null', 0, 0, 1, 0, 1, 0),
(34, 37, '2007-10-24', 0, 'null', 0, 0, 0, 0, 6, 0),
(35, 38, '2006-03-28', 0, 'null', 0, 0, 0, 0, 6, 0),
(36, 39, '2004-12-23', 0, 'null', 0, 0, 0, 0, 6, 1),
(37, 39, '2005-09-09', 0, 'HFyS en 9% G.\nMicroangiop trombotica quizas x Tx cronica x CyA ', 1, 0, 1, 0, 4, 0),
(38, 39, '2008-04-16', 0, '29 G,4 obsoletos', 1, 0, 0, 1, 6, 0),
(39, 39, '2008-12-19', 0, '8 G 6 obsolecentes\n2 c/Patron memb prolif+prolif extracapilar\nMP+1 BOLO CF', 1, 0, 0, 1, 8, 0),
(40, 41, '2005-11-23', 0, 'null', 0, 0, 1, 0, 4, 0),
(41, 43, '2005-06-07', 0, 'se convierte a Tacrolimus', 0, 0, 1, 0, 3, 0),
(42, 47, '2005-06-05', 0, '', 0, 0, 1, 0, 2, 1),
(43, 47, '2008-01-16', 0, 'conversion a FK', 0, 0, 0, 0, 5, 0),
(44, 51, '2007-02-14', 0, 'null', 0, 0, 1, 0, 4, 0),
(45, 55, '2005-12-07', 0, 'null', 0, 0, 1, 0, 1, 1),
(46, 55, '2006-01-20', 0, 'inf CMV IRA responde MP', 0, 0, 1, 0, 1, 0),
(47, 58, '2007-07-01', 0, 'null', 0, 0, 0, 0, 6, 0),
(48, 59, '2006-04-28', 0, 'AC preformados por CTF negativos', 0, 0, 1, 0, 1, 0),
(49, 59, '2007-12-19', 0, '', 0, 0, 1, 1, 4, 0),
(50, 63, '2006-05-19', 0, '', 0, 0, 1, 0, 1, 1),
(51, 63, '2006-06-19', 0, 'null', 0, 0, 0, 0, 1, 0),
(52, 64, '2006-04-23', 0, 'Ac preformados por CTF +, \nse realiza MP y cambio a FK', 0, 0, 1, 0, 4, 1),
(53, 66, '2008-02-23', 0, 'se susp CyA. Se inicia Everolimus', 0, 0, 0, 0, 5, 0),
(54, 67, '2006-06-16', 0, '4 gr MP . El FK se agrega en la evolución', 0, 0, 1, 0, 4, 0),
(55, 67, '2007-11-22', 0, '3 MP 500 + 625 mg TG (125 x 5) ', 0, 0, 1, 1, 3, 0),
(56, 68, '2006-05-17', 0, 'Prot u, IRA', 0, 0, 1, 0, 1, 1),
(57, 68, '2007-09-20', 0, '', 0, 0, 1, 0, 4, 0),
(58, 71, '2006-08-30', 0, 'null', 0, 0, 0, 0, 6, 0),
(59, 71, '2007-09-07', 0, '', 0, 0, 1, 1, 4, 0),
(60, 72, '2006-07-05', 0, '4 bolos MP 1 gr y FK', 0, 0, 1, 0, 4, 1),
(61, 76, '2006-08-26', 0, '', 0, 0, 0, 0, 6, 0),
(62, 76, '2006-08-28', 0, 'null', 0, 0, 0, 0, 6, 1),
(63, 76, '2008-11-25', 0, 'TM en enero, previo se trata condiloma anal', 0, 0, 1, 1, 1, 0),
(64, 78, '2006-08-23', 0, '', 0, 0, 1, 0, 1, 1),
(65, 78, '2006-12-05', 0, '', 0, 0, 1, 0, 4, 0),
(66, 80, '2006-09-27', 0, 'null', 0, 0, 0, 0, 6, 1),
(67, 81, '2006-10-12', 0, 'el 13 nefrectomia por rotura renal', 0, 0, 1, 0, 1, 1),
(68, 83, '2006-10-27', 0, 'null', 0, 0, 0, 0, 1, 1),
(69, 85, '2006-12-26', 0, 'IIl A:14 dias de TG', 0, 0, 1, 0, 3, 1),
(70, 85, '2008-07-17', 0, 'TG x 14 d=12 dosis', 0, 0, 1, 0, 3, 0),
(71, 87, '2007-01-16', 0, 'null', 0, 0, 0, 0, 6, 1),
(72, 87, '2007-08-15', 0, '', 1, 0, 0, 0, 6, 0),
(73, 88, '2007-12-06', 0, '', 0, 0, 1, 0, 4, 0),
(74, 90, '2007-03-13', 0, 'null', 0, 0, 1, 0, 1, 1),
(75, 95, '2007-09-10', 0, 'FAV pos punción', 0, 0, 0, 0, 6, 1),
(76, 111, '2008-07-01', 0, '', 0, 0, 1, 1, 1, 0),
(77, 97, '2007-11-12', 0, '', 0, 0, 1, 0, 4, 0),
(78, 98, '2008-06-11', 0, '', 0, 0, 1, 0, 1, 0),
(79, 99, '2007-11-16', 0, 'contexto infeccion bronquial no se trata', 0, 0, 1, 0, 6, 1),
(80, 101, '2008-02-22', 0, 'null', 0, 0, 0, 0, 1, 1),
(81, 102, '2009-01-07', 0, '9 dosis de TG', 0, 0, 1, 0, 3, 0),
(82, 105, '2008-04-25', 0, '', 0, 0, 0, 0, 6, 1),
(83, 105, '2008-06-22', 0, '', 0, 0, 1, 0, 1, 0),
(84, 107, '2008-06-02', 0, 'En contexto de Ag pp65+', 0, 0, 1, 0, 1, 0),
(85, 108, '2008-05-25', 0, 'null', 0, 1, 0, 0, 6, 1),
(86, 108, '2008-07-02', 0, 'remision con MP+CF', 0, 0, 0, 0, 6, 0),
(87, 109, '2008-07-21', 0, 'Aumento resistencias ecoddopler', 0, 0, 1, 0, 1, 1),
(88, 113, '2008-09-02', 0, 'NTA no se realiza PBR', 0, 0, 0, 0, 6, 0),
(89, 115, '2008-12-30', 0, '46 Glomerulos expansion y prolif mesangial FyS\nIntersticio minimo infiltrado mononuclear\nArteriolohialinosis leve', 0, 0, 0, 0, 1, 0),
(90, 117, '2008-11-01', 0, 'A los 7 d: IR+Ecodopler aumento Resist . NO PBR\nse indican 5 bolos MP 500 mg y pasa a FK.\nPlanteo RA favorecido x interacción \nCyA +DFH+TMX-SMZ', 0, 0, 1, 0, 4, 1),
(91, 121, '2008-11-19', 0, 'RII A:  3 gr MP + 8 dosis TG (950 mg) Swich a FK', 0, 0, 1, 0, 3, 1),
(92, 121, '2008-12-30', 0, 'RA o NTA?\nSe HD hasta 2/2/09\nMejora luego TM predn a dosis plena x probable\nP Carini', 0, 0, 1, 0, 6, 0),
(93, 121, '2009-02-28', 0, 'Se aumenta Predn a dosis plena x vasculitis piel\nSe HD hasta 23/3, luego mejora FR\nRA y/o NTA?', 0, 0, 1, 0, 6, 0),
(94, 125, '2009-05-14', 0, '', 0, 0, 1, 0, 3, 0),
(95, 126, '2009-03-04', 0, '2/55 glomerulos con tip lesion. IgM +focal', 0, 1, 0, 0, 6, 1),
(96, 128, '2009-03-20', 0, '', 0, 0, 0, 0, 6, 1),
(97, 128, '2009-03-31', 0, 'Aumento Resistencia que mejoran con MP', 0, 0, 1, 0, 1, 0),
(98, 129, '2009-03-31', 0, '', 0, 0, 1, 0, 4, 1),
(99, 127, '2009-03-31', 0, 'CyA menor 100, aumento resitencias\nMP total 2,5 gr. Mejora', 0, 0, 1, 0, 1, 1),
(100, 131, '2009-04-14', 0, 'Minimo infiltrado mononuclear. \nLeve AngioEsclerosis y arteriolohialinosis', 0, 0, 0, 0, 1, 1),
(101, 130, '2009-04-22', 0, 'RA x Ac preformados se descarta por CTF neg', 0, 0, 1, 0, 3, 1),
(102, 139, '2009-06-24', 0, '10/7/09 Recibe 3 bolos MP por planteo RA', 0, 0, 1, 0, 6, 1),
(103, 147, '2009-09-11', 0, '', 0, 0, 1, 0, 4, 1),
(104, 148, '2009-11-01', 0, 'II B', 0, 0, 1, 0, 3, 0);

--
-- Dumping data for table `injerto_evolucion_pbr`
--

INSERT INTO `injerto_evolucion_pbr` (`injerto_evolucion_id`, `resultado_pbr_id`) VALUES
(10, 1),
(13, 1),
(15, 1),
(16, 1),
(17, 1),
(23, 1),
(27, 1),
(29, 1),
(34, 1),
(37, 1),
(38, 1),
(39, 1),
(40, 1),
(47, 1),
(49, 1),
(50, 1),
(51, 1),
(54, 1),
(59, 1),
(64, 1),
(66, 1),
(68, 1),
(69, 1),
(70, 1),
(71, 1),
(74, 1),
(75, 1),
(79, 1),
(80, 1),
(82, 1),
(84, 1),
(86, 1),
(91, 1),
(98, 1),
(6, 2),
(11, 2),
(21, 2),
(22, 2),
(35, 2),
(37, 2),
(43, 2),
(44, 2),
(53, 2),
(57, 2),
(59, 2),
(84, 2),
(1, 3),
(2, 3),
(7, 3),
(58, 3),
(61, 3),
(86, 3),
(100, 3),
(13, 4),
(17, 4),
(19, 4),
(25, 4),
(27, 4),
(28, 4),
(29, 4),
(36, 4),
(42, 4),
(47, 4),
(51, 4),
(54, 4),
(56, 4),
(62, 4),
(66, 4),
(67, 4),
(68, 4),
(74, 4),
(75, 4),
(82, 4),
(84, 4),
(85, 4),
(89, 4),
(91, 4),
(96, 4),
(101, 4),
(102, 4),
(39, 5),
(5, 6),
(9, 6),
(21, 6),
(30, 6),
(31, 6),
(33, 6),
(44, 6),
(45, 6),
(48, 6),
(50, 6),
(56, 6),
(57, 6),
(63, 6),
(64, 6),
(74, 6),
(76, 6),
(78, 6),
(83, 6),
(84, 6),
(99, 6),
(103, 6),
(20, 7),
(24, 7),
(25, 7),
(26, 7),
(29, 7),
(32, 7),
(37, 7),
(40, 7),
(41, 7),
(49, 7),
(54, 7),
(59, 7),
(60, 7),
(70, 7),
(73, 7),
(77, 7),
(81, 7),
(91, 7),
(94, 7),
(98, 7),
(101, 7),
(104, 7),
(10, 8),
(27, 8),
(42, 8),
(67, 8),
(69, 8),
(79, 8),
(21, 9),
(29, 9),
(63, 9),
(76, 9),
(10, 10),
(16, 10),
(26, 10),
(31, 10),
(38, 10),
(39, 11),
(8, 13),
(3, 14),
(4, 14),
(12, 14),
(18, 14),
(46, 14),
(52, 14),
(55, 14),
(65, 14),
(87, 14),
(92, 14),
(93, 14),
(85, 15),
(14, 17),
(16, 17),
(37, 17),
(38, 17),
(72, 17),
(95, 17),
(38, 18),
(39, 18);

--
-- Dumping data for table `inmunosupresores`
--

INSERT INTO `inmunosupresores` (`id`, `nombre`) VALUES
(1, 'MMF'),
(2, 'predn'),
(3, 'tacrolimus'),
(4, 'everolimus'),
(5, 'CyA'),
(6, 'Ciclofosf');

--
-- Dumping data for table `md_content`
--

INSERT INTO `md_content` (`id`, `md_user_id`, `object_class`, `object_id`, `created_at`, `updated_at`) VALUES
(1, 1, 'mdUserProfile', 1, '2011-05-23 18:53:41', '2011-05-23 18:53:41');

--
-- Dumping data for table `md_content_relation`
--


--
-- Dumping data for table `md_media`
--


--
-- Dumping data for table `md_media_album`
--


--
-- Dumping data for table `md_media_album_content`
--


--
-- Dumping data for table `md_media_content`
--


--
-- Dumping data for table `md_media_file`
--


--
-- Dumping data for table `md_media_image`
--


--
-- Dumping data for table `md_media_video`
--


--
-- Dumping data for table `md_media_you_tube_video`
--


--
-- Dumping data for table `md_passport`
--

INSERT INTO `md_passport` (`id`, `md_user_id`, `username`, `password`, `account_active`, `last_login`, `created_at`, `updated_at`) VALUES
(1, 1, 'admin', '202cb962ac59075b964b07152d234b70', 1, NULL, '2011-05-23 18:53:41', '2011-05-23 18:53:41');

--
-- Dumping data for table `md_passport_remember_key`
--


--
-- Dumping data for table `md_user`
--

INSERT INTO `md_user` (`id`, `email`, `super_admin`, `deleted_at`, `created_at`, `updated_at`) VALUES
(1, 'admin@admin.com', 1, NULL, '2011-05-23 18:53:41', '2011-05-23 18:53:41');

--
-- Dumping data for table `md_user_profile`
--

INSERT INTO `md_user_profile` (`id`, `name`, `last_name`, `city`, `country_code`) VALUES
(1, 'Admin', 'Admin', NULL, 'UY');

--
-- Dumping data for table `medicaciones`
--

INSERT INTO `medicaciones` (`id`, `nombre`) VALUES
(1, 'CyA'),
(3, 'Prednisona'),
(4, 'Azacortid'),
(5, 'Azatioprina'),
(6, 'MFM'),
(7, 'FK506'),
(8, 'OKT3'),
(9, 'GAL'),
(10, 'ATG'),
(11, 'Metilprednisol'),
(12, 'Basiliximab'),
(13, 'Daclizumab'),
(14, 'Sirolimus'),
(15, 'Nifedipina'),
(16, 'Amlodipino'),
(17, 'Diltiazen'),
(18, 'Verapamilo'),
(19, 'IECA'),
(20, 'ARA ll'),
(21, 'Dilatren'),
(22, 'Atenolol'),
(23, 'Propanolol'),
(24, 'Furosemida'),
(25, 'Tiazida'),
(26, 'Ahorrador K'),
(27, 'Simvastatina'),
(28, 'Atorvastatina'),
(29, 'NPH'),
(30, 'Insulina NPH'),
(31, 'AAS o/s'),
(32, 'Ticlopidina'),
(33, 'Dipiridamol'),
(34, 'Choice'),
(35, 'HBPM'),
(36, 'Allopurinol'),
(37, 'Calcio'),
(38, 'Vit D'),
(39, 'Plasmaféresis'),
(40, 'Sin datos'),
(41, 'No corresponde'),
(42, 'Polimixina o Colistina'),
(43, 'Imipenem o/s'),
(45, 'Vancomicina'),
(46, 'Fluconazol'),
(47, 'Ceftriaxona'),
(48, 'Valixa'),
(49, 'Doxiciclina'),
(50, 'Omeprazol'),
(51, 'Vit B'),
(52, 'EPO'),
(53, 'Ac fólico'),
(54, 'cefotaxime'),
(55, 'Isoniacida'),
(56, 'secotex o similar'),
(57, 'Hierro vo o iv'),
(58, 'TMP-SMX'),
(59, 'Ampicilina'),
(60, 'Piperacilina Tazobactam'),
(61, 'Ciprofloxacina o/s'),
(62, 'Carvedilol o/s'),
(63, 'T 4'),
(64, 'Cefalosporina 1°G'),
(65, 'Cefalosporina 2°G'),
(66, 'Cefalosporina 3°G'),
(67, 'Ampi sulbactam o/s'),
(68, 'Ranitidina'),
(69, 'Amikacina o/s'),
(70, 'Otro'),
(71, 'Aciclovir'),
(72, 'Rifampicina'),
(73, 'Piracinamida'),
(74, 'Anfotericina '),
(75, 'comitoina o/s'),
(76, 'Azitromicina'),
(77, 'Amiodarona'),
(78, 'Everolimus'),
(79, 'No se trata'),
(80, 'Nitrofurantoina'),
(81, 'Nitratos o/s'),
(82, 'Potasio'),
(83, 'oseltamivir');

--
-- Dumping data for table `nefropatia`
--

INSERT INTO `nefropatia` (`id`, `nombre`) VALUES
(1, 'Malformación'),
(2, 'IRC sin diagnóstico'),
(3, 'GNC sin histología'),
(4, 'GNC inclasificable por histología'),
(5, 'GN Proliferativa'),
(6, 'GN Membranosa'),
(7, 'GN Membranoproliferativa tipo 1'),
(8, 'GN Membranoproliferativa tipo 2'),
(9, 'GN Membranoproliferativa no determinada'),
(10, 'Esclerosis Focal'),
(11, 'GN semilunar/GNRP'),
(12, 'Sind. Berger'),
(13, 'GN Esquistosomática'),
(14, 'Sind. Nefrótico Congénito'),
(15, 'Uropatía obstructiva no liatiásica'),
(16, 'Litiasis renal'),
(17, 'Nefropatia por drogas'),
(18, 'Nefropatía TI Inmunoalérgica (excluida drogas)'),
(19, 'Nefropatía TI infecciosa'),
(20, 'Nefropatía TI sin causa conocida'),
(21, 'PQR'),
(22, 'Enf Quística'),
(23, 'Enf quística medular'),
(24, 'Sind Alport'),
(25, 'Otra nefropatía hereditaria'),
(26, 'Cistinosis'),
(27, 'Oxalosis'),
(28, 'Hipoplasia renal'),
(29, 'Displasia renal'),
(30, 'HTA maligna primaria'),
(31, 'HTA maligna secundaria'),
(32, 'Nefroesclerosis benigna'),
(33, 'Tumores de vías Excretoras'),
(34, 'Fibrosis retroperitoneal'),
(35, 'Poliarteritis Nudosa'),
(36, 'Nefropatía diabética'),
(37, 'Mieloma Multiple'),
(38, 'Amiloidosis'),
(39, 'Nefropatía Lúpica'),
(40, 'Sind Goodpasture'),
(41, 'Wegener'),
(42, 'Sind Hemolítico Urémico'),
(43, 'Necrosis Cortical'),
(44, 'Otras vasculitis'),
(45, 'NTA sin recuperación'),
(46, 'TBC'),
(47, 'Gota'),
(48, 'Nefrocalcinosis'),
(49, 'Tumor renal'),
(50, 'Nefrectomía inadvertida'),
(51, 'Ligadura de ureteres'),
(52, 'Trauma'),
(53, 'Otra nefropatía'),
(54, 'Nefropatía por reflujo urétero-vesical'),
(55, 'SIDA');

--
-- Dumping data for table `organos`
--

INSERT INTO `organos` (`id`, `nombre`) VALUES
(1, 'Corazon'),
(2, 'Pancreas'),
(3, 'Pulmon'),
(4, 'Riñon'),
(5, 'Intestino'),
(6, 'Otros');

--
-- Dumping data for table `pacientes`
--

INSERT INTO `pacientes` (`id`, `the`, `ci`, `nombre`, `apellido`, `num_fnr`, `raza`, `sexo`, `fecha_nacimiento`, `fecha_dialisis`, `nefropatia_id`, `grupo_sanguineo`) VALUES
(1, 1, '2.736.115-8', 'Daniel Mario', 'Russo Ramos', 115265, 'Blanca', 'M', '1968-10-16', '1999-01-12', 3, 'A'),
(2, 2, '4.092.207-6', 'Irene', 'GOMEZ PEREIRA', 117343, 'Blanca', 'F', '1957-08-05', '1999-03-29', 2, 'A'),
(3, 3, '1.588.966-7', 'Raquel', 'PACELLO  BARRIOS', 90272, 'Blanca', 'F', '1956-12-01', '1996-08-12', 31, 'A'),
(4, 4, '3.930.161-1', 'Alvaro', 'CLAVIJO', 132177, 'Blanca', 'M', '1980-04-24', '1998-06-10', 54, 'O'),
(5, 5, '3.158.370-0', 'Evangelina Paula', 'CHABANEAU  BARCELO', 109087, 'Blanca', 'F', '1973-06-27', '1998-06-15', 39, 'A'),
(6, 6, '3.205.954-6', 'Dora Alicia', 'PEREZ GARCIA', 128931, 'Blanca', 'F', '1973-04-27', '2000-03-01', 36, 'O'),
(7, 7, '1.655.534-4', 'Pedro Enrique', 'ROIG MORA', 125673, 'Blanca', 'M', '1963-07-18', '1999-10-01', 36, 'O'),
(8, 8, '3.643.516-0', 'Ruben Eduardo', 'BICA COITINHO', 124478, 'Blanca', 'M', '1964-02-03', '1999-11-01', 36, 'O'),
(9, 9, '1.561.101-8', 'José Luis', 'GALLARDO  DUTRA', 113534, 'Blanca', 'M', '1945-07-27', '1998-10-20', 3, 'O'),
(10, 10, '2.501.550-9', 'Carlos  Daniel', 'DE SOUZA VARGAS', 104307, 'Blanca', 'M', '1970-01-05', '1997-12-24', 4, 'AB'),
(11, 11, '1.473.731-0', 'Julio César', 'ABREO  ALPUIN', 132957, 'Blanca', 'M', '1964-06-06', '2000-08-17', 21, 'O'),
(12, 12, '1.217.596-2', 'Carlos María', 'IBARRA CABRAL', 111513, 'Blanca', 'M', '1951-01-05', '1998-08-31', 10, 'O'),
(13, 13, '1.749.997-1', 'Herbel', 'ZABALLA', 146532, 'Blanca', 'M', '1961-06-19', '2000-06-01', 3, 'A'),
(14, 14, '1.445.896-6', 'Oriol Dante', 'CUSTODIO', 131970, 'Blanca', 'M', '1940-08-10', '2000-06-27', 10, 'O'),
(15, 15, '3.776.061-4', 'Sandra', 'VIGO FARIAS', 80670, 'Blanca', 'F', '1966-01-15', '1995-08-01', 11, 'O'),
(16, 16, '2.624.668-2', 'Juan', 'PINTOS CASTRO', 121765, 'Blanca', 'M', '1964-06-10', '1999-08-01', 3, 'O'),
(17, 17, '2.006.861-4', 'Andrea Joana', 'BENTANCOUR PEREZ', 44339, 'Blanca', 'F', '1977-12-02', '2001-03-20', 12, 'A'),
(18, 18, '2.791.545-2', 'Pablo Andrés', 'GIVOGRE GAGLIARDI', 87659, 'Blanca', 'M', '1977-03-11', '1996-05-27', 12, 'A'),
(19, 19, '2.621.171-8', 'César Gustavo', 'PEREZ ARENAS', 89568, 'Blanca', 'M', '1970-10-19', '1996-01-01', 24, 'A'),
(20, 20, '3.800.522-8', 'Eber Cleytor', 'SOSA GARRIDO', 0, 'Blanca', 'M', '1960-01-10', '1985-10-01', 11, 'O'),
(21, 21, '4.132.585-1', 'Sandra Yanet', 'RODRIGUEZ  GARCIA', 111513, 'Blanca', 'F', '1978-03-09', '1997-01-10', 10, 'O'),
(22, 22, '1.670.126-2', 'Carmelo Oscar', 'POSE RAMIREZ', 116813, 'Blanca', 'M', '1953-10-13', '1999-01-01', 3, 'O'),
(23, 23, '1.804.359', 'Alicia', 'SOLANO MOREIRA', 31624, 'Blanca', 'F', '1962-08-26', '1988-01-01', 1, 'O'),
(24, 24, '1.085.811-4', 'Carlos Eduardo', 'GELSO AISPURO', 139430, 'Blanca', 'M', '1943-11-29', '2001-05-10', 54, 'A'),
(25, 25, '2.740.397-8', 'Mauricio Richard', 'PERDOMO ABAZ', 54495, 'Blanca', 'M', '1970-09-17', '1993-03-01', 1, 'AB'),
(26, 26, '3.558.994-6', 'Diego Nicolás', 'LARROSA SANCHEZ', 143078, 'Blanca', 'M', '1985-01-22', '2001-07-01', 54, 'AB'),
(27, 27, '2.627.843-5', 'María Olga', 'BEJEREZ', 132773, 'Blanca', 'F', '1945-04-20', '1998-01-01', 32, 'O'),
(28, 28, '1.854.605-2', 'María Bettina', 'MUÑOZ GIMENEZ', 7695, 'Blanca', 'F', '1965-03-31', '1983-01-01', 28, 'A'),
(29, 29, '2.773.820-2', 'Jorge Mario', 'FRASCHERI  MALLORCAR', 143752, 'Blanca', 'M', '1942-05-29', '2001-08-28', 3, 'B'),
(30, 30, '3.870.454-8', 'Agosto Winston', 'BOSSI SCHIAVO', 160248, 'Blanca', 'M', '1946-05-14', '2003-05-07', 3, 'A'),
(31, 31, '1.806.967-4', 'Nelson Enrique', 'FERNANDEZ BARBOZA', 121199, 'Blanca', 'M', '1963-07-15', '1999-07-01', 32, 'O'),
(32, 32, '4.776.483-1', 'Raúl  Ismael', 'MACHADO   VEIGA', 157242, 'Blanca', 'M', '1989-05-28', '2003-01-22', 1, 'O'),
(33, 33, '2.747.756-1', 'Claudia Margarita', 'PIRIZ SOSA', 153859, 'Negra', 'F', '1965-04-09', '2002-05-01', 30, 'AB'),
(34, 34, '4.319.419-1', 'Carlos Alberto', 'CORREA SOSA', 158509, 'Blanca', 'M', '1978-06-05', '2003-02-14', 11, 'A'),
(35, 35, '1.320.707-5', 'Mabel', 'FERNANDEZ COSTA', 58668, 'Blanca', 'F', '1953-12-17', '2002-10-01', 11, 'O'),
(36, 36, '1.926.817-0', 'Pablo', 'DE CAMPO SAN ROMAN', 143038, 'Blanca', 'M', '1973-11-15', '2000-11-16', 2, 'B'),
(37, 37, '1.451.013-0', 'Ajobita Gregoria', 'FLEITAS CARDOZO', 81249, 'Blanca', 'F', '1954-04-09', '1995-09-01', 5, 'AB'),
(38, 38, '2.769.631-3', 'Mary Isabel', 'DIAZ OLIVERA', 104855, 'Blanca', 'F', '1950-05-27', '1998-01-22', 3, 'O'),
(39, 39, '2.813.600-9', 'Estela Maris', 'PEREYRA SOSA', 130501, 'Negra', 'F', '1973-06-25', '2000-04-24', 3, 'A'),
(40, 40, '1.076.354-1', 'Alejandro', 'VIQUE  RIVAS', 92417, 'Blanca', 'M', '1937-09-03', '1996-08-01', 32, 'O'),
(41, 41, '794.241.9', 'Hugo Nelson', 'MOREIRA MORAN', 155582, 'Blanca', 'M', '1938-10-30', '2003-02-01', 2, 'A'),
(42, 42, '997.336-7', 'Eliosir', 'LEDESMA GUILLERMO', 127636, 'Blanca', 'M', '1938-08-23', '2000-01-28', 32, 'A'),
(43, 43, '4.262.014-3', 'Daniel Guzmán', 'SANGUINETTI GONZALEZ', 153770, 'Blanca', 'M', '1979-08-03', '2002-06-01', 12, 'O'),
(44, 44, '1.452.512-7', 'José Luis', 'MARCONI  VILLAR', 86906, 'Blanca', 'M', '1956-08-19', '1996-04-18', 20, 'A'),
(45, 45, '3.667.189-7', 'Pablo Marcelo', 'VILLANUEVA SILVA', 159958, 'Blanca', 'M', '1973-04-05', '2003-04-29', 30, 'A'),
(46, 46, '2.950.008-3', 'Eduardo', 'MENA GOUX', 111719, 'Blanca', 'M', '1945-05-22', '1998-08-01', 2, 'A'),
(47, 47, '4.349.178-1', 'María Lucía', 'BAFICO  TOSCANO', 140509, 'Blanca', 'F', '1982-12-18', '2001-04-24', 42, 'A'),
(48, 48, '3.602.307-0', 'Rodolfo Daniel', 'REY CODURI', 161008, 'Blanca', 'M', '1950-03-26', '2003-05-08', 11, 'A'),
(49, 49, '3.954.229-1', 'Oscar Adrián', 'ESPEL MINONDO', 146389, 'Blanca', 'M', '1984-06-25', '2001-11-10', 54, 'O'),
(50, 50, '2.023.203', 'Sonia Consuelo', 'CHOUCIÑO RIVEROL', 163487, 'Blanca', 'F', '1947-04-19', '2003-08-16', 2, 'AB'),
(51, 51, '4.154.627-5', 'Miriam Raquel', 'CUADRADO LAUREANO', 136108, 'Blanca', 'F', '1964-11-26', '1992-06-01', 3, 'O'),
(52, 52, '1.089.327-9', 'Ethel', 'DUARTE', 128226, 'Blanca', 'F', '1942-03-22', '2004-05-26', 32, 'A'),
(53, 53, '1.474.971-9', 'Carlos Wilson', 'MARQUEZ LUCINO', 136569, 'Blanca', 'M', '1957-01-22', '2000-11-03', 3, 'O'),
(54, 54, '3.399.040-0', 'Juan Elefano', 'GARCIA GONZALEZ', 75843, 'Blanca', 'M', '1957-09-29', '1995-01-01', 32, 'A'),
(55, 55, '1.259.090', 'Nestor    Elías', 'PEREYRA TORRES', 147415, 'Blanca', 'M', '1951-08-15', '2001-12-01', 36, 'O'),
(56, 56, '4.124.447-5', 'Jorge Eduardo', 'GAMA MEDEIROS', 9202, 'Blanca', 'M', '1965-04-03', '1984-01-01', 11, 'A'),
(57, 57, '3.924.293.8', 'Ernesto Nicolás', 'SCHIFFINO GONZALEZ', 159033, 'Blanca', 'M', '1975-07-04', '2003-03-03', 25, 'O'),
(58, 58, '4.039.530-6', 'Jhony Daniel', 'ESPEL PACIELLO', 144701, 'Blanca', 'M', '1980-05-05', '2001-08-01', 11, 'AB'),
(59, 59, '3.540.106-7', 'Edgardo Gustavo', 'PEREZ ACOSTA', 93240, 'Blanca', 'M', '1968-11-22', '1996-10-01', 42, 'A'),
(60, 61, '4.465.184-7', 'Mariana Vanessa', 'GONZALEZ CARABAJAL', 167366, 'Blanca', 'F', '1981-06-30', '2004-03-17', 20, 'O'),
(61, 62, '1.323.786-4', 'Oscar Eduardo', 'CARBALLIDO PEREIRA', 65547, 'Blanca', 'M', '1953-11-23', '2004-06-01', 10, 'O'),
(62, 63, '1.503.634', 'Heber Orvandil', 'PEREZ FERREIRA', 152710, 'Blanca', 'M', '1944-04-15', '2002-06-26', 2, 'A'),
(63, 64, '3.072.664-4', 'Nibia Raquel', 'DIAZ DA CUNHA', 84215, 'Blanca', 'F', '1958-12-24', '1976-01-01', 6, 'O'),
(64, 65, '2.954.563-7', 'Elsa Delia', 'DUARTE TRINDADE', 55615, 'Blanca', 'F', '1944-08-04', '2002-07-01', 16, 'O'),
(65, 66, '1.675.544-5', 'Carlos', 'RODRIGUEZ MORENO', 142941, 'Blanca', 'M', '1962-06-14', '2001-07-13', 30, 'A'),
(66, 67, '1.358.156-0', 'Ana Raquel', 'CHIAPPINI BLANCO', 174699, 'Blanca', 'F', '1961-11-08', '2004-10-01', 21, 'A'),
(67, 68, '1.828.679-1', 'Luisito Amaro', 'ABREO MACHADO', 172494, 'Blanca', 'M', '1969-05-26', '2004-08-24', 2, 'O'),
(68, 69, '2.600.704-4', 'Ana Marianella', 'TABAREZ ACUÑA', 161387, 'Blanca', 'F', '1966-08-25', '2004-07-01', 21, 'A'),
(69, 70, '4.060.994-7', 'Nelly Gricel', 'RODRIGUEZ  PEDROZO', 128854, 'Blanca', 'F', '1964-06-14', '2000-03-01', 21, 'A'),
(70, 71, '1.465.962-9', 'María de los Angeles', 'ACEVEDO BEIRAS', 144626, 'Blanca', 'F', '1956-08-05', '2001-09-07', 4, 'O'),
(71, 72, '2.607.719-2', 'Raúl Eduardo', 'BASUALDO LALINDRE', 171965, 'Blanca', 'M', '1960-03-14', '2004-07-01', 3, 'A'),
(72, 73, '3.565.706-0', 'Ruben', 'PERAZA DIAZ', 167557, 'Blanca', 'M', '1942-10-25', '2004-04-12', 32, 'A'),
(73, 74, '4.031.973 -4', 'Jorge Marcelo', 'DE ARMAS PELLEJERO', 148814, 'Blanca', 'M', '1972-06-22', '2002-01-01', 9, 'A'),
(74, 75, '1.381.813-7', 'Manuel Esperanza', 'PRADO', 146665, 'Blanca', 'M', '1965-10-11', '2001-11-12', 2, 'A'),
(75, 76, '3.440.279-7', 'Sebastián', 'SOLARI  HESSE', 152460, 'Blanca', 'M', '1977-05-31', '2002-06-01', 10, 'O'),
(76, 77, '1,160,664-1', 'Alice Esther', 'RODRIGUEZ SCHEIBER', 172765, 'Blanca', 'F', '1945-03-15', '2004-08-30', 32, 'O'),
(77, 78, '894.095-1', 'Ifraín', 'MORAES  ALVAREZ', 146039, 'Blanca', 'M', '1938-09-13', '2001-10-01', 32, 'O'),
(78, 79, '1819771-8', 'Eliane Amelia', 'LARROSA LOPEZ', 100667, 'Blanca', 'F', '1966-05-23', '1997-09-01', 39, 'O'),
(79, 80, '3.816.415-5', 'Rosa', 'BUSTOS MORALES', 556158, 'Blanca', 'F', '1949-10-29', '2000-08-18', 32, 'A'),
(80, 81, '2.965.484-8', 'Monica', 'VALDIVIESO ALTEZ', 6104, 'Blanca', 'F', '1969-10-11', '1982-09-01', 20, 'O'),
(81, 82, '2.663.877-6', 'Jorge Diego', 'PEREIRA MARTINEZ', 191239, 'Blanca', 'M', '1976-12-19', '2006-09-20', 2, 'A'),
(82, 83, '1.756.848-1', 'Maria Elena', 'RAMOS FUENTES', 159314, 'Blanca', 'F', '1962-03-17', '2003-03-01', 21, 'B'),
(83, 84, '1.161.303-4', 'Jorge Elias', 'QUINTANS VARUZI', 128196, 'Blanca', 'M', '1948-01-12', '2005-06-01', 36, 'O'),
(84, 85, '1.588.236-8', 'Selma', 'LORENZO SELMA', 119316, 'Blanca', 'F', '1956-09-27', '1999-05-01', 16, 'O'),
(85, 86, '1.395.959-9', 'Berta Susana', 'PALUMBO RIVERO', 190645, 'Blanca', 'F', '1956-06-07', '2003-02-01', 10, 'O'),
(86, 87, '1.444.028-4', 'Julio Walter', 'GRIMM ARISPE', 163252, 'Blanca', 'M', '1957-07-25', '2003-09-15', 21, 'A'),
(87, 88, '4.130.729-5', 'Julio Ademar', 'GALVAN MONTAÑEZ', 141965, 'Blanca', 'M', '1974-05-26', '2001-05-13', 3, 'O'),
(88, 89, '2.857.333-6', 'Sebastian', 'FREIRE ARGIMON', 171803, 'Blanca', 'M', '1972-07-15', '2004-07-29', 3, 'A'),
(89, 90, '2.820.343-6', 'Mario Florencio', 'DURE MENDEZ', 173253, 'Blanca', 'M', '1952-01-08', '2004-08-22', 10, 'B'),
(90, 91, '2.642.631-7', 'Loribal Hugo', 'FIALHO SILVA', 185729, 'Blanca', 'M', '1964-04-11', '2005-12-03', 3, 'A'),
(91, 92, '3.400.582-6', 'Nicolas Eduardo', 'BALARDINI SENA', 190372, 'Blanca', 'M', '1984-05-19', '2006-05-26', 15, 'A'),
(92, 93, '2.655.709-9', 'Mario Rosa', 'CORREA BLANCO', 115357, 'Blanca', 'M', '1949-03-30', '1998-10-01', 2, 'B'),
(93, 94, '3.273.191-2', 'Beatriz Noemi', 'PEREZ LERETE', 171710, 'Blanca', 'F', '1970-09-02', '2004-08-12', 28, 'A'),
(94, 95, '2.560.137-0', 'Gustavo Vicente', 'INDART SEILER', 182044, 'Blanca', 'M', '1973-09-28', '2006-05-01', 10, 'A'),
(95, 96, '3.861.878-6', 'Ana Veronica', 'CORREA BARBOZA', 0, 'Blanca', 'F', '1960-08-02', '2001-09-06', 2, 'O'),
(96, 97, '2.008.202-0', 'Juan Marcos', 'Rodriguez Ceppone', 166537, 'Blanca', 'M', '1963-03-04', '2003-05-11', 3, 'O'),
(97, 98, '1.369.124-2', 'Griselda Adriana', 'BARON MAQUEIRA', 191271, 'Blanca', 'F', '1964-01-09', '2006-06-30', 21, 'A'),
(98, 99, '4.313.299-1', 'Adriana', 'MARTINEZ', 161386, 'Blanca', 'F', '1981-04-08', '2003-07-01', 35, 'A'),
(99, 100, '1.172.127-0', 'Antonio', 'PIÑEYRO', 166365, 'Blanca', 'M', '1944-09-13', '2004-01-01', 32, 'O'),
(100, 101, '3.009.626-5', 'Belckys', 'CORREA BLANCO', 0, 'Blanca', 'F', '1951-04-29', '1999-09-01', 10, 'B'),
(101, 102, '3048378 5', 'MARIA NIDIA', 'PIRIZ SEIJAS', 183705, 'Blanca', 'F', '1949-01-09', '2005-07-01', 44, 'B'),
(102, 103, '1896143 2', 'Marcelo', 'PEREZ', 141143, 'Blanca', 'M', '1969-12-19', '2001-03-01', 3, 'A'),
(103, 104, '13886481', 'IRIS MABEL', 'BORGES HERNANDEZ', 205530, 'Blanca', 'F', '1949-09-02', '2006-01-01', 3, 'A'),
(104, 105, '3.535.457-3', 'Juan Carlos', 'MURIA', 176460, 'Blanca', 'M', '1952-07-01', '2004-12-01', 30, 'A'),
(105, 106, '1.262.487-2', 'Sergio', 'PREGO ODONNE', 195491, 'Blanca', 'M', '1958-07-21', '2006-09-01', 32, 'A'),
(106, 107, '4.237.879-6', 'Carlos Daniel', 'Vargas Silva', 173596, 'Blanca', 'M', '1985-02-16', '2004-09-01', 11, 'O'),
(107, 108, '1.536.401-9', 'Rodolfo Artigas', 'De Lisa Perez', 205299, 'Blanca', 'M', '1952-06-16', '1800-01-01', 3, 'A'),
(108, 109, '3.035.402-3', 'José', 'Pastorino Folha', 180645, 'Blanca', 'M', '1971-06-12', '2005-06-07', 2, 'A'),
(109, 110, '1.137.063-6', 'Julio Cesar', 'Ostria Gaguero', 144449, 'Blanca', 'M', '1948-01-06', '2001-08-31', 21, 'B'),
(110, 111, '3.144.790-6', 'José Ignacio', 'Bruno Trindade', 154661, 'Blanca', 'M', '1969-06-10', '2002-08-01', 3, 'B'),
(111, 112, '3.405.393-6', 'Hugo Wilson', 'Brum Paisal', 142467, 'Blanca', 'M', '1954-02-23', '2001-06-01', 21, 'O'),
(112, 113, '1.827.287-7', 'Claudio Enrique', 'Luna Marin', 43564, 'Blanca', 'M', '1963-09-05', '1990-06-01', 11, 'A'),
(113, 114, '1.643.366-1', 'Maria Raquel', 'Albini Carrasco', 176627, 'Blanca', 'F', '1958-04-25', '2004-12-29', 21, 'O'),
(114, 115, '4.177.735-7', 'Julio Edgardo', 'Magallanes', 184605, 'Indio americana', 'M', '1977-08-21', '2005-07-01', 11, 'A'),
(115, 116, '3.155.053-3', 'Ricardo Julio', 'Schiffino Gonzalez', 255636, 'Blanca', 'M', '1971-03-02', '2002-10-27', 25, 'A'),
(116, 117, '4.212.189-6', 'Maria de los Angeles', 'De León Garcia', 147861, 'Blanca', 'F', '1986-09-09', '2003-04-01', 1, 'A'),
(117, 118, '1.121.858-1', 'Gustavo Eduardo', 'Ruiz Bruno', 211754, 'Blanca', 'M', '1956-03-14', '1800-01-01', 54, 'A'),
(118, 119, '1.758.607-5', 'Federico Cesar', 'Macri Casal', 197363, 'Blanca', 'M', '1973-03-06', '2007-01-23', 3, 'A'),
(119, 120, '2.608.248-0', 'Nelson ', 'Wilkins Dos Santos', 202476, 'Blanca', 'M', '1965-05-27', '2007-08-06', 10, 'AB'),
(120, 121, '1.605.889-1', 'Maria Haydee', 'La Luz Dos Santos', 156993, 'Blanca', 'F', '1954-12-02', '2002-12-01', 2, 'A'),
(121, 122, '4.379.242-4', 'Heber Leonel', 'Garin Perez', 205337, 'Blanca', 'M', '1990-06-23', '2007-11-01', 1, 'AB'),
(122, 123, '3.594.596-5', 'Sandra Giovanni', 'Gonzalez Toledo', 80875, 'Blanca', 'F', '1977-08-10', '1992-01-01', 54, 'O'),
(123, 124, '2.515.724-4', 'Ruben Ariel', 'Villalba Correa', 122041, 'Blanca', 'M', '1961-10-23', '2007-08-01', 21, 'A'),
(124, 125, '1.151.000-0', 'Leonel Edgardo', 'Villar Lopez', 999999, 'Blanca', 'M', '1950-11-03', '2003-02-18', 3, 'O'),
(125, 126, '3.709.684-2', 'Marcos Alexis', 'Vullien Gaiero', 209545, 'Blanca', 'M', '1978-05-24', '2008-06-03', 10, 'A'),
(126, 127, '3.178.223-3', 'Fenner', 'Daneri', 999, 'Blanca', 'M', '1956-10-21', '2001-11-20', 21, 'O'),
(127, 128, '1.341.958-1', 'Fernando Roque', 'Garcia Pedraja', 195215, 'Blanca', 'M', '1952-01-01', '2006-11-30', 21, 'A'),
(128, 129, '4.463.936-0', 'Stefania Nataly', 'De Curti Salinas', 164511, 'Blanca', 'F', '1989-04-13', '2003-09-01', 53, 'O'),
(129, 130, '4.570.980-3', 'Karen Lorena', 'Rus Casulo', 211092, 'Blanca', 'F', '1983-04-01', '2008-07-11', 42, 'AB'),
(130, 131, '5.419.115-4', 'Rafael', 'Ramirez Perez', 171285, 'Blanca', 'M', '1974-01-21', '2006-06-03', 16, 'A'),
(131, 132, '2.726.120-3', 'Jorge Ariel', 'Fernandez Muslera', 109255, 'Blanca', 'M', '1951-02-03', '2007-03-26', 2, 'A'),
(132, 133, '1.481.490-0', 'Lilian', 'Anderson', 189490, 'Blanca', 'F', '1957-06-27', '2006-04-27', 21, 'B'),
(133, 134, '2.809.844-5', 'Miriam', 'Munchs', 184918, 'Blanca', 'F', '1956-09-02', '2005-10-01', 19, 'O'),
(134, 135, '3.552.563-5', 'Lidia', 'Gudiño', 156814, 'Blanca', 'F', '1949-02-16', '2002-12-02', 2, 'A'),
(135, 136, '1.178.496-2', 'Valentin', 'Calvo', 114386, 'Blanca', 'M', '1951-02-27', '2008-05-30', 3, 'O'),
(136, 137, '1.045.458-0', 'Maria Teresa', 'Silva Dominguez', 201310, 'Blanca', 'F', '1949-12-29', '2007-08-01', 21, 'A'),
(137, 138, '3.898.173-5', 'Virginia Lujan', ' Quevedo Baccino', 205630, 'Blanca', 'F', '1984-07-25', '2007-11-10', 39, 'A'),
(138, 139, '1.585.995-3', 'Maria Graciela', 'Rolando Becerra', 192533, 'Blanca', 'F', '1960-05-12', '2006-06-01', 2, 'B'),
(139, 140, '1.225.681-5', 'Araksi', 'Barsamian', 214378, 'Blanca', 'F', '1958-08-30', '2008-12-06', 21, 'A'),
(140, 141, '1711032-3', 'Marina', 'Dorta Suarez', 109920, 'Blanca', 'F', '1959-02-21', '1998-06-01', 21, 'O'),
(141, 142, '1399882-4', 'Mirta Ruby', 'Laureiro Pombo', 94697, 'Blanca', 'F', '1954-12-05', '2005-06-01', 16, 'O'),
(142, 143, '4.932.220-5', 'Leonardo', 'Fernandez Suarez', 199175, 'Blanca', 'M', '1983-09-01', '2007-04-02', 12, 'A'),
(143, 144, '3.594.925-9', 'Daniel Raul', 'Alonso Plada', 173060, 'Blanca', 'M', '1962-03-12', '2004-06-01', 10, 'B'),
(144, 145, '3.226.457-1', 'Miriam', 'Oviedo Flores', 84407, 'Blanca', 'F', '1965-03-31', '2003-03-18', 2, 'O'),
(145, 146, '3.607.659-4', 'Ramon', 'Gutierrez Irigoita', 101741, 'Blanca', 'M', '1945-11-23', '1997-01-01', 6, 'O'),
(146, 147, '3.853.309-5', 'Marta Grisel', 'Silva Franco', 215545, 'Blanca', 'F', '1964-04-26', '2008-09-01', 3, 'A'),
(147, 148, '4.114.854-8', 'Fabricio Daniel', 'Reina Lopez', 199172, 'Blanca', 'M', '1977-11-12', '2007-04-01', 10, 'O'),
(148, 149, '1.266.475-5', 'Sonia Beatriz', 'Baygorria Santana', 185548, 'Blanca', 'F', '1949-11-24', '2005-09-01', 44, 'A'),
(149, 150, '1.254.058-0', 'Carlos', 'Gonzales Tizze', 62499, 'Blanca', 'M', '1951-03-27', '2009-03-02', 21, 'A'),
(150, 151, '1.865.491-8', 'Cecilia Ines', 'Olivera Lazcano', 178223, 'Blanca', 'F', '1964-11-27', '2005-01-10', 21, 'O');

--
-- Dumping data for table `paciente_causa_muerte`
--

INSERT INTO `paciente_causa_muerte` (`id`, `nombre`) VALUES
(1, 'Infecciosa'),
(2, 'AVE'),
(3, 'IAM'),
(4, 'Otra CV'),
(5, 'Tumor'),
(6, 'Insuficiencia Hepática'),
(7, 'Otra'),
(8, 'Desconocida');

--
-- Dumping data for table `paciente_causa_perdida_injerto`
--

INSERT INTO `paciente_causa_perdida_injerto` (`id`, `nombre`) VALUES
(1, 'Rechazo Agudo'),
(2, 'Rechazo Crónico'),
(3, 'Quirúrgica'),
(4, 'Recurrencia'),
(5, 'Nefritis Intersticial'),
(6, 'GN de novo'),
(7, 'Otra');

--
-- Dumping data for table `paciente_muerte`
--

INSERT INTO `paciente_muerte` (`paciente_id`, `causa_muerte_id`, `fecha_muerte`, `transplante_funcionando`) VALUES
(5, 3, '2004-06-01', 1),
(7, 8, '2008-08-01', 1),
(27, 4, '2005-12-05', 1),
(29, 5, '2009-06-28', 1),
(30, 3, '2008-11-05', 1),
(40, 4, '2008-01-02', 1),
(42, 1, '2005-05-11', 1),
(65, 1, '2009-09-01', 1),
(71, 1, '2006-07-18', 1),
(83, 3, '2006-11-16', 0),
(89, 1, '2007-04-27', 0),
(96, 1, '2008-08-20', 1),
(103, 7, '2008-03-05', 0),
(120, 1, '2009-04-17', 1),
(127, 1, '2009-07-21', 1),
(131, 1, '2009-07-24', 0),
(137, 1, '2009-07-21', 0);

--
-- Dumping data for table `paciente_perdida_injerto`
--

INSERT INTO `paciente_perdida_injerto` (`id`, `paciente_id`, `paciente_causa_perdida_injerto_id`, `fecha_perdida`, `paciente_pre_trasplante_id`) VALUES
(1, 9, 2, '2006-01-01', 9),
(2, 14, 2, '2004-06-07', 14),
(3, 19, 3, '2003-02-24', 19),
(4, 21, 4, '2004-07-01', 21),
(5, 32, 2, '2006-09-01', 32),
(6, 33, 2, '2005-08-08', 33),
(7, 39, 2, '2009-01-09', 39),
(8, 67, 2, '2007-12-04', 67),
(9, 81, 1, '2006-10-13', 81),
(10, 100, 1, '2007-11-22', 100),
(11, 110, 1, '2008-07-29', 110),
(12, 143, 3, '2009-07-23', 143);

--
-- Dumping data for table `paciente_pre_trasplante`
--

INSERT INTO `paciente_pre_trasplante` (`id`, `paciente_id`, `the`, `fecha_ingreso_lista`, `fecha_egreso`, `modalidad_d`, `diabetes`, `imc`, `origen`, `pbr`, `hta`, `obesidad`, `dislipemia`, `tabaquismo`, `iam`, `ave`, `revasc_cardio`, `meses_en_lista`) VALUES
(1, 1, 1, '1999-05-01', '2000-02-09', 'HD', 'No', 'entre 20 y 25', 'IAMC', 0, 0, 0, 0, 0, 0, 0, 0, 9),
(2, 2, 2, '2000-06-01', '2000-09-24', 'HD', 'No', 'entre 20 y 25', 'MSP', 0, 1, 0, 0, 0, 0, 0, 0, 3),
(3, 3, 3, '1999-07-01', '2000-12-31', 'HD+DPCA', 'No', 'entre 20 y 25', 'MSP', 0, 1, 0, 0, 0, 0, 0, 0, 17),
(4, 4, 4, '2000-09-01', '2001-02-12', 'HD', 'No', 'entre 20 y 25', 'IAMC', 0, 0, 0, 0, 0, 0, 0, 0, 5),
(5, 5, 5, '1999-04-01', '2001-03-05', 'HD', 'No', 'entre 20 y 25', 'IAMC', 0, 1, 0, 0, 0, 0, 0, 0, 23),
(6, 6, 6, '2000-07-01', '2001-06-26', 'HD', 'Tipo I', '<20', 'IAMC', 0, 1, 0, 0, 0, 0, 0, 0, 11),
(7, 7, 7, '2001-01-01', '2001-06-26', 'HD', 'Tipo I', 'entre 20 y 25', 'IAMC', 0, 0, 0, 0, 1, 0, 0, 0, 5),
(8, 8, 8, '2000-07-01', '2001-11-15', 'HD', 'Tipo I', 'entre 20 y 25', 'IAMC', 0, 0, 0, 0, 1, 0, 0, 0, 16),
(9, 9, 9, '1999-06-01', '2001-11-18', 'HD', 'No', 'entre 20 y 25', 'IAMC', 0, 0, 0, 0, 1, 0, 0, 0, 29),
(10, 10, 10, '2001-09-01', '2001-12-21', 'HD+DPCA', 'No', '<20', 'MSP', 0, 1, 0, 0, 1, 0, 0, 0, 3),
(11, 11, 11, '2000-10-01', '2001-12-22', 'HD', 'No', '>25', 'IAMC', 0, 0, 0, 0, 0, 0, 0, 0, 14),
(12, 12, 12, '1999-09-01', '2002-01-09', 'HD+DPCA', 'No', 'entre 20 y 25', 'IAMC', 0, 1, 0, 1, 0, 0, 0, 0, 28),
(13, 13, 13, '2001-10-01', '2002-02-11', 'HD', 'No', 'entre 20 y 25', 'IAMC', 0, 1, 0, 1, 1, 1, 0, 1, 4),
(14, 14, 14, '2001-02-01', '2002-04-16', 'HD', 'No', 'entre 20 y 25', 'IAMC', 0, 1, 0, 1, 1, 0, 0, 0, 14),
(15, 15, 15, '1996-08-01', '2002-04-16', 'HD', 'No', 'entre 20 y 25', 'IAMC', 0, 1, 0, 0, 0, 0, 0, 0, 68),
(16, 16, 16, '2002-01-01', '2002-10-23', 'DPCA', 'No', 'entre 20 y 25', 'IAMC', 0, 0, 0, 0, 0, 0, 0, 0, 9),
(17, 17, 17, '2002-01-01', '2002-11-03', 'HD', 'No', 'entre 20 y 25', 'MSP', 0, 0, 0, 0, 1, 0, 0, 0, 10),
(18, 18, 18, '2000-09-01', '2002-12-30', 'HD', 'No', 'entre 20 y 25', 'IAMC', 0, 1, 0, 0, 0, 0, 0, 0, 27),
(19, 19, 19, '2002-07-01', '2003-02-20', 'DPCA', 'No', '>25', 'IAMC', 0, 1, 1, 1, 1, 0, 0, 0, 7),
(20, 20, 20, '2001-04-01', '2003-04-01', 'null', 'No', 'entre 20 y 25', 'MSP', 0, 0, 0, 0, 0, 0, 0, 0, 24),
(21, 21, 21, '2000-06-01', '2003-04-23', 'HD', 'No', 'entre 20 y 25', 'IAMC', 0, 1, 0, 0, 0, 0, 0, 0, 34),
(22, 22, 22, '2001-09-01', '2003-04-22', 'null', 'No', 'entre 20 y 25', 'MSP', 0, 0, 0, 1, 1, 0, 0, 0, 19),
(23, 23, 23, '1995-12-01', '2003-07-05', 'HD+DPCA', 'No', '>25', 'IAMC', 0, 0, 1, 0, 0, 0, 0, 0, 91),
(24, 24, 24, '2001-10-01', '2003-07-05', 'HD+DPCA', 'No', '>25', 'MSP', 0, 1, 1, 1, 0, 0, 0, 0, 21),
(25, 25, 25, '2003-05-01', '2003-07-13', 'HD', 'No', 'entre 20 y 25', 'IAMC', 0, 0, 0, 1, 0, 0, 0, 0, 2),
(26, 26, 26, '2001-10-01', '2003-07-13', 'null', 'No', 'entre 20 y 25', 'IAMC', 0, 0, 0, 0, 0, 0, 0, 0, 21),
(27, 27, 27, '2002-11-01', '2003-09-04', 'HD', 'No', 'entre 20 y 25', 'MSP', 0, 1, 0, 1, 0, 0, 1, 0, 10),
(28, 28, 28, '1996-09-01', '2003-10-01', 'null', 'No', 'entre 20 y 25', 'IAMC', 0, 0, 1, 0, 0, 0, 0, 0, 85),
(29, 29, 29, '2001-09-01', '2003-12-22', 'HD', 'Tipo II', '>25', 'IAMC', 0, 1, 1, 0, 0, 0, 0, 0, 27),
(30, 30, 30, '2003-08-01', '2004-02-09', 'DPCA', 'No', 'entre 20 y 25', 'MSP', 0, 1, 0, 1, 0, 0, 0, 0, 6),
(31, 31, 31, '2001-01-01', '2004-02-10', 'HD', 'No', 'entre 20 y 25', 'IAMC', 0, 0, 0, 0, 0, 0, 1, 0, 37),
(32, 32, 32, '2003-06-01', '2004-02-27', 'null', 'No', 'entre 20 y 25', 'MSP', 0, 0, 0, 0, 0, 0, 0, 0, 8),
(33, 33, 33, '2003-03-01', '2004-04-23', 'HD', 'No', '>25', 'IAMC', 0, 1, 1, 1, 1, 0, 0, 0, 13),
(34, 34, 34, '2003-07-01', '2004-05-24', 'null', 'No', 'entre 20 y 25', 'IAMC', 0, 0, 0, 0, 0, 0, 0, 0, 10),
(35, 35, 35, '2003-11-01', '2004-07-04', 'HD', 'No', '>25', 'IAMC', 0, 1, 0, 0, 0, 0, 0, 0, 8),
(36, 36, 36, '2002-06-01', '2004-08-03', 'HD', 'No', 'entre 20 y 25', 'MSP', 0, 0, 0, 1, 0, 0, 0, 0, 26),
(37, 37, 37, '2003-02-01', '2004-08-12', 'HD+DPCA', 'No', '<20', 'MSP', 0, 0, 0, 0, 0, 0, 0, 0, 18),
(38, 38, 38, '1999-06-01', '2004-09-18', 'HD', 'No', '<20', 'MSP', 0, 1, 0, 0, 0, 0, 0, 0, 63),
(39, 39, 39, '2002-09-01', '2004-12-15', 'HD', 'No', 'entre 20 y 25', 'MSP', 0, 1, 0, 1, 1, 0, 0, 0, 27),
(40, 40, 40, '2001-12-01', '2005-03-04', 'HD', 'No', 'entre 20 y 25', 'MSP', 0, 1, 0, 1, 0, 1, 1, 1, 39),
(41, 41, 41, '2003-07-01', '2005-04-11', 'HD', 'No', '>25', 'IAMC', 0, 1, 1, 1, 0, 0, 0, 0, 21),
(42, 42, 42, '2001-02-01', '2005-04-11', 'HD', 'No', '>25', 'IAMC', 0, 1, 1, 1, 0, 0, 0, 0, 50),
(43, 43, 43, '2003-02-01', '2005-04-12', 'DPCA', 'No', '>25', 'IAMC', 0, 0, 0, 0, 0, 0, 0, 0, 26),
(44, 44, 44, '1999-01-01', '2005-04-19', 'HD+TR+DPCA', 'No', 'entre 20 y 25', 'IAMC', 0, 0, 0, 0, 0, 0, 0, 0, 75),
(45, 45, 45, '2003-09-01', '2005-04-22', 'HD', 'No', '<20', 'MSP', 0, 1, 0, 0, 0, 0, 0, 0, 19),
(46, 46, 46, '2000-12-01', '2005-04-30', 'HD', 'No', '>25', 'IAMC', 0, 1, 1, 0, 0, 0, 0, 0, 52),
(47, 47, 47, '2001-09-01', '2005-05-07', 'HD', 'No', 'entre 20 y 25', 'MSP', 0, 0, 0, 0, 0, 0, 0, 0, 44),
(48, 48, 48, '2004-07-01', '2005-06-03', 'HD', 'No', '>25', 'MSP', 0, 1, 1, 0, 1, 0, 0, 0, 11),
(49, 49, 49, '2003-09-01', '2005-06-23', 'HD', 'No', '<20', 'MSP', 0, 0, 0, 0, 0, 0, 0, 0, 21),
(50, 50, 50, '2005-03-01', '2005-07-15', 'HD', 'No', 'entre 20 y 25', 'MSP', 0, 1, 0, 0, 1, 0, 0, 0, 4),
(51, 51, 51, '2004-08-01', '2005-08-17', 'HD+DPCA', 'No', 'entre 20 y 25', 'MSP', 0, 1, 0, 0, 0, 0, 0, 0, 12),
(52, 52, 52, '2004-11-01', '2005-09-08', 'HD', 'No', 'entre 20 y 25', 'IAMC', 0, 1, 0, 1, 0, 0, 0, 0, 10),
(53, 53, 53, '2001-09-01', '2005-10-18', 'HD', 'No', '>25', 'IAMC', 0, 1, 0, 1, 0, 0, 0, 0, 49),
(54, 54, 54, '2003-07-01', '2005-10-31', 'HD', 'No', 'entre 20 y 25', 'MSP', 0, 1, 0, 1, 1, 0, 0, 0, 27),
(55, 55, 55, '2002-11-01', '2005-11-15', 'HD', 'Tipo I', 'entre 20 y 25', 'IAMC', 0, 1, 0, 0, 0, 0, 0, 0, 36),
(56, 56, 56, '1994-11-01', '2005-12-21', 'HD+TR+DPCA', 'No', '<20', 'IAMC', 0, 0, 0, 0, 0, 0, 0, 0, 133),
(57, 57, 57, '2004-02-01', '2005-12-28', 'HD', 'No', '>25', 'MSP', 0, 0, 0, 1, 0, 0, 0, 0, 22),
(58, 58, 58, '2002-04-01', '2006-02-21', 'HD', 'No', 'entre 20 y 25', 'MSP', 0, 1, 0, 0, 0, 0, 0, 0, 46),
(59, 59, 59, '2004-05-01', '2006-03-05', 'HD+TR+DPCA', 'No', 'entre 20 y 25', 'MSP', 0, 1, 0, 1, 0, 0, 1, 0, 22),
(60, 19, 60, '2005-10-01', '2006-03-26', 'null', 'No', 'entre 20 y 25', 'IAMC', 0, 0, 1, 1, 0, 0, 0, 0, 5),
(61, 60, 61, '2004-09-01', '2006-04-06', 'DPCA', 'No', 'entre 20 y 25', 'MSP', 0, 0, 0, 0, 0, 0, 0, 0, 19),
(62, 61, 62, '2005-03-01', '2006-04-18', 'HD', 'No', 'entre 20 y 25', 'IAMC', 0, 1, 0, 0, 0, 0, 0, 0, 13),
(63, 62, 63, '2004-08-01', '2006-04-20', 'HD', 'No', '>25', 'MSP', 0, 1, 1, 0, 0, 0, 0, 0, 20),
(64, 63, 64, '2002-06-01', '2006-04-22', 'HD+TR+DPCA', 'No', 'entre 20 y 25', 'MSP', 0, 1, 0, 1, 0, 0, 0, 0, 46),
(65, 64, 65, '2004-06-01', '2006-04-25', 'HD', 'No', 'entre 20 y 25', 'MSP', 0, 1, 0, 0, 0, 0, 0, 0, 22),
(66, 65, 66, '2002-12-01', '2006-05-02', 'HD', 'No', 'entre 20 y 25', 'MSP', 0, 1, 0, 1, 0, 0, 0, 0, 41),
(67, 66, 67, '2005-03-01', '2006-05-07', 'DPCA', 'No', '>25', 'IAMC', 0, 0, 1, 1, 0, 0, 0, 0, 14),
(68, 67, 68, '2004-11-01', '2006-05-08', 'HD', 'No', 'entre 20 y 25', 'IAMC', 0, 1, 0, 0, 0, 0, 0, 0, 18),
(69, 68, 69, '2005-03-01', '2006-05-21', 'HD+DPCA', 'No', 'entre 20 y 25', 'MSP', 0, 1, 0, 1, 0, 0, 0, 0, 14),
(70, 69, 70, '2002-01-01', '2006-06-01', 'HD', 'No', 'entre 20 y 25', 'MSP', 0, 0, 0, 1, 0, 0, 0, 0, 53),
(71, 70, 71, '2002-12-01', '2006-06-06', 'HD', 'No', '>25', 'MSP', 0, 1, 1, 1, 1, 0, 0, 0, 42),
(72, 71, 72, '2004-08-01', '2006-06-14', 'HD', 'No', 'entre 20 y 25', 'MSP', 0, 0, 0, 0, 1, 0, 0, 0, 22),
(73, 72, 73, '2004-09-01', '2006-07-03', 'HD', 'No', '>25', 'MSP', 0, 1, 1, 0, 0, 0, 0, 0, 22),
(74, 73, 74, '2003-08-01', '2006-07-22', 'HD', 'No', 'entre 20 y 25', 'IAMC', 0, 0, 0, 0, 0, 0, 0, 0, 35),
(75, 74, 75, '2002-02-01', '2006-07-22', 'HD', 'No', 'entre 20 y 25', 'MSP', 0, 1, 0, 0, 1, 0, 0, 0, 53),
(76, 75, 76, '2002-08-01', '2006-07-30', 'HD', 'No', 'entre 20 y 25', 'IAMC', 0, 1, 0, 0, 0, 0, 0, 0, 47),
(77, 76, 77, '2006-07-01', '2006-07-30', 'DPCA', 'No', '>25', 'MSP', 0, 1, 0, 1, 0, 0, 0, 0, 0),
(78, 77, 78, '2002-11-01', '2006-08-10', 'HD', 'No', '>25', 'IAMC', 0, 1, 0, 1, 0, 0, 0, 0, 45),
(79, 78, 79, '1998-10-01', '2006-08-24', 'HD', 'No', 'entre 20 y 25', 'IAMC', 0, 1, 0, 0, 0, 0, 0, 0, 94),
(80, 79, 80, '2004-07-01', '2006-09-19', 'HD', 'No', '>25', 'MSP', 0, 1, 1, 1, 0, 0, 1, 0, 26),
(81, 80, 81, '2000-09-01', '2006-10-04', 'HD', 'No', '<20', 'MSP', 0, 0, 0, 0, 0, 0, 0, 0, 73),
(82, 81, 82, '2006-08-01', '2006-10-07', 'HD', 'No', 'entre 20 y 25', 'MSP', 0, 1, 0, 0, 0, 0, 0, 0, 2),
(83, 82, 83, '2005-03-01', '2006-10-20', 'HD+DPCA', 'No', '>25', 'IAMC', 0, 0, 1, 0, 0, 0, 0, 0, 19),
(84, 83, 84, '2006-06-01', '2006-11-14', 'HD', 'Tipo II', '>25', 'IAMC', 0, 0, 1, 1, 0, 1, 0, 1, 5),
(85, 84, 85, '2001-04-01', '2006-12-20', 'HD', 'No', 'entre 20 y 25', 'MSP', 0, 1, 0, 1, 1, 0, 0, 0, 68),
(86, 85, 86, '2006-10-01', '2006-12-21', 'DPCA', 'No', 'entre 20 y 25', 'IAMC', 0, 1, 0, 0, 0, 0, 0, 0, 2),
(87, 86, 87, '2003-12-01', '2006-12-25', 'HD', 'No', 'entre 20 y 25', 'IAMC', 0, 1, 0, 0, 0, 0, 0, 0, 36),
(88, 87, 88, '2001-09-01', '2007-01-25', 'HD', 'No', 'entre 20 y 25', 'MSP', 0, 0, 0, 1, 0, 0, 0, 0, 64),
(89, 88, 89, '2004-12-01', '2007-02-22', 'HD', 'No', '>25', 'IAMC', 0, 1, 0, 0, 0, 0, 0, 0, 26),
(90, 89, 90, '2006-01-01', '2007-03-06', 'null', 'No', 'entre 20 y 25', 'IAMC', 0, 0, 1, 1, 0, 0, 0, 0, 14),
(91, 90, 91, '2006-10-01', '2007-05-11', 'null', 'No', 'entre 20 y 25', 'MSP', 0, 0, 0, 1, 0, 0, 0, 0, 7),
(92, 91, 92, '2007-02-28', '2007-05-12', 'HD', 'No', 'entre 20 y 25', 'IAMC', 0, 0, 0, 0, 0, 0, 0, 0, 4),
(93, 92, 93, '2001-04-01', '2007-06-12', 'HD', 'No', '>25', 'IAMC', 0, 1, 0, 1, 0, 0, 0, 0, 74),
(94, 93, 94, '2004-11-01', '2007-06-21', 'null', 'No', 'entre 20 y 25', 'IAMC', 0, 0, 0, 0, 0, 0, 0, 0, 31),
(95, 94, 95, '2007-02-16', '2007-08-29', 'HD', 'No', 'entre 20 y 25', 'IAMC', 0, 1, 0, 1, 0, 0, 0, 0, 6),
(96, 95, 96, '2002-06-01', '2007-09-05', 'HD', 'No', '<20', 'MSP', 0, 1, 0, 0, 0, 0, 0, 0, 63),
(97, 96, 97, '2004-11-01', '2007-09-04', 'HD', 'No', '>25', 'MSP', 0, 1, 1, 0, 0, 0, 0, 0, 34),
(98, 97, 98, '2007-08-07', '2007-09-07', 'HD', 'No', 'entre 20 y 25', 'IAMC', 0, 0, 0, 1, 0, 0, 0, 0, 1),
(99, 98, 99, '2004-08-01', '2007-09-24', 'HD+DPCA', 'No', 'entre 20 y 25', 'MSP', 0, 1, 0, 0, 0, 0, 0, 0, 37),
(100, 99, 100, '2006-04-01', '2007-10-27', 'HD', 'No', 'entre 20 y 25', 'MSP', 0, 1, 0, 1, 1, 0, 0, 1, 18),
(101, 100, 101, '2001-05-01', '2007-11-04', 'HD', 'No', '>25', 'IAMC', 0, 1, 1, 1, 0, 0, 0, 0, 78),
(102, 101, 102, '2007-07-06', '2008-01-24', 'HD', 'No', 'entre 20 y 25', 'IAMC', 0, 0, 0, 1, 0, 0, 0, 0, 6),
(103, 102, 103, '2002-08-01', '2008-02-20', 'null', 'No', 'entre 20 y 25', 'IAMC', 0, 0, 0, 0, 0, 0, 0, 0, 66),
(104, 103, 104, '2008-01-01', '2008-03-02', 'null', 'No', 'entre 20 y 25', 'MSP', 0, 0, 1, 1, 0, 0, 0, 0, 2),
(105, 104, 105, '2006-03-01', '2008-03-04', 'HD', 'No', '>25', 'MSP', 0, 1, 1, 1, 0, 0, 0, 0, 24),
(106, 105, 106, '2008-02-01', '2008-04-12', 'null', 'No', 'entre 20 y 25', 'IAMC', 0, 0, 0, 1, 1, 0, 0, 0, 2),
(107, 106, 107, '2005-04-01', '2008-04-14', 'null', 'No', 'entre 20 y 25', 'IAMC', 0, 0, 0, 0, 0, 0, 0, 0, 36),
(108, 107, 108, '2008-03-25', '2008-05-03', 'HD', 'Tipo II', 'entre 20 y 25', 'IAMC', 0, 1, 0, 0, 0, 0, 0, 0, 3),
(109, 108, 109, '2007-02-21', '2008-05-03', 'HD', 'No', 'entre 20 y 25', 'MSP', 0, 0, 0, 0, 0, 0, 0, 0, 16),
(110, 109, 110, '2002-11-01', '2008-07-14', 'HD', 'No', '>25', 'MSP', 0, 1, 1, 0, 0, 0, 0, 0, 68),
(111, 110, 111, '2003-03-01', '2008-07-16', 'HD', 'No', 'entre 20 y 25', 'MSP', 0, 0, 0, 0, 0, 0, 0, 0, 64),
(112, 111, 112, '2002-12-01', '2008-08-24', 'HD+DPCA', 'No', 'entre 20 y 25', 'MSP', 0, 1, 0, 0, 0, 0, 0, 0, 68),
(113, 112, 113, '2002-04-09', '2008-09-01', 'HD+DPCA', 'No', 'entre 20 y 25', 'IAMC', 0, 0, 0, 0, 0, 0, 0, 0, 78),
(114, 113, 114, '2006-03-01', '2008-10-17', 'HD', 'No', 'entre 20 y 25', 'IAMC', 0, 0, 0, 0, 0, 0, 0, 0, 31),
(115, 114, 115, '2006-08-17', '2008-10-20', 'HD', 'No', 'entre 20 y 25', 'MSP', 0, 0, 0, 0, 0, 0, 0, 0, 26),
(116, 115, 116, '2003-03-01', '2008-10-20', 'HD', 'No', '>25', 'MSP', 0, 0, 0, 1, 0, 0, 0, 0, 67),
(117, 116, 117, '2005-04-01', '2008-10-25', 'null', 'No', 'entre 20 y 25', 'IAMC', 0, 0, 0, 0, 0, 0, 0, 0, 42),
(118, 117, 118, '2005-04-01', '2008-11-01', 'HD+DPCA', 'No', 'entre 20 y 25', 'IAMC', 0, 0, 0, 0, 0, 0, 0, 0, 43),
(119, 118, 119, '2008-01-01', '2008-11-05', 'HD', 'No', 'entre 20 y 25', 'IAMC', 0, 0, 0, 1, 0, 0, 0, 0, 10),
(120, 119, 120, '2008-05-01', '2008-11-05', 'HD', 'No', 'entre 20 y 25', 'IAMC', 0, 0, 0, 0, 0, 0, 0, 0, 6),
(121, 120, 121, '2003-06-01', '2008-11-12', 'HD', 'No', '>25', 'MSP', 0, 0, 1, 0, 0, 0, 0, 0, 65),
(122, 121, 122, '2008-05-01', '2008-12-15', 'HD', 'No', 'entre 20 y 25', 'IAMC', 0, 0, 0, 0, 0, 0, 0, 0, 7),
(123, 122, 123, '2006-04-01', '2008-12-15', 'HD', 'No', 'entre 20 y 25', 'MSP', 0, 0, 0, 0, 0, 0, 0, 0, 32),
(124, 123, 124, '2008-10-07', '2009-01-13', 'HD', 'No', 'entre 20 y 25', 'IAMC', 0, 1, 0, 1, 0, 0, 0, 0, 3),
(125, 124, 125, '2005-05-01', '2009-02-12', 'HD', 'No', 'entre 20 y 25', 'IAMC', 0, 0, 0, 1, 0, 0, 0, 0, 45),
(126, 125, 126, '2009-01-01', '2009-02-12', 'HD', 'No', 'entre 20 y 25', 'IAMC', 0, 1, 0, 0, 0, 0, 0, 0, 1),
(127, 126, 127, '2002-04-01', '2009-03-14', 'HD', 'No', '>25', 'IAMC', 0, 0, 0, 0, 0, 0, 0, 0, 83),
(128, 127, 128, '2007-09-25', '2009-03-17', 'HD', 'No', '>25', 'MSP', 0, 1, 0, 0, 0, 0, 0, 0, 19),
(129, 128, 129, '2004-04-01', '2009-03-25', 'HD', 'No', '<20', 'MSP', 0, 0, 0, 0, 0, 0, 0, 0, 59),
(130, 129, 130, '2009-01-05', '2009-03-26', 'HD', 'No', 'entre 20 y 25', 'IAMC', 0, 1, 0, 0, 0, 0, 0, 0, 2),
(131, 130, 131, '2006-06-13', '2009-04-08', 'HD', 'No', 'entre 20 y 25', 'MSP', 0, 0, 0, 0, 0, 0, 0, 0, 35),
(132, 131, 132, '2007-10-01', '2009-04-14', 'null', 'No', 'entre 20 y 25', 'IAMC', 0, 0, 1, 0, 0, 0, 0, 0, 18),
(133, 132, 133, '2007-03-01', '2009-05-16', 'HD', 'No', '>25', 'IAMC', 0, 1, 0, 0, 0, 0, 0, 0, 26),
(134, 133, 134, '2006-06-28', '2009-05-25', 'null', 'No', 'entre 20 y 25', 'IAMC', 0, 0, 0, 1, 0, 0, 0, 0, 36),
(135, 134, 135, '2005-03-01', '2009-05-26', 'HD', 'No', 'entre 20 y 25', 'IAMC', 0, 0, 0, 0, 0, 0, 0, 0, 50),
(136, 135, 136, '2008-12-15', '2009-06-04', 'null', 'No', 'entre 20 y 25', 'IAMC', 0, 0, 0, 1, 0, 0, 0, 0, 7),
(137, 136, 137, '2009-04-13', '2009-06-05', 'HD', 'No', 'entre 20 y 25', 'IAMC', 0, 0, 0, 0, 0, 0, 1, 0, 3),
(138, 137, 138, '2009-02-13', '2009-06-11', 'HD', 'No', '>25', 'IAMC', 0, 1, 1, 0, 0, 0, 0, 0, 5),
(139, 138, 139, '2009-01-01', '2009-06-18', 'HD', 'No', 'entre 20 y 25', 'IAMC', 0, 0, 0, 0, 0, 0, 0, 0, 5),
(140, 139, 140, '2009-05-12', '2009-06-24', 'null', 'No', 'entre 20 y 25', 'MSP', 0, 0, 1, 0, 0, 0, 0, 0, 1),
(141, 140, 141, '2001-11-11', '2009-07-15', 'HD+DPCA', 'No', 'entre 20 y 25', 'MSP', 0, 1, 0, 0, 0, 0, 0, 0, 92),
(142, 141, 142, '2008-07-01', '2009-07-21', 'HD', 'No', 'entre 20 y 25', 'IAMC', 0, 1, 0, 0, 0, 0, 0, 0, 12),
(143, 142, 143, '2009-01-05', '2009-07-23', 'null', 'No', 'entre 20 y 25', 'MSP', 0, 0, 0, 0, 0, 0, 0, 0, 6),
(144, 143, 144, '2008-05-15', '2009-08-05', 'HD', 'No', 'entre 20 y 25', 'IAMC', 0, 1, 0, 1, 1, 0, 0, 0, 16),
(145, 144, 145, '2004-06-01', '2009-08-11', 'DPCA', 'No', '>25', 'MSP', 0, 1, 0, 1, 1, 1, 0, 1, 62),
(146, 145, 146, '2009-03-13', '2009-08-25', 'HD+DPCA', 'No', 'entre 20 y 25', 'IAMC', 0, 1, 0, 0, 0, 0, 0, 0, 5),
(147, 146, 147, '2009-07-10', '2009-09-05', 'HD', 'No', 'entre 20 y 25', 'MSP', 0, 1, 0, 0, 0, 0, 0, 0, 3),
(148, 147, 148, '2007-12-26', '2009-09-16', 'HD', 'No', 'entre 20 y 25', 'IAMC', 0, 1, 0, 0, 0, 0, 0, 0, 22),
(149, 148, 149, '2008-08-04', '2009-09-17', 'HD+DPCA', 'No', 'entre 20 y 25', 'IAMC', 0, 0, 0, 0, 0, 0, 0, 0, 13),
(150, 149, 150, '2009-06-01', '2009-11-16', 'HD', 'No', 'entre 20 y 25', 'IAMC', 0, 1, 0, 1, 0, 1, 0, 1, 5),
(151, 150, 151, '2006-11-30', '2009-11-18', 'null', 'No', 'entre 20 y 25', 'IAMC', 0, 0, 0, 0, 0, 0, 0, 0, 25);

--
-- Dumping data for table `ratratamiento`
--

INSERT INTO `ratratamiento` (`id`, `nombre`) VALUES
(1, 'MP'),
(2, 'MP+OKT3'),
(3, 'MP+TG'),
(4, 'MP+FK'),
(5, 'Otros'),
(6, 'Ninguno'),
(7, 'Plasmaferesis'),
(8, 'MP+Ciclofosfamida');

--
-- Dumping data for table `resultado_pbr`
--

INSERT INTO `resultado_pbr` (`id`, `grado`, `criterio`) VALUES
(1, 'Angioescle', ''),
(2, 'Intox CyA', ''),
(3, 'Normal', ''),
(4, 'NTA', ''),
(5, 'Otra GP', ''),
(6, 'RA I', 'Inflam. Intersticial (>25% del parénquima),tubulit'),
(7, 'RA II', 'Arteritis intimal (leve a severa)'),
(8, 'RA III', 'Arteritis transmural o necrosis fibrinoide'),
(9, 'RC I', 'Fibrosis interst y atrofia tubular leve'),
(10, 'RC II', 'Fibrosis interst y atrofia tubular moderada'),
(11, 'RC III', 'Fibrosis interst y atrofia tubular severa o drop-o'),
(12, 'Recidiva G', ''),
(13, 'En blanco', ''),
(14, 'Sin realizarse', ''),
(15, 'Vasculitis', ''),
(16, 'Membranosa', ''),
(17, 'HF y S', ''),
(18, 'MembProlif tipo I', ''),
(19, 'MembProlif tipo II', ''),
(20, 'SUH', ''),
(21, 'IgA', '');

--
-- Dumping data for table `serol`
--

INSERT INTO `serol` (`id`, `tipo`) VALUES
(1, 'HVC'),
(2, 'CMV'),
(3, 'HIV'),
(4, ' - ');

--
-- Dumping data for table `serol_valor`
--

INSERT INTO `serol_valor` (`id`, `serol_id`, `valor`) VALUES
(1, 1, 'Indeterminado'),
(2, 1, 'Negativo'),
(3, 1, 'Positivo'),
(4, 1, 'Sin datos'),
(5, 2, 'Indeterminado'),
(6, 2, 'Negativo'),
(7, 2, 'Positivo'),
(8, 2, 'Sin datos'),
(9, 3, 'Indeterminado'),
(10, 3, 'Negativo'),
(11, 3, 'Positivo'),
(12, 3, 'Sin datos'),
(13, 4, ' - ');

--
-- Dumping data for table `trasplante`
--

INSERT INTO `trasplante` (`id`, `paciente_pre_trasplante_id`, `fecha`, `numero_de_transplantes_realizados`, `donante_id`, `inestab_hemodial`, `rinhon`, `anomalia_vascular`, `numero_arterias`, `numero_venas`, `ureter`, `numero_compatibilidad_ab`, `numero_compatibilidad_dr`, `numero_incompatibilidad_ab`, `numero_incompatibilidad_dr`, `autoac`, `pra_max`, `pra_tr`, `trans_previas`, `numero_transf`, `embarazo`, `numero_embarazo`, `liquido_perfusion`, `tq_de_banco`, `lado_implante`, `anast_venosa`, `anast_arterial`, `anast_ureteral`, `t_isq_cal_min`, `t_isq_fria_hs`, `t_isq_fria_min`, `t_isq_tibia_hs`, `reperfusion`, `sangrado_i_op`, `lesion_arterial`, `lesion_venosa`, `necesidad_repefundir`, `otras_compl_quirur`, `diuresis_i_op`, `cr_inicial`, `dia_rec_diuresis`, `dia_rec_funcional`, `dialisis`, `num_de_hd`, `comentario`, `fecha_alta`, `edad_receptor`, `created_at`, `updated_at`) VALUES
(1, 1, '2000-02-09', 1, 41, 0, 'Derecho', 0, 2, 1, 'Unico', 2, 1, 2, 1, 0, '', '', 0, 0, 'no aplica', 0, 'Custodiol', 1, 'Derecho', 'Termino lateral', 'Termino lateral', 'Alferez', 0, 8, 30, 0, 'buena', 0, 0, 0, 0, 'Art polar a Art renal. Alargue vena c/ cava', 1, 8.75, 1, 2, 0, 0, '', '2000-03-01', 31, '2011-05-23 18:55:31', '2011-05-23 19:04:10'),
(2, 2, '2000-09-24', 1, 61, 1, 'Derecho', 0, 1, 1, 'Unico', 2, 1, 2, 1, 0, '', '', 1, 4, 'si', 3, 'Eurocollins', 0, 'Derecho', 'Termino lateral', 'Termino lateral', 'Alferez', 1, 16, 45, 0, 'buena', 0, 0, 0, 0, '', 1, 5.40, 1, 8, 1, 1, '27/3/01 PBR lesiones mínimas HFyS  de novo o recidiva? Dislipemia. Prot u que ha variado entre 11 g/d y 0,5 gr/d', '2000-10-14', 43, '2011-05-23 18:55:31', '2011-05-23 19:04:10'),
(3, 3, '2000-12-31', 1, 72, 0, 'Izquierdo', 0, 1, 1, 'Unico', 2, 1, 2, 1, 0, '', '', 1, 2, 'si', 3, 'Custodiol', 0, 'Izquierdo', 'Termino lateral', 'Termino lateral', 'Alferez', 0, 22, 0, 0, 'buena', 0, 0, 0, 0, '', 1, 0.00, 1, 1, 0, 0, 'Ecodopler Estenosis severa Art R c/angiog negativa', '2001-01-24', 44, '2011-05-23 18:55:31', '2011-05-23 19:04:10'),
(4, 4, '2001-02-12', 1, 83, 0, 'Izquierdo', 0, 1, 1, 'Unico', 2, 1, 2, 1, 0, '', '', 0, 0, 'no aplica', 0, 'Custodiol', 0, 'Derecho', 'Termino lateral', 'Termino lateral', 'Alferez', 7, 0, 50, 0, 'buena', 0, 0, 0, 0, '', 1, 8.70, 1, 2, 0, 0, '10/5/01 PBR normal Ureterohidronefrosis \n2ª a retención de orina en vejiga', '2001-02-22', 20, '2011-05-23 18:55:31', '2011-05-23 19:04:10'),
(5, 5, '2001-03-05', 1, 94, 0, 'Izquierdo', 0, 1, 1, 'Unico', 2, 1, 2, 1, 0, '', '', 0, 0, 'si', 3, 'Custodiol', 0, 'Derecho', 'Termino lateral', 'Termino lateral', 'Alferez', 1, 0, 50, 0, 'buena', 0, 0, 0, 0, '', 1, 0.27, 1, 1, 0, 0, 'IgM y PCR CMV+ se trata con ganciclovir v/o Muerte súbita. Autopsia revela IAM masivo', '2001-03-27', 27, '2011-05-23 18:55:31', '2011-05-23 19:04:10'),
(6, 6, '2001-06-26', 1, 105, 0, 'Derecho', 0, 1, 1, 'Unico', 1, 1, 3, 1, 0, '', '', 0, 0, 'si', 2, 'Custodiol', 0, 'Derecho', 'Termino lateral', 'Termino lateral', 'Alferez', 1, 21, 30, 0, 'buena', 0, 0, 0, 0, '', 1, 0.00, 1, 7, 0, 0, 'Al 2º dia posTQ fiebre, Resist vasc elevadas-->4 bolos MP, mejora FR,', '2001-07-23', 28, '2011-05-23 18:55:31', '2011-05-23 19:04:10'),
(7, 7, '2001-06-26', 1, 116, 0, 'Izquierdo', 0, 1, 1, 'Unico', 1, 1, 3, 1, 0, '', '', 0, 0, 'no aplica', 0, 'Custodiol', 0, 'Derecho', 'Termino lateral', 'Termino lateral', 'Alferez', 1, 17, 0, 0, 'buena', 0, 0, 0, 0, 'no diuresis intraop, obstr SV por coag', 0, 0.73, 1, 5, 0, 0, '', '2001-07-16', 37, '2011-05-23 18:55:31', '2011-05-23 19:04:10'),
(8, 8, '2001-11-15', 1, 127, 1, 'Izquierdo', 0, 1, 1, 'Unico', 1, 1, 3, 1, 0, '', '', 0, 0, 'no aplica', 0, 'Custodiol', 0, 'Derecho', 'Termino lateral', 'Termino lateral', 'Alferez', 0, 18, 0, 0, 'buena', 0, 0, 0, 0, '', 1, 0.91, 4, 10, 1, 2, 'Amputación MII x infección A los 35 d RA--> MP+OKT3', '2001-12-08', 37, '2011-05-23 18:55:31', '2011-05-23 19:04:10'),
(9, 9, '2001-11-18', 1, 138, 0, 'Izquierdo', 0, 2, 1, 'Unico', 2, 1, 2, 1, 0, '', '', 0, 0, 'no aplica', 0, 'Custodiol', 1, 'Derecho', 'Termino lateral', 'Termino lateral', 'Alferez', 3, 15, 0, 0, 'regular', 0, 0, 1, 0, 'Reimplante art polar sobre principal', 1, 7.45, 1, 2, 0, 0, ' 7/02 gastroenterocolitis febril Ag65+ ganciclovir iv \nx 15d, v/o x 7 d. Enf CMV tardia \n24/8/04 IAM noQ,diabetes de novo. \n05 IRA x G enterocolitis. 06 reingresa a HDC \n 8/06 Transplantectomia', '2001-12-15', 56, '2011-05-23 18:55:32', '2011-05-23 19:04:11'),
(10, 10, '2001-12-21', 1, 42, 1, 'Derecho', 0, 1, 1, 'Unico', 1, 1, 3, 1, 0, '', '', 0, 0, 'no aplica', 0, 'Custodiol', 1, 'Izquierdo', 'Termino lateral', 'Termino lateral', 'Alferez', 1, 18, 0, 0, 'buena', 0, 0, 0, 0, 'Elong VR.Endarterect de placa AT art iliaca ext', 1, 0.00, 1, 2, 0, 0, 'Vive actualmente en España', '2002-01-11', 31, '2011-05-23 18:55:32', '2011-05-23 19:04:11'),
(11, 11, '2001-12-22', 1, 49, 1, 'Derecho', 0, 1, 1, 'Unico', 1, 2, 3, 0, 0, '', '', 0, 0, 'no aplica', 0, 'Custodiol', 1, 'Derecho', 'Termino lateral', 'Termino lateral', 'Alferez', 1, 17, 30, 0, 'buena', 0, 0, 0, 0, 'Hipoperf polo sup x ligadura art. Elongacion V Ren', 1, 8.75, 1, 4, 0, 0, '', '2002-01-09', 37, '2011-05-23 18:55:32', '2011-05-23 19:04:11'),
(12, 12, '2002-01-09', 1, 51, 0, 'Izquierdo', 0, 1, 1, 'Unico', 1, 2, 3, 0, 0, '', '', 0, 0, 'no aplica', 0, 'Custodiol', 0, 'Izquierdo', 'Termino lateral', 'Termino lateral', 'Alferez', 3, 19, 0, 0, 'buena', 0, 0, 0, 0, '', 1, 13.00, 1, 1, 0, 0, '2/05 Alb u 0,46 mg/m', '2002-02-15', 51, '2011-05-23 18:55:32', '2011-05-23 19:04:11'),
(13, 13, '2002-02-11', 1, 53, 1, 'Izquierdo', 0, 1, 1, 'Unico', 1, 1, 3, 1, 0, '', '', 0, 0, 'no aplica', 0, 'Custodiol', 0, 'Derecho', 'Termino lateral', 'Termino lateral', 'Alferez', 3, 11, 10, 0, 'buena', 0, 0, 0, 0, '', 1, 13.00, 1, 1, 0, 0, 'CMV D+/R- al 3° mes RA--3MP+OKT3+ganciclovir i/v x 10 dias', '2002-03-09', 40, '2011-05-23 18:55:32', '2011-05-23 19:04:11'),
(14, 14, '2002-04-16', 1, 55, 0, 'Derecho', 0, 2, 1, 'Unico', 1, 2, 3, 0, 0, '', '', 0, 0, 'no aplica', 0, 'Custodiol', 0, 'Derecho', 'Termino lateral', 'Termino lateral', 'Alferez', 4, 18, 0, 0, 'buena', 0, 0, 0, 0, 'Art polar seccionada Hipoperf . Hematoma subcap', 1, 9.84, 1, 1, 0, 0, 'Transplantectomia 2/2005 por hematuria', '2002-05-11', 61, '2011-05-23 18:55:32', '2011-05-23 19:04:11'),
(15, 15, '2002-04-16', 1, 56, 0, 'Izquierdo', 0, 1, 1, 'Unico', 2, 1, 2, 1, 0, '', '', 1, 3, 'si', 1, 'Custodiol', 0, 'Derecho', 'Termino lateral', 'Termino lateral', 'Alferez', 4, 24, 0, 0, 'buena', 1, 0, 0, 0, 'Sangrado sutura venosa', 1, 8.30, 1, 6, 1, 1, '4/06 Prot u 0,32 g/d', '2002-05-14', 36, '2011-05-23 18:55:32', '2011-05-23 19:04:11'),
(16, 16, '2002-10-23', 1, 57, 1, 'Izquierdo', 0, 1, 1, 'Unico', 2, 1, 2, 1, 0, '', '', 0, 0, 'no aplica', 0, 'Custodiol', 0, 'Derecho', 'Termino lateral', 'Termino lateral', 'Alferez', 1, 15, 40, 0, 'regular', 0, 0, 0, 0, 'Reperfusion flacido x 3 minutos', 1, 14.50, 1, 1, 0, 0, '', '2002-11-13', 38, '2011-05-23 18:55:32', '2011-05-23 19:04:11'),
(17, 17, '2002-11-03', 1, 58, 1, 'Izquierdo', 0, 1, 1, 'Unico', 2, 2, 2, 0, 0, '', '', 0, 0, 'no', 0, 'Custodiol', 0, 'Derecho', 'Termino lateral', 'Termino lateral', 'Alferez', 1, 10, 0, 0, 'buena', 0, 0, 0, 0, '', 1, 6.75, 1, 1, 0, 0, '', '2002-11-21', 24, '2011-05-23 18:55:32', '2011-05-23 19:04:11'),
(18, 18, '2002-12-30', 1, 59, 1, 'Derecho', 0, 1, 1, 'Unico', 1, 1, 3, 1, 0, '', '', 0, 0, 'no aplica', 0, 'Custodiol', 0, 'Derecho', 'Termino lateral', 'Termino lateral', 'Alferez', 1, 13, 0, 0, 'buena', 0, 0, 0, 0, '', 1, 7.25, 1, 8, 1, 2, '6/2/03 Fiebre+dolor injerto PBR 1 solo glom (obsoleto) marcada angioesclerosis.21/11/03 by pass iliaco ext-renal c/safena invertida', '2003-02-01', 25, '2011-05-23 18:55:32', '2011-05-23 19:04:12'),
(19, 19, '2003-02-20', 1, 60, 0, 'Derecho', 0, 1, 1, 'Unico', 1, 2, 3, 0, 0, '', '', 0, 0, 'no aplica', 0, 'Custodiol', 1, 'Derecho', 'Termino lateral', 'Termino lateral', 'Alferez', 2, 17, 35, 0, 'regular', 1, 0, 0, 1, 'TQ banco, reperfusion intraop, isq fria?', 0, 13.40, 0, 0, 1, 7, 'Trombosis vena renal', '2003-03-03', 32, '2011-05-23 18:55:32', '2011-05-23 19:04:12'),
(20, 20, '2003-04-01', 1, 62, 0, 'Izquierdo', 0, 2, 1, 'Unico', 1, 1, 3, 1, 0, '', '', 1, 10, 'no aplica', 0, 'Custodiol', 1, 'Derecho', 'Termino lateral', 'Termino lateral', 'Alferez', 1, 18, 20, 0, 'buena', 0, 0, 0, 0, '', 1, 10.00, 1, 8, 1, 3, 'AVE c/hemiplejia al alta. Prot u 0,5 g/d valor max hasta 8/06', '2003-05-03', 43, '2011-05-23 18:55:32', '2011-05-23 19:04:12'),
(21, 21, '2003-04-23', 1, 63, 0, 'Derecho', 0, 1, 2, 'Unico', 1, 2, 3, 0, 0, '', '', 1, 10, 'no', 0, 'Custodiol', 1, 'Derecho', 'Termino lateral', 'Termino lateral', 'Alferez', 2, 13, 25, 0, 'buena', 0, 0, 0, 0, 'Alarge de vena con parche de V Cava', 1, 4.37, 1, 1, 0, 0, 'HFYS 4/04 Prot u masiva + anemia aplásica ->5 Plasmaferesis PBR HFyS 6/06 sepsis 2º a Nag. Se suspende INM. IRE inicia HD', '2003-07-01', 25, '2011-05-23 18:55:32', '2011-05-23 19:04:12'),
(22, 22, '2003-04-22', 1, 64, 0, 'Izquierdo', 0, 2, 1, 'Unico', 1, 2, 3, 0, 0, '', '', 0, 0, 'no aplica', 0, 'Custodiol', 0, 'Derecho', 'Termino lateral', 'Termino lateral', 'Alferez', 2, 14, 30, 0, 'buena', 0, 0, 0, 0, '', 1, 10.10, 1, 1, 0, 0, '11/03 CMV:IgM+,IgG+ ganciclovir 15 d i/v. IRA 2ª a deshidratación, 2 Nag, Estenosis iliaca By pass femoro femoral HTA severa:Estenosis art renales propias bilateral + estenosis iliaca 1ª-->by pass femoro.femoral 9/06', '2003-05-19', 49, '2011-05-23 18:55:33', '2011-05-23 19:04:12'),
(23, 23, '2003-07-05', 1, 65, 1, 'Derecho', 0, 1, 1, 'Unico', 0, 1, 4, 1, 0, '', '', 1, 10, 'no', 0, 'Custodiol', 0, 'Derecho', 'Termino lateral', 'Termino lateral', 'Alferez', 6, 13, 11, 0, 'buena', 0, 0, 0, 0, 'Renal a iliaca primitiva.No diuresis intraBQ', 0, 0.00, 13, 21, 1, 12, '', '2003-08-18', 40, '2011-05-23 18:55:33', '2011-05-23 19:04:12'),
(24, 24, '2003-07-05', 1, 66, 1, 'Izquierdo', 0, 1, 1, 'Unico', 2, 1, 2, 1, 0, '', '', 0, 0, 'no aplica', 0, 'Custodiol', 0, 'Derecho', 'Termino lateral', 'Termino lateral', 'Alferez', 2, 22, 15, 0, 'buena', 0, 0, 0, 0, 'anast en art iliaca primit', 1, 11.20, 1, 9, 1, 1, '5/06 Ac preformados: posit', '2003-08-12', 59, '2011-05-23 18:55:33', '2011-05-23 19:04:12'),
(25, 25, '2003-07-13', 1, 67, 0, 'Derecho', 0, 1, 1, 'Unico', 2, 1, 2, 1, 0, '', '', 1, 10, 'no aplica', 0, 'Custodiol', 0, 'Derecho', 'Termino lateral', 'Termino lateral', 'Alferez', 1, 13, 30, 0, 'regular', 0, 0, 0, 0, 'No diuresis intraBQ', 0, 0.00, 11, 25, 1, 12, '28/11/05 PBR -->RA IIA+obsolecencia: MP+FK, 4/07 Plastia escara glutea de 3 a evolución', '2003-08-20', 32, '2011-05-23 18:55:33', '2011-05-23 19:04:12'),
(26, 26, '2003-07-13', 1, 68, 0, 'Izquierdo', 0, 1, 1, 'Unico', 0, 1, 4, 1, 0, '', '', 0, 0, 'no aplica', 0, 'Custodiol', 0, 'Derecho', 'Termino lateral', 'Termino lateral', 'Alferez', 1, 15, 30, 0, 'buena', 0, 0, 0, 0, 'Anastomosis a vasos iliacos primitivos', 1, 10.07, 1, 4, 0, 0, 'Factor obst en cuello vesical? Residuo vesical 400 cc 29/8/07 PBR--RC+HFS+RA+TxCyA', '2003-08-12', 18, '2011-05-23 18:55:33', '2011-05-23 19:04:13'),
(27, 27, '2003-09-04', 1, 69, 0, 'Derecho', 0, 1, 1, 'Unico', 3, 1, 1, 1, 0, '', '', 0, 0, 'si', 3, 'Custodiol', 1, 'Derecho', 'Termino lateral', 'Termino lateral', 'Alferez', 3, 9, 0, 0, 'buena', 0, 0, 0, 0, 'Parche aortico\nArt iliaca primitiva ateromatosis severa', 1, 8.37, 1, 3, 0, 0, 'Posop inmediato CTI por Insuf ventilatoria\nHematuria, obst x coagulos', '2003-09-22', 58, '2011-05-23 18:55:33', '2011-05-23 19:04:13'),
(28, 28, '2003-10-01', 2, 70, 1, 'Derecho', 0, 1, 2, 'Unico', 1, 1, 3, 1, 0, '', '', 0, 0, 'no', 0, 'Custodiol', 0, 'Izquierdo', 'Termino lateral', 'Termino lateral', 'Otra', 2, 13, 20, 75, 'buena', 0, 0, 0, 0, '', 1, 5.30, 1, 13, 1, 2, '5/12/07 PBR- TxCyA+MP', '2003-10-21', 38, '2011-05-23 18:55:33', '2011-05-23 19:04:13'),
(29, 29, '2003-12-22', 1, 71, 1, 'Derecho', 0, 1, 1, 'Unico', 0, 2, 4, 0, 0, '', '', 0, 0, 'no aplica', 0, 'Custodiol', 0, 'Izquierdo', 'Termino lateral', 'Termino lateral', 'Alferez', 0, 17, 0, 0, 'buena', 0, 0, 0, 0, 'Ac metab, bradicardia, hiperglicemia:CTI-->ARM', 1, 8.80, 1, 3, 0, 0, '16/1/04 PBR- RA Ia', '2004-01-28', 61, '2011-05-23 18:55:33', '2011-05-23 19:04:13'),
(30, 30, '2004-02-09', 1, 73, 0, 'Derecho', 0, 1, 1, 'Unico', 3, 1, 1, 1, 0, '', '', 0, 0, 'no aplica', 0, 'Custodiol', 0, 'Derecho', 'Termino lateral', 'Termino lateral', 'Alferez', 3, 16, 0, 0, 'buena', 0, 0, 0, 0, '', 1, 0.00, 1, 3, 0, 0, '8/06 IAM, revascularización coronaria', NULL, 57, '2011-05-23 18:55:33', '2011-05-23 19:04:13'),
(31, 31, '2004-02-10', 1, 74, 0, 'Izquierdo', 0, 1, 1, 'Unico', 2, 1, 2, 1, 0, '', '', 0, 0, 'no aplica', 0, 'Custodiol', 0, 'Derecho', 'Termino lateral', 'Termino lateral', 'Alferez', 1, 15, 50, 0, 'buena', 0, 0, 0, 0, '', 1, 8.20, 1, 2, 0, 0, '', NULL, 40, '2011-05-23 18:55:33', '2011-05-23 19:04:13'),
(32, 32, '2004-02-27', 1, 75, 1, 'Derecho', 0, 1, 1, 'Unico', 1, 1, 3, 1, 0, '', '', 0, 0, 'no aplica', 0, 'Custodiol', 0, 'Derecho', 'Termino lateral', 'Termino lateral', 'Alferez', 2, 19, 50, 0, 'regular', 0, 0, 0, 0, '', 1, 4.30, 1, 15, 1, 4, '6/06Abandono drogas->RC+RA->MP+FK+TyG escasa respuesta. 9/06 reingresa HDC. Nov 06 Transplantectomia', '2004-04-01', 14, '2011-05-23 18:55:33', '2011-05-23 19:04:13'),
(33, 33, '2004-04-23', 1, 76, 0, 'Izquierdo', 0, 1, 1, 'Unico', 1, 1, 3, 1, 0, '', '', 0, 0, 'no', 0, 'Custodiol', 0, 'Derecho', 'Termino lateral', 'Termino lateral', 'Alferez', 2, 18, 30, 0, 'regular', 0, 0, 0, 0, 'Diuresis enBQ NO', 0, 7.90, 1, 5, 1, 1, '9/04 RA sólo 4 glom: Banff indetermnado ->MP+FK x 2 meses, luego FK-->CyA ,2ºPBR (5/05) TxCyA, 3ºPBR (7/05) RAII+RC 6/05 PBR RA Banff II  ->MP+OKT3 instala deterioro progresivo FR ingresa a HD. 11/05 transplantectomia x Mhu + fiebre', '2004-05-12', 39, '2011-05-23 18:55:33', '2011-05-23 19:04:13'),
(34, 34, '2004-05-24', 1, 77, 1, 'Izquierdo', 0, 1, 1, 'Unico', 2, 1, 2, 1, 0, '', '', 0, 0, 'no aplica', 0, 'Custodiol', 0, 'Derecho', 'Termino lateral', 'Termino lateral', 'Alferez', 2, 17, 20, 0, 'buena', 0, 0, 0, 0, '', 1, 10.20, 1, 1, 0, 0, '11/3/05 obst-nefrostomia, IU-ATB,PBR--RA-MP, 4/05 reimplante ureter a ureter propio. 12/06 PBR RC+RA x incumplir INM --MP 5/05 RA Banff 1->1 bolo MP', '2004-06-05', 25, '2011-05-23 18:55:33', '2011-05-23 19:04:13'),
(35, 35, '2004-07-04', 1, 78, 1, 'Izquierdo', 0, 1, 1, 'Unico', 2, 1, 2, 1, 0, '78%', 'Positivo x CTF', 1, 6, 'si', 1, 'Custodiol', 1, 'Derecho', 'Termino lateral', 'Termino lateral', 'Alferez', 1, 12, 30, 0, 'buena', 0, 0, 0, 0, 'Parche Aortico anast en iliaca primitiva', 1, 6.30, 1, 1, 0, 0, 'Ac preformados (+) posTR->FKAc preformados CTF=80% se negativizan con TM antirechazo Prot u neg', '2004-07-22', 50, '2011-05-23 18:55:34', '2011-05-23 19:04:13'),
(36, 36, '2004-08-03', 1, 79, 0, 'Izquierdo', 0, 1, 1, 'Unico', 3, 2, 1, 0, 0, '', '', 1, 5, 'no aplica', 0, 'Custodiol', 0, 'Derecho', 'Termino lateral', 'Termino lateral', 'Alferez', 3, 12, 0, 0, 'buena', 0, 0, 0, 0, 'sangrado en napa', 1, 8.00, 1, 3, 0, 0, '22/10/04 ingresa x RA-->MP 17/1/05 cuadro impregnacion viral, 60 d despues se obtiene IgM CMV+, se inicia en mayo Valixa IgM 1/05 +,4/05 +, 6/05 2,615, 11/05 -, 5/06 4,166, Ag pp65 -', NULL, 30, '2011-05-23 18:55:34', '2011-05-23 19:04:14'),
(37, 37, '2004-08-12', 1, 80, 1, 'Derecho', 0, 1, 1, 'Unico', 2, 0, 2, 2, 0, '', '', 1, 6, 'si', 3, 'Custodiol', 1, 'Derecho', 'Termino lateral', 'Termino lateral', 'Alferez', 2, 13, 0, 0, 'regular', 0, 0, 0, 0, 'Apoyo diuretico con DOPA', 1, 5.20, 1, 3, 0, 0, 'Cistografia preTR RVU bilateral > a izq 24/10/07 PBR Vasculitis MP+CF', NULL, 50, '2011-05-23 18:55:34', '2011-05-23 19:04:14'),
(38, 38, '2004-09-18', 1, 81, 0, 'Derecho', 0, 1, 1, 'Unico', 2, 1, 2, 1, 0, '', '', 1, 3, 'si', 2, 'Custodiol', 0, 'Derecho', 'Termino lateral', 'Termino lateral', 'Alferez', 2, 15, 44, 60, 'buena', 0, 0, 0, 0, 'Dopa x hipotension arterial', 1, 0.00, 1, 1, 0, 0, '1/06 enterocolitis->IRA(Cr p 4,5)+Acidosis+deshidratac 3/06 PBR-> Tx CyA', '2004-10-09', 54, '2011-05-23 18:55:34', '2011-05-23 19:04:14'),
(39, 39, '2004-12-15', 1, 82, 0, 'Derecho', 0, 1, 1, 'Unico', 2, 0, 2, 2, 0, '39', 'Neg límite CTF', 1, 3, 'si', 3, 'Custodiol', 0, 'Derecho', 'Termino lateral', 'Termino lateral', 'Alferez', 5, 1, 0, 55, 'buena', 0, 0, 0, 0, '', 1, 0.00, 8, 14, 1, 6, '3/05 EcoD estenosis art R, angiog D+ estenosis 60% ->TM 9/05 Cr 3,25 RA Banff  ->MP+FK', '2005-01-19', 31, '2011-05-23 18:55:34', '2011-05-23 19:04:14'),
(40, 40, '2005-03-04', 1, 84, 0, 'Derecho', 0, 1, 1, 'Unico', 1, 1, 3, 1, 0, '', '', 0, 0, 'no aplica', 0, 'Custodiol', 0, 'Derecho', 'Termino lateral', 'Termino lateral', 'Gregoire', 1, 18, 20, 0, 'regular', 0, 0, 0, 0, '', 1, 5.30, 2, 9, 0, 0, '', '2005-03-19', 67, '2011-05-23 18:55:34', '2011-05-23 19:04:14'),
(41, 41, '2005-04-11', 1, 85, 0, 'Izquierdo', 0, 1, 1, 'Unico', 1, 1, 3, 1, 0, '', '', 0, 0, 'no aplica', 0, 'Custodiol', 0, 'Derecho', 'Termino lateral', 'Termino lateral', 'Alferez', 1, 25, 24, 0, 'buena', 0, 0, 0, 0, '', 1, 0.00, 1, 17, 1, 6, '11/05 RA Banff 2->MP+FK', '2005-05-23', 66, '2011-05-23 18:55:34', '2011-05-23 19:04:14'),
(42, 42, '2005-04-11', 1, 86, 0, 'Derecho', 0, 1, 1, 'Unico', 1, 1, 3, 1, 0, '', '', 1, 2, 'no aplica', 0, 'Custodiol', 0, '', 'Termino lateral', 'Termino lateral', 'Alferez', 1, 21, 0, 0, 'buena', 1, 1, 0, 0, 'Sangrado vena hipogastrica->2 vol GR', 1, 8.25, 1, 11, 1, 1, '27/4/05 broncoespasmo, dolor FLI, 37º5 29/4 Chucho 38ºRxTx micronodulos, edema Hipotension art FCC mucosa congestiva c/lesiones blanquecinas HC, UC negativos CMV? Sepsis', '2005-05-11', 66, '2011-05-23 18:55:34', '2011-05-23 19:04:14'),
(43, 43, '2005-04-12', 1, 87, 0, 'Izquierdo', 0, 1, 1, 'Unico', 2, 1, 2, 1, 0, '', '', 0, 0, 'no aplica', 0, 'Custodiol', 0, 'Derecho', 'Termino lateral', 'Termino lateral', 'Alferez', 2, 12, 0, 0, 'buena', 0, 0, 0, 0, '', 1, 11.00, 1, 10, 1, 2, '8/6/05 RA Banff? En el curso de Fiebre, IRA, faringitis c/Ag pp65(+)->3MP+7TG+Valixa+Bactrim', '2005-05-05', 25, '2011-05-23 18:55:34', '2011-05-23 19:04:14'),
(44, 44, '2005-04-19', 2, 88, 1, 'Derecho', 0, 1, 1, 'Unico', 0, 0, 4, 2, 0, '', '', 1, 10, 'no aplica', 0, 'Custodiol', 0, 'Izquierdo', 'Termino lateral', 'Termino lateral', 'Alferez', 1, 11, 30, 0, 'buena', 0, 0, 0, 0, 'No diuresis en BQ. Con DOPA diuresis 30 ml/h', 0, 8.70, 5, 8, 1, 2, 'del 21/5 al 31/5 con Ag p65+ no recibió TM. Recibe TM dosis plena 21 d y dosis profilacticas hasta completar 90 d 5/06 TQ eventracion', '2005-06-24', 48, '2011-05-23 18:55:34', '2011-05-23 19:04:14'),
(45, 45, '2005-04-22', 1, 89, 1, 'Izquierdo', 0, 1, 1, 'Unico', 2, 1, 2, 1, 0, '', '', 0, 0, 'no aplica', 0, 'Custodiol', 0, 'Derecho', 'Termino lateral', 'Termino lateral', 'Alferez', 1, 17, 20, 0, 'buena', 0, 0, 0, 0, '', 1, 7.70, 1, 2, 0, 0, 'IU frecuentes', NULL, 32, '2011-05-23 18:55:34', '2011-05-23 19:04:15'),
(46, 46, '2005-04-30', 1, 90, 1, 'Derecho', 0, 1, 1, 'Unico', 2, 1, 2, 1, 0, '', '', 0, 0, 'no aplica', 0, 'Custodiol', 0, 'Derecho', 'Termino lateral', 'Termino lateral', 'Alferez', 1, 17, 0, 0, 'buena', 0, 0, 0, 0, '', 1, 9.40, 1, 5, 0, 0, 'Prot u (-)', NULL, 59, '2011-05-23 18:55:34', '2011-05-23 19:04:15'),
(47, 47, '2005-05-07', 1, 91, 0, 'Derecho', 0, 2, 1, 'Unico', 1, 1, 3, 1, 0, '', '', 1, 10, 'no', 0, 'Custodiol', 1, 'Derecho', 'Termino lateral', 'Termino lateral', 'Alferez', 2, 16, 0, 0, 'buena', 0, 0, 0, 0, '', 1, 3.66, 1, 4, 0, 0, '7/6/05 RA Banff? ->3MP+OKT3 Frec vómitos->deshidrat->IRA', '2005-05-18', 22, '2011-05-23 18:55:34', '2011-05-23 19:04:15'),
(48, 48, '2005-06-03', 1, 92, 0, 'Izquierdo', 0, 1, 1, 'Unico', 2, 2, 2, 0, 0, '', '', 1, 5, 'no aplica', 0, 'Custodiol', 0, 'Derecho', 'Termino lateral', 'Termino lateral', 'Alferez', 1, 16, 0, 0, 'regular', 0, 0, 0, 0, 'Donante: placa AT aislada', 1, 6.30, 1, 1, 0, 0, '12/05 se repara eventración H Maciel', NULL, 55, '2011-05-23 18:55:34', '2011-05-23 19:04:15'),
(49, 49, '2005-06-23', 1, 93, 1, 'Derecho', 0, 1, 1, 'Unico', 3, 1, 1, 1, 0, '', '', 1, 3, 'no aplica', 0, 'Custodiol', 0, 'Derecho', 'Termino lateral', 'Termino lateral', 'Alferez', 1, 15, 50, 0, 'regular', 0, 0, 0, 0, 'Diuresis apoyada x DOPA', 0, 8.93, 1, 1, 0, 0, '', NULL, 20, '2011-05-23 18:55:34', '2011-05-23 19:04:15'),
(50, 50, '2005-07-15', 1, 95, 0, 'Izquierdo', 0, 1, 1, 'Unico', 1, 1, 3, 1, 0, '', '', 1, 3, 'si', 5, 'Custodiol', 0, 'Derecho', 'Termino lateral', 'Termino lateral', 'Alferez', 3, 17, 0, 0, 'buena', 0, 0, 0, 0, '', 1, 6.15, 1, 2, 0, 0, 'HTA severa c/3 drogas. Ecodoppler art R Normal', NULL, 58, '2011-05-23 18:55:34', '2011-05-23 19:04:15'),
(51, 51, '2005-08-17', 1, 96, 1, 'Derecho', 0, 2, 1, 'Unico', 1, 2, 3, 0, 0, '', '', 0, 0, 'si', 1, 'Custodiol', 1, 'Derecho', 'Termino lateral', 'Termino lateral', 'Alferez', 2, 16, 25, 0, 'buena', 0, 0, 0, 0, '', 1, 6.10, 1, 1, 0, 0, 'Cr 0=0,90', '2005-08-31', 40, '2011-05-23 18:55:34', '2011-05-23 19:04:15'),
(52, 52, '2005-09-08', 1, 97, 0, 'Derecho', 0, 1, 1, 'Unico', 0, 2, 4, 0, 0, '', '', 0, 0, 'no', 0, 'Custodiol', 1, 'Derecho', 'Termino lateral', 'Termino lateral', 'Alferez', 4, 12, 0, 0, 'buena', 0, 0, 0, 0, 'Alargue de VR c/parche V Cava', 1, 4.22, 1, 2, 0, 0, '', NULL, 63, '2011-05-23 18:55:35', '2011-05-23 19:04:15'),
(53, 53, '2005-10-18', 1, 98, 1, 'Izquierdo', 0, 1, 1, 'Unico', 0, 2, 4, 0, 0, '', '', 0, 0, 'no aplica', 0, 'Custodiol', 0, 'Derecho', 'Termino lateral', 'Termino lateral', 'Taguchi', 2, 11, 50, 0, 'regular', 0, 0, 0, 0, 'Grueso paniculo adiposo->surget reforzado', 1, 6.13, 1, 4, 0, 0, 'Hiperglicemia corticoidea. 2/06 dolor grandes art s/D(+)-> butacolchicina', NULL, 48, '2011-05-23 18:55:35', '2011-05-23 19:04:15'),
(54, 54, '2005-10-31', 1, 99, 0, 'Derecho', 0, 1, 1, 'Unico', 2, 1, 2, 1, 0, '', '', 0, 0, 'no aplica', 0, 'Custodiol', 1, 'Derecho', 'Termino lateral', 'Termino lateral', 'Taguchi', 1, 17, 0, 0, 'buena', 0, 0, 0, 0, 'Alargue VR c/V Cava. Anast a vasos iliacos 1º', 0, 8.10, 1, 2, 0, 0, '1/06 intox CyA: Cr 1,7', NULL, 48, '2011-05-23 18:55:35', '2011-05-23 19:04:16'),
(55, 55, '2005-11-15', 1, 100, 1, 'Izquierdo', 1, 2, 1, 'Unico', 2, 1, 2, 1, 0, '', '', 0, 0, 'no aplica', 0, 'Custodiol', 1, 'Derecho', 'Termino lateral', 'Termino lateral', 'Taguchi', 0, 12, 40, 75, 'buena', 0, 0, 0, 0, 'Union vasos a Iliaca 1º, polar inf a hipogastrica', 1, 6.95, 1, 2, 0, 0, 'Ingresa 9/1/06 x sind viral con Ag pp65 + 25/1/06 D(+) presuntivo RA->3MP->mejora Vejiga neurógena->SVP', '2005-12-24', 54, '2011-05-23 18:55:35', '2011-05-23 19:04:16'),
(56, 56, '2005-12-21', 2, 101, 1, 'Derecho', 0, 1, 2, 'Unico', 1, 0, 3, 2, 0, '', '64%', 1, 11, 'no aplica', 0, 'Custodiol', 1, 'Izquierdo', 'Termino lateral', 'Termino lateral', 'Taguchi', 1, 23, 0, 0, 'buena', 0, 0, 0, 0, 'sangrado en napa.', 1, 6.95, 10, 11, 1, 4, 'IRA x deshidrat x vomitos Pancreatitis aguda 11/06. Absceso psoas x piocianico', NULL, 40, '2011-05-23 18:55:35', '2011-05-23 19:04:16'),
(57, 57, '2005-12-28', 1, 102, 0, 'Derecho', 0, 1, 1, 'Unico', 2, 1, 2, 1, 0, '', '', 0, 0, 'no aplica', 0, 'Custodiol', 0, 'Derecho', 'Termino lateral', 'Termino lateral', 'Taguchi', 1, 18, 0, 0, 'buena', 0, 0, 0, 0, '', 1, 8.00, 1, 2, 0, 0, '', NULL, 30, '2011-05-23 18:55:35', '2011-05-23 19:04:16'),
(58, 58, '2006-02-21', 1, 103, 1, 'Derecho', 0, 1, 1, 'Unico', 2, 1, 2, 1, 0, '', '', 1, 4, 'no aplica', 0, 'Custodiol', 1, 'Derecho', 'Termino lateral', 'Termino lateral', 'Taguchi', 1, 18, 0, 0, 'buena', 0, 0, 0, 0, 'Alarge V renal c/cava', 1, 7.30, 12, 16, 1, 5, 'Prot u 7/06 1 gr/d', NULL, 25, '2011-05-23 18:55:35', '2011-05-23 19:04:16'),
(59, 59, '2006-03-05', 2, 104, 0, 'Derecho', 0, 1, 1, 'Unico', 1, 1, 3, 1, 0, '', '59%', 1, 10, 'no aplica', 0, 'Custodiol', 0, 'Izquierdo', 'Termino lateral', 'Termino lateral', 'Taguchi', 1, 19, 0, 0, 'buena', 0, 0, 0, 0, '', 1, 10.64, 1, 4, 0, 0, 'PBR plantea HFyS x depositos mesangiales de IgM. 10/4/06 ingresa x fiebre,protu,dolor abd,leucopenia Agpp65+ -->Valixa 28/4/06 PBR RA Banff 1 + HFyS. Ac preform CTF: neg', '2006-03-24', 37, '2011-05-23 18:55:35', '2011-05-23 19:04:16'),
(60, 60, '2006-03-26', 2, 106, 0, 'Derecho', 0, 1, 1, 'Unico', 3, 1, 1, 1, 0, '', '', 1, 10, 'no aplica', 0, 'Custodiol', 1, 'Izquierdo', 'Termino lateral', 'Termino lateral', 'Taguchi', 1, 17, 35, 0, 'buena', 1, 0, 0, 0, 'Alargue VR c/V cava. Sang en napa. No Diuresis BQ', 0, 13.70, 6, 14, 1, 7, 'Recibe 1 mes valixa dosis TN, 2 m dosis profilaxis', '2006-05-03', 35, '2011-05-23 18:55:35', '2011-05-23 19:04:17'),
(61, 61, '2006-04-06', 1, 107, 1, 'Derecho', 0, 1, 1, 'Unico', 2, 1, 2, 1, 0, '', '', 0, 0, 'si', 1, 'WC', 1, 'Derecho', 'Termino lateral', 'Termino lateral', 'Taguchi', 0, 12, 22, 0, 'buena', 0, 0, 0, 0, 'Alargue VR c/V cava. Isq caliente s/d protocolo', 1, 13.30, 1, 1, 0, 0, '', NULL, 24, '2011-05-23 18:55:35', '2011-05-23 19:04:17'),
(62, 62, '2006-04-18', 1, 108, 0, 'Derecho', 0, 1, 1, 'Unico', 2, 1, 2, 1, 0, '', '', 0, 0, 'no aplica', 0, 'Custodiol', 0, 'Derecho', 'Termino lateral', 'Termino lateral', 'Alferez', 0, 15, 45, 0, 'buena', 0, 0, 0, 0, 'Isq caliente s/d en protocolo', 1, 6.64, 1, 2, 0, 0, '', NULL, 52, '2011-05-23 18:55:35', '2011-05-23 19:04:17'),
(63, 63, '2006-04-20', 1, 109, 1, 'Derecho', 1, 1, 1, 'Unico', 2, 1, 2, 1, 0, '', '', 0, 0, 'no aplica', 0, 'Custodiol', 1, 'Derecho', 'Termino lateral', 'Termino lateral', 'Taguchi', 14, 17, 0, 0, 'buena', 0, 0, 0, 0, 'Alargue de VR c/V cava. DobleJ ureter x AP litotot', 0, 6.60, 1, 10, 1, 5, '5/6 Sind viral cultivos -, Ag65-, 14/6 Ag65+,  19/6 PBR -->RA 3 bolos MP Valixa 30 d, aciclovir x 2 meses Diabetes esteroidea A los 15 m necrosis aseptica femur bilateral', '2006-06-16', 62, '2011-05-23 18:55:35', '2011-05-23 19:04:17'),
(64, 64, '2006-04-22', 2, 110, 0, 'Derecho', 0, 2, 1, 'Unico', 1, 1, 3, 1, 0, '', 'CTF positiva', 0, 0, 'si', 2, 'Custodiol', 1, 'Izquierdo', 'Termino lateral', 'Termino lateral', 'Otra', 1, 13, 40, 0, 'mala', 0, 0, 0, 0, 'Alargue VR c/V cava. DobleJ ureteral', 0, 8.90, 2, 4, 0, 0, 'PosTQ inmediato PRA (+)x CTF, se cambia CyA x FK y se hace 1 bolo MP. PRA control a 10 d (+) debil, a los 20d (-)', '2006-05-13', 47, '2011-05-23 18:55:35', '2011-05-23 19:04:17'),
(65, 65, '2006-04-25', 1, 111, 1, 'Izquierdo', 0, 1, 1, 'Unico', 1, 1, 3, 1, 0, '', '', 0, 0, 'si', 7, 'Custodiol', 0, 'Derecho', 'Termino lateral', 'Termino lateral', 'Taguchi', 1, 22, 0, 0, 'buena', 0, 0, 0, 0, '', 1, 7.80, 1, 2, 0, 0, '', NULL, 61, '2011-05-23 18:55:35', '2011-05-23 19:04:17'),
(66, 66, '2006-05-02', 1, 112, 0, 'Derecho', 0, 1, 2, 'Unico', 0, 2, 4, 0, 0, '', '', 0, 0, 'no aplica', 0, 'Custodiol', 0, 'Derecho', 'Termino lateral', 'Termino lateral', 'Taguchi', 0, 12, 0, 0, 'buena', 0, 0, 0, 0, 'Isq Caliente s/d en protocolo', 1, 11.20, 1, 1, 0, 0, '', '2006-05-19', 43, '2011-05-23 18:55:35', '2011-05-23 19:04:17'),
(67, 67, '2006-05-07', 1, 113, 0, 'Izquierdo', 0, 1, 1, 'Unico', 1, 2, 3, 0, 0, '', '', 0, 0, 'no', 0, 'Custodiol', 0, 'Derecho', 'Termino lateral', 'Termino lateral', 'Taguchi', 2, 9, 18, 0, 'buena', 0, 0, 0, 0, '', 1, 15.00, 1, 6, 1, 3, '12/5 fistula urinaria -->Enterobacter 4/6 Sind viral, bronquitis Ag65 + 16/6 PBR RA-->3 bolos MP Inf riñon PQR susp INM RA', '2006-07-03', 44, '2011-05-23 18:55:35', '2011-05-23 19:04:17'),
(68, 68, '2006-05-08', 1, 114, 0, 'Izquierdo', 0, 1, 1, 'Unico', 0, 2, 4, 0, 0, '', '', 0, 0, 'no aplica', 0, 'Custodiol', 0, 'Derecho', 'Termino lateral', 'Termino lateral', 'Taguchi', 2, 14, 0, 0, 'regular', 0, 0, 0, 0, '', 1, 7.90, 1, 12, 0, 0, '', '2006-05-25', 36, '2011-05-23 18:55:35', '2011-05-23 19:04:17'),
(69, 69, '2006-05-21', 1, 115, 0, 'Izquierdo', 0, 2, 1, 'Unico', 1, 2, 3, 0, 0, '', '', 0, 0, 'si', 2, 'Custodiol', 1, 'Derecho', 'Termino lateral', 'Termino lateral', 'Taguchi', 3, 10, 0, 120, 'buena', 0, 0, 0, 0, 'Parche aortico c/las 2 art. ¿Isq tibia 2 hs?', 1, 8.68, 1, 1, 0, 0, '', NULL, 39, '2011-05-23 18:55:35', '2011-05-23 19:04:18'),
(70, 70, '2006-06-01', 1, 117, 0, 'Izquierdo', 0, 1, 1, 'Unico', 2, 0, 2, 2, 0, '', '', 1, 3, 'no', 0, 'Custodiol', 0, 'Derecho', 'Termino lateral', 'Termino lateral', 'Taguchi', 1, 20, 30, 45, 'buena', 0, 0, 0, 0, 'Cierre del dertrusor a "lo Gregoir"', 1, 8.00, 1, 1, 0, 0, '', NULL, 41, '2011-05-23 18:55:35', '2011-05-23 19:04:18'),
(71, 71, '2006-06-06', 1, 118, 0, 'Izquierdo', 0, 1, 1, 'Unico', 1, 1, 3, 1, 0, '', '', 0, 0, 'si', 2, 'Custodiol', 0, 'Derecho', 'Termino lateral', 'Termino lateral', 'Taguchi', 2, 16, 30, 40, 'buena', 0, 0, 0, 0, '', 1, 12.70, 1, 18, 1, 7, '7/7/06 S viral+gastroenterocolitis+leucopenia Ag65+, Valixa TMx30d,profilaxis x 60d PBR 9/07 NCI+TxCyA+RA leve se convierte a FK', '2006-07-03', 49, '2011-05-23 18:55:36', '2011-05-23 19:04:18'),
(72, 72, '2006-06-14', 1, 119, 0, 'Derecho', 0, 2, 1, 'Unico', 2, 1, 2, 1, 0, '', '', 0, 0, 'no aplica', 0, 'Custodiol', 1, 'Derecho', 'Termino lateral', 'Termino lateral', 'Taguchi', 4, 22, 0, 0, 'buena', 0, 0, 0, 0, 'Reperfusion tardia polo superior', 1, 8.90, 2, 9, 1, 1, 'D IgG+, R IgM-, IgG indeterminado 5/7/06 PBR RA, 4 bolos MP (7al 10) 15/7/06 epigastralgia Sepsis. Fallece 18/7 Se planteo CMV xo no se logro Ag65', '2006-07-18', 46, '2011-05-23 18:55:36', '2011-05-23 19:04:18'),
(73, 73, '2006-07-03', 1, 120, 0, 'Derecho', 0, 1, 1, 'Unico', 2, 2, 2, 0, 0, '', '', 0, 0, 'no aplica', 0, 'Custodiol', 1, 'Izquierdo', 'Termino lateral', 'Termino lateral', 'Alferez', 0, 16, 30, 55, 'buena', 0, 0, 0, 0, 'Alargue de VR c/V cava.No diuresis BQ', 0, 7.63, 1, 6, 0, 0, '', NULL, 63, '2011-05-23 18:55:36', '2011-05-23 19:04:18'),
(74, 74, '2006-07-22', 1, 121, 1, 'Izquierdo', 0, 1, 1, 'Unico', 1, 1, 3, 1, 0, '', '', 0, 0, 'no aplica', 0, 'Custodiol', 0, 'Derecho', 'Termino lateral', 'Termino lateral', 'Taguchi', 1, 9, 40, 37, 'buena', 1, 0, 0, 0, 'sangrad en napa: warfarina+heparina preTQ->plasma', 1, 8.41, 1, 2, 0, 0, '', NULL, 34, '2011-05-23 18:55:36', '2011-05-23 19:04:18'),
(75, 75, '2006-07-22', 1, 122, 0, 'Derecho', 0, 1, 2, 'Unico', 2, 1, 2, 1, 0, '', '', 0, 0, 'no aplica', 0, 'Custodiol', 0, 'Derecho', 'Termino lateral', 'Termino lateral', 'Taguchi', 4, 12, 50, 0, 'buena', 0, 0, 0, 0, 'polo sup reperfusion tardia', 1, 6.68, 1, 2, 0, 0, '1/9/06 Fractura de pelvis x caida', '2006-08-05', 40, '2011-05-23 18:55:36', '2011-05-23 19:04:18'),
(76, 76, '2006-07-30', 1, 123, 1, 'Izquierdo', 0, 1, 1, 'Unico', 2, 1, 2, 1, 0, '', '', 0, 0, 'no aplica', 0, 'Custodiol', 0, 'Derecho', 'Termino lateral', 'Termino lateral', 'Taguchi', 10, 22, 20, 40, 'buena', 0, 0, 0, 0, '', 1, 12.30, 1, 15, 1, 5, 'Recibe 3 m profilaxis, 35 d despues de suspendido: leucopenia+visceromegalias+S viral PCR +, se trata x 3 semanas Enf tardia x CMV', '2006-08-19', 29, '2011-05-23 18:55:36', '2011-05-23 19:04:18'),
(77, 77, '2006-07-30', 1, 124, 0, 'Izquierdo', 0, 1, 1, 'Unico', 1, 1, 3, 1, 0, '', '', 0, 0, 'si', 3, 'Custodiol', 0, 'Derecho', 'Termino lateral', 'Termino lateral', 'Taguchi', 2, 10, 33, 45, 'regular', 0, 0, 0, 0, '', 1, 10.97, 1, 1, 0, 0, 'E Coli en UC previo al TR En estudio xa descartar RVU', NULL, 61, '2011-05-23 18:55:36', '2011-05-23 19:04:19'),
(78, 78, '2006-08-10', 1, 125, 1, 'Derecho', 0, 1, 1, 'Unico', 2, 0, 2, 2, 0, '', '', 0, 0, 'no aplica', 0, 'Custodiol', 0, 'Derecho', 'Termino lateral', 'Termino lateral', 'Taguchi', 2, 19, 20, 0, 'buena', 0, 0, 0, 0, '', 1, 5.70, 1, 2, 0, 0, 'D IgM e IgG+, se realiza profilaxis ganciclovir x 30d,valixa x 60 d 11/06 diverticulitis, leucopenia MMF de 500 a 250 IRA 12/06 sin PBR se realiza MP+FK', '2006-09-01', 67, '2011-05-23 18:55:36', '2011-05-23 19:04:19'),
(79, 79, '2006-08-24', 1, 126, 0, 'Izquierdo', 0, 1, 1, 'Unico', 0, 2, 4, 0, 0, '', '', 0, 0, 'si', 1, 'Custodiol', 0, 'Derecho', 'Termino lateral', 'Termino lateral', 'Taguchi', 1, 11, 30, 75, 'buena', 0, 0, 0, 0, '', 1, 10.50, 1, 1, 0, 0, 'Portadora nasal ED meticilino S', NULL, 40, '2011-05-23 18:55:36', '2011-05-23 19:04:19'),
(80, 80, '2006-09-19', 1, 128, 1, 'Izquierdo', 0, 2, 1, 'Unico', 0, 2, 4, 0, 0, '', '', 1, 8, 'si', 4, 'Custodiol', 1, 'Derecho', 'Termino lateral', 'Termino lateral', 'Taguchi', 3, 14, 7, 65, 'buena', 0, 0, 0, 0, '2 art, una polar inf, en mismo parche Ao', 0, 9.47, 1, 8, 1, 1, '', NULL, 56, '2011-05-23 18:55:36', '2011-05-23 19:04:19'),
(81, 81, '2006-10-04', 2, 129, 0, 'Derecho', 0, 1, 1, 'Unico', 1, 1, 3, 1, 1, '', '33% CTF limite', 1, 2, 'si', 1, 'Custodiol', 0, 'Derecho', 'Termino lateral', 'Termino lateral', 'Taguchi', 0, 21, 0, 70, 'regular', 0, 0, 0, 0, 'reperfusión lenta OA inicial', 0, 7.52, 0, 0, 1, 11, '3 HD hasta Transplantectomia por RA con \nrotura injerto', '2006-10-28', 36, '2011-05-23 18:55:36', '2011-05-23 19:04:19'),
(82, 82, '2006-10-07', 1, 130, 1, 'Izquierdo', 0, 1, 1, 'Unico', 1, 2, 3, 0, 0, '', '', 0, 0, 'no aplica', 0, 'Custodiol', 0, 'Derecho', 'Termino lateral', 'Termino lateral', 'Taguchi', 1, 13, 0, 0, 'buena', 0, 0, 0, 0, '', 1, 4.76, 1, 1, 0, 0, '', NULL, 29, '2011-05-23 18:55:36', '2011-05-23 19:04:19'),
(83, 83, '2006-10-20', 1, 131, 0, 'Izquierdo', 0, 1, 1, 'Unico', 0, 0, 4, 2, 0, '', '', 0, 0, 'si', 1, 'Custodiol', 0, 'Derecho', 'Termino lateral', 'Termino lateral', 'Taguchi', 7, 14, 0, 0, 'regular', 0, 0, 0, 0, 'reperfusion lenta e inhomogenea', 0, 9.87, 12, 14, 1, 6, 'RCMV IgM+ ->profilaxis', NULL, 44, '2011-05-23 18:55:36', '2011-05-23 19:04:19'),
(84, 84, '2006-11-14', 1, 132, 0, 'Derecho', 0, 1, 2, 'Unico', 2, 1, 2, 1, 0, '', '', 0, 0, 'no aplica', 0, 'Custodiol', 1, 'Derecho', 'Termino lateral', 'Termino lateral', 'Taguchi', 0, 14, 30, 0, 'regular', 1, 0, 0, 0, 'TQ: 5,45. Sangrado import. Se reintuba x shock', 0, 12.13, 0, 0, 0, 0, 'Shock postTQ, alt ECG y Ez que no se recupera a pesar de trat en CTI. Fallece x falla de bomba', '2006-11-15', 58, '2011-05-23 18:55:36', '2011-05-23 19:04:19'),
(85, 85, '2006-12-20', 1, 133, 0, 'Izquierdo', 0, 1, 1, 'Unico', 2, 1, 2, 1, 0, '', '26%', 1, 4, 'si', 5, 'Custodiol', 0, 'Derecho', 'Termino lateral', 'Termino lateral', 'Taguchi', 3, 15, 40, 0, 'buena', 0, 0, 0, 0, '', 1, 7.20, 23, 26, 1, 12, 'Se cambió CyA x FK x RA 1º mes, profilaxis CMV ganciclovir 30 d, valixa 2 m x TG', '2007-01-29', 50, '2011-05-23 18:55:36', '2011-05-23 19:04:20'),
(86, 86, '2006-12-21', 1, 134, 1, 'Izquierdo', 0, 1, 1, 'Unico', 1, 2, 3, 0, 0, '', '', 0, 0, 'si', 1, 'Custodiol', 0, 'Derecho', 'Termino lateral', 'Termino lateral', 'Taguchi', 1, 13, 45, 0, 'buena', 0, 0, 0, 0, '', 1, 8.47, 1, 1, 0, 0, '', NULL, 50, '2011-05-23 18:55:36', '2011-05-23 19:04:20'),
(87, 87, '2006-12-25', 1, 135, 0, 'Izquierdo', 0, 1, 1, 'Unico', 0, 2, 4, 0, 0, '', '', 0, 0, 'no aplica', 0, 'Custodiol', 0, 'Derecho', 'Termino lateral', 'Termino lateral', 'Taguchi', 0, 0, 0, 0, 'regular', 0, 0, 0, 0, '', 1, 10.39, 1, 2, 0, 0, 'Protu (1/07)PBR HFyS', '2007-01-05', 49, '2011-05-23 18:55:36', '2011-05-23 19:04:20'),
(88, 88, '2007-01-25', 1, 136, 0, 'Derecho', 0, 2, 1, 'Unico', 0, 2, 4, 0, 0, '', '', 0, 0, 'no aplica', 0, 'Custodiol', 0, 'Derecho', 'Termino lateral', 'Termino lateral', 'Taguchi', 4, 14, 25, 45, 'buena', 0, 0, 0, 0, '', 1, 10.15, 1, 2, 0, 0, '', '2007-02-03', 32, '2011-05-23 18:55:36', '2011-05-23 19:04:20'),
(89, 89, '2007-02-22', 1, 137, 1, 'Izquierdo', 0, 1, 1, 'Unico', 1, 1, 3, 1, 0, '', '', 0, 0, 'no aplica', 0, 'Custodiol', 0, 'Derecho', 'Termino lateral', 'Termino lateral', 'Taguchi', 1, 17, 40, 0, 'buena', 0, 0, 0, 0, '', 1, 9.64, 1, 1, 0, 0, '', '2007-03-01', 34, '2011-05-23 18:55:36', '2011-05-23 19:04:20'),
(90, 90, '2007-03-06', 1, 139, 0, 'Izquierdo', 0, 2, 1, 'Unico', 2, 1, 2, 1, 0, '', '', 0, 0, 'no aplica', 0, 'Custodiol', 0, 'Derecho', 'Termino lateral', 'Termino lateral', 'Alferez', 2, 17, 57, 0, 'regular', 0, 0, 0, 0, '', 0, 8.90, 1, 10, 1, 6, '', '2007-04-27', 55, '2011-05-23 18:55:36', '2011-05-23 19:04:20'),
(91, 91, '2007-05-11', 1, 140, 1, 'Derecho', 0, 1, 1, 'Unico', 1, 2, 3, 0, 1, '62', '0', 0, 0, 'no aplica', 0, 'Custodiol', 0, 'Derecho', 'Termino lateral', 'Termino lateral', 'Taguchi', 2, 15, 40, 0, 'buena', 0, 0, 0, 0, '', 1, 5.30, 3, 10, 1, 1, 'Hipotension y bradicardia postTQ x uso betabloq.\nOA inicio. HD x hiperK', '2007-05-31', 43, '2011-05-23 18:55:37', '2011-05-23 19:04:20'),
(92, 92, '2007-05-12', 1, 141, 0, 'Derecho', 0, 1, 1, 'Unico', 1, 2, 3, 0, 0, '', '', 0, 0, 'no aplica', 0, 'Custodiol', 0, 'Derecho', 'Termino lateral', 'Termino lateral', 'Taguchi', 999, 9, 40, 0, 'buena', 0, 0, 0, 0, '', 1, 15.50, 1, 1, 0, 0, 'Poliuria 11 lts primeras 24 hs', '2007-05-19', 22, '2011-05-23 18:55:37', '2011-05-23 19:04:20'),
(93, 93, '2007-06-12', 1, 142, 1, 'Izquierdo', 0, 1, 1, 'Unico', 1, 1, 3, 1, 0, '', '', 1, 2, 'no', 0, 'Custodiol', 0, 'Derecho', 'Termino lateral', 'Termino lateral', 'Alferez', 4, 21, 52, 0, 'buena', 0, 0, 0, 0, '', 1, 10.30, 1, 4, 0, 0, '', '2007-06-28', 58, '2011-05-23 18:55:37', '2011-05-23 19:04:20'),
(94, 94, '2007-06-21', 1, 143, 0, 'Izquierdo', 0, 2, 1, 'Unico', 1, 1, 3, 1, 0, '', '', 0, 0, 'no aplica', 0, 'Custodiol', 1, 'Derecho', 'Termino lateral', 'Termino lateral', 'Taguchi', 4, 17, 40, 0, 'buena', 0, 1, 0, 0, '2 art+polar sup, lesion intima art sup', 0, 5.69, 7, 14, 1, 1, 'IU a Klebsiell se trata no logrando negativizarlo 1/11/07', '2007-07-09', 36, '2011-05-23 18:55:37', '2011-05-23 19:04:21'),
(95, 95, '2007-08-28', 1, 144, 0, 'Derecho', 0, 1, 1, 'Unico', 1, 2, 3, 0, 0, '', '', 0, 0, 'no aplica', 0, 'Custodiol', 0, 'Derecho', 'Termino lateral', 'Termino lateral', 'Alferez', 1, 13, 0, 60, 'regular', 1, 0, 0, 0, 'Sangrado anastomosis venosa Se reclampea', 0, 8.70, 16, 20, 1, 9, '', '2007-10-02', 33, '2011-05-23 18:55:37', '2011-05-23 19:04:21'),
(96, 96, '2007-09-05', 1, 146, 1, 'Izquierdo', 0, 2, 1, 'Unico', 0, 2, 4, 0, 0, '', '', 1, 1, 'si', 2, 'Custodiol', 0, 'Derecho', 'Termino lateral', 'Termino lateral', 'Taguchi', 2, 13, 0, 0, 'regular', 0, 0, 0, 0, 'Zona hipoperfusion cara post&zona de art R inf', 1, 5.24, 1, 2, 0, 0, '', '2007-09-18', 47, '2011-05-23 18:55:37', '2011-05-23 19:04:21'),
(97, 98, '2007-09-07', 1, 147, 0, 'Izquierdo', 0, 1, 1, 'Unico', 1, 1, 3, 1, 0, '', '', 0, 0, 'si', 4, 'Custodiol', 0, 'Derecho', 'Termino lateral', 'Termino lateral', 'Taguchi', 3, 15, 45, 0, 'buena', 0, 0, 0, 0, '', 1, 7.10, 1, 2, 0, 0, 'Reingresa 12/11/07 Cr 2,4', '2007-10-26', 43, '2011-05-23 18:55:37', '2011-05-23 19:04:21'),
(98, 99, '2007-09-24', 1, 148, 0, 'Derecho', 0, 1, 1, 'Unico', 0, 1, 4, 1, 0, '', '', 0, 0, 'no', 0, 'Custodiol', 0, 'Derecho', 'Termino lateral', 'Termino lateral', 'Taguchi', 1, 14, 0, 0, 'buena', 0, 0, 0, 0, '', 1, 5.49, 1, 3, 0, 0, '', '2007-10-03', 26, '2011-05-23 18:55:37', '2011-05-23 19:04:21'),
(99, 100, '2007-10-27', 1, 43, 0, 'Derecho', 0, 1, 2, 'Unico', 1, 1, 3, 1, 0, '', '', 0, 0, 'no aplica', 0, 'Custodiol', 1, 'Derecho', 'Termino lateral', 'Termino lateral', 'Taguchi', 1, 12, 30, 0, 'regular', 1, 0, 0, 0, 'Sangrado anast venosa superior, clampeo selectivo', 1, 6.62, 1, 2, 0, 0, 'RA BanffIII no se trata x infeccion respiratoria es necesario trasplantectomia', '2007-12-05', 63, '2011-05-23 18:55:37', '2011-05-23 19:04:21'),
(100, 101, '2007-11-04', 1, 44, 1, 'Derecho', 1, 2, 1, 'Unico', 2, 1, 2, 1, 0, '', '', 0, 0, 'no', 0, 'Custodiol', 1, 'Derecho', 'Termino lateral', 'Termino lateral', 'Taguchi', 1, 17, 0, 0, 'buena', 0, 0, 0, 0, '', 1, 8.50, 1, 2, 0, 0, '', '2007-11-19', 56, '2011-05-23 18:55:37', '2011-05-23 19:04:21'),
(101, 102, '2008-01-24', 1, 45, 0, 'Derecho', 0, 1, 1, 'Unico', 2, 2, 2, 0, 0, '', '', 0, 0, 'si', 4, 'Custodiol', 0, 'Derecho', 'Termino lateral', 'Termino lateral', 'Taguchi', 3, 12, 25, 45, 'buena', 0, 0, 0, 0, '', 1, 8.60, 0, 3, 0, 0, '', '2008-02-12', 59, '2011-05-23 18:55:37', '2011-05-23 19:04:21'),
(102, 103, '2008-02-20', 1, 46, 1, 'Izquierdo', 0, 1, 1, 'Unico', 3, 0, 1, 2, 0, '', '', 0, 0, 'no', 0, 'Custodiol', 0, 'Derecho', 'Termino lateral', 'Termino lateral', 'Otra', 2, 22, 55, 0, 'buena', 0, 0, 0, 0, 'Fuga urinaria in situ reanastomosa Lich Gregoire \na vejiga sobre doble J', 1, 10.10, 1, 2, 0, 0, 'Episodio Injerto cianotico y blando', '2008-03-04', 38, '2011-05-23 18:55:37', '2011-05-23 19:04:21'),
(103, 104, '2008-03-02', 1, 47, 0, 'Derecho', 0, 1, 1, 'Unico', 3, 1, 1, 1, 0, '', '', 1, 1, 'si', 3, 'Custodiol', 0, 'Derecho', 'Termino lateral', 'Termino lateral', 'Taguchi', 1, 12, 45, 35, 'buena', 1, 0, 1, 1, 'Parche venoso sobre vena cava. perfusion GR 5 vol', 0, 6.13, 1, 0, 1, 1, 'Shock no responde inotropicos. Multitranfundida 11 vol, trast crasis', '2008-03-05', 58, '2011-05-23 18:55:37', '2011-05-23 19:04:22'),
(104, 105, '2008-03-04', 1, 48, 0, 'Derecho', 0, 1, 1, 'Unico', 1, 2, 3, 0, 0, '', '', 0, 0, 'no', 0, 'Custodiol', 0, 'Derecho', 'Termino lateral', 'Termino lateral', 'Taguchi', 5, 16, 53, 0, 'regular', 0, 0, 0, 0, '', 0, 7.57, 3, 16, 0, 0, 'NTA retardo FR, no HD', '2008-03-24', 55, '2011-05-23 18:55:37', '2011-05-23 19:04:22'),
(105, 106, '2008-04-12', 1, 20, 0, 'Izquierdo', 0, 1, 1, 'Unico', 2, 1, 2, 1, 0, '', '', 0, 0, 'no aplica', 0, 'Custodiol', 0, 'Derecho', 'Termino lateral', 'Termino lateral', 'Taguchi', 4, 12, 45, 0, 'buena', 0, 0, 0, 0, '', 0, 9.58, 2, 10, 1, 5, '', '2008-05-09', 49, '2011-05-23 18:55:37', '2011-05-23 19:04:22'),
(106, 107, '2008-04-14', 1, 11, 0, 'Izquierdo', 0, 1, 1, 'Unico', 1, 2, 3, 0, 1, '0', '0', 0, 0, 'no aplica', 0, 'Custodiol', 0, 'Derecho', 'Termino lateral', 'Termino lateral', 'Taguchi', 4, 11, 0, 0, 'buena', 0, 0, 0, 0, '', 1, 12.85, 1, 2, 0, 0, 'Ecodopler. Resistencia baja 0.4', '2008-04-24', 23, '2011-05-23 18:55:37', '2011-05-23 19:04:22'),
(107, 108, '2008-05-03', 1, 17, 0, 'Izquierdo', 0, 1, 1, 'Unico', 1, 2, 3, 0, 0, '0', '0', 0, 0, 'no aplica', 0, 'Custodiol', 0, 'Derecho', 'Termino lateral', 'Termino lateral', 'Taguchi', 2, 12, 30, 0, 'buena', 0, 0, 0, 0, '', 1, 5.21, 1, 3, 0, 0, '', '2008-05-13', 55, '2011-05-23 18:55:37', '2011-05-23 19:04:22'),
(108, 109, '2008-05-03', 1, 17, 0, 'Derecho', 0, 1, 1, 'Unico', 3, 2, 1, 0, 0, '0', '0', 0, 0, 'no aplica', 0, 'Custodiol', 0, 'Derecho', 'Termino lateral', 'Termino lateral', 'Taguchi', 2, 12, 0, 0, 'buena', 0, 0, 0, 0, '', 1, 4.79, 1, 22, 1, 4, 'PBR vasculitis', NULL, 36, '2011-05-23 18:55:37', '2011-05-23 19:04:22'),
(109, 110, '2008-07-14', 1, 50, 0, 'Izquierdo', 0, 1, 1, 'Unico', 1, 1, 3, 1, 0, '', '', 0, 0, 'no aplica', 0, 'Custodiol', 0, 'Derecho', 'Termino lateral', 'Termino lateral', 'Taguchi', 1, 15, 0, 0, 'regular', 0, 0, 0, 0, '', 1, 12.40, 0, 0, 1, 8, 'Transplantectomia el 29/7/08', '2008-09-27', 60, '2011-05-23 18:55:37', '2011-05-23 19:04:22'),
(110, 111, '2008-07-16', 1, 18, 0, 'Derecho', 0, 1, 1, 'Unico', 2, 1, 2, 1, 0, '0', '0', 0, 0, 'no aplica', 0, 'Custodiol', 0, 'Derecho', 'Termino lateral', 'Termino lateral', 'Taguchi', 2, 12, 40, 0, 'buena', 0, 0, 0, 0, '', 1, 10.40, 1, 2, 0, 0, '', NULL, 39, '2011-05-23 18:55:37', '2011-05-23 19:04:22'),
(111, 97, '2007-09-04', 1, 145, 1, 'Derecho', 0, 2, 1, 'Unico', 3, 1, 1, 1, 0, '0', '0', 0, 0, 'no aplica', 0, 'Custodiol', 0, 'Derecho', 'Termino lateral', 'Termino lateral', 'Taguchi', 2, 11, 30, 0, 'buena', 0, 0, 0, 0, '', 1, 7.30, 1, 5, 0, 0, '', '2007-10-03', 44, '2011-05-23 18:55:38', '2011-05-23 19:04:22'),
(112, 112, '2008-08-24', 1, 14, 0, 'Derecho', 0, 1, 1, 'Unico', 1, 2, 3, 0, 0, '', '', 0, 0, 'null', 0, 'Custodiol', 0, 'Derecho', 'Termino lateral', 'Termino lateral', 'Taguchi', 1, 16, 20, 0, 'buena', 0, 0, 0, 0, '', 1, 10.33, 1, 2, 0, 0, '', '2008-09-02', 54, '2011-05-23 18:55:38', '2011-05-23 19:04:23'),
(113, 113, '2008-09-01', 1, 1, 0, 'Derecho', 0, 1, 1, 'Unico', 3, 1, 1, 1, 1, '85', '0', 0, 0, 'no aplica', 0, 'Custodiol', 0, 'Derecho', 'Termino lateral', 'Termino lateral', 'Taguchi', 2, 12, 55, 30, 'mala', 0, 0, 0, 1, 'Cianosis injerto, se demuele sutura art, obst x intima de art iliaca ext, se repara, se resutura, se reperfunde con exito', 1, 13.70, 1, 10, 1, 2, 'Diuresis de inicio con coagulos, se cambia SV, lavados. Al 2° día OA extrema. Se plantea NTA que se confirma por centello. Colección polar inferior. Por desgarro intimal se utiliza HBPM por 14 dias', '2008-09-20', 44, '2011-05-23 18:55:38', '2011-05-23 19:04:23'),
(114, 114, '2008-10-17', 1, 5, 0, 'Derecho', 0, 3, 1, 'Unico', 2, 1, 2, 1, 0, '', '', 0, 0, 'si', 2, 'Custodiol', 1, 'Izquierdo', 'Termino lateral', 'Termino lateral', 'Taguchi', 2, 13, 25, 0, 'buena', 0, 0, 0, 0, '', 1, 9.17, 1, 8, 0, 0, 'Se extirpa ganglio profundo \nAnatPatologica  inflamacion inespecifica\nPPD mayor 15 mm preTR se inicia INH', '2008-11-01', 50, '2011-05-23 18:55:38', '2011-05-23 19:04:23'),
(115, 115, '2008-10-20', 1, 3, 0, 'Izquierdo', 0, 3, 1, 'Unico', 3, 1, 1, 1, 0, '', '', 0, 0, 'no aplica', 0, 'Custodiol', 1, 'Derecho', 'Termino lateral', 'Termino lateral', 'Taguchi', 1, 11, 42, 0, 'buena', 0, 0, 0, 0, '', 1, 10.30, 1, 6, 0, 0, 'El dia 2 (21/10) fuga urinaria se reopera \nAnastomosis uretero ureteral.\nCMV donante IgM indiferente (0.49. \nMayor 0.5 es positivo) Se  realiza Valixa  profilactico \n(900 mg/d) se indica hasta el 11/2/2009', '2008-10-31', 31, '2011-05-23 18:55:38', '2011-05-23 19:04:23'),
(116, 116, '2008-10-20', 1, 3, 0, 'Derecho', 0, 1, 1, 'Unico', 2, 1, 2, 1, 0, '', '0', 0, 0, 'no aplica', 0, 'Custodiol', 0, 'Derecho', 'Termino lateral', 'Termino lateral', 'Taguchi', 1, 13, 41, 0, 'buena', 0, 0, 0, 0, '', 1, 16.90, 1, 2, 0, 0, 'Donante IgM CMV indeterminado (0.49) Se realiza \nprofilaxis con Valixa (900 mg/d) hasta el 11/2/2009', '2008-10-31', 37, '2011-05-23 18:55:38', '2011-05-23 19:04:23'),
(117, 117, '2008-10-25', 1, 21, 0, 'Izquierdo', 0, 1, 1, 'Unico', 1, 1, 3, 1, 0, '', '', 0, 0, 'no', 0, 'Custodiol', 0, 'Derecho', 'Termino lateral', 'Termino lateral', 'Otra', 1, 13, 40, 0, 'buena', 0, 0, 0, 0, 'Anastomosis uretero vesical Lich gregoire sobre doble J', 1, 10.90, 1, 2, 0, 0, 'CMV D+/R- se inicia profilaxis con Valixa', '2008-11-26', 22, '2011-05-23 18:55:38', '2011-05-23 19:04:23'),
(118, 118, '2008-11-01', 1, 22, 0, 'Izquierdo', 0, 1, 1, 'Unico', 2, 1, 2, 1, 0, '', '', 0, 0, 'no aplica', 0, 'Custodiol', 0, 'Izquierdo', 'Termino lateral', 'Termino lateral', 'Taguchi', 1, 18, 10, 0, 'buena', 0, 0, 0, 0, '', 1, 6.00, 1, 2, 0, 0, 'Trasplante previo al ingreso a HD con CC 17 ml/min', '2008-11-10', 52, '2011-05-23 18:55:38', '2011-05-23 19:04:23'),
(119, 119, '2008-11-05', 1, 12, 0, 'Derecho', 0, 1, 1, 'Unico', 1, 1, 3, 1, 0, '', '', 0, 0, 'no aplica', 0, 'Custodiol', 0, 'Derecho', 'Termino lateral', 'Termino lateral', 'Taguchi', 3, 15, 20, 0, 'buena', 0, 0, 0, 0, '', 1, 8.40, 1, 6, 0, 0, 'Obst SV por coagulos. Se cambia SV. Lavados\nDescenso lento Cr por Obst x coagulos\n	             NTA\n	             Tx CyA\nD CMV igM+ prevencion con\nValixa 450 x 100 dias (18/2/9)', '2008-11-15', 35, '2011-05-23 18:55:38', '2011-05-23 19:04:23'),
(120, 120, '2008-11-05', 1, 12, 0, 'Izquierdo', 0, 1, 1, 'Unico', 1, 1, 3, 1, 0, '', '', 0, 0, 'no aplica', 0, 'Custodiol', 0, 'Derecho', 'Termino lateral', 'Termino lateral', 'Taguchi', 3, 18, 0, 0, 'buena', 0, 0, 0, 0, '', 1, 7.60, 1, 2, 0, 0, 'D CMV IgM+. Se indica Valixa profilactico x 100 d\nhasta 18/2/2009\nNo recibe CyA en la induccion', '2008-11-14', 43, '2011-05-23 18:55:38', '2011-05-23 19:04:24'),
(121, 121, '2008-11-12', 1, 13, 0, 'Izquierdo', 0, 1, 1, 'Unico', 2, 1, 2, 1, 0, '', '', 0, 0, 'si', 3, 'Custodiol', 0, 'Derecho', 'Termino lateral', 'Termino lateral', 'Taguchi', 2, 15, 10, 0, 'buena', 0, 0, 0, 0, '', 0, 8.50, 18, 21, 1, 26, 'El 3/12 recupera funcion, \nen enero IR se reinstala HD se trata con predn \npor P Carinni mejora FR', '2009-02-14', 53, '2011-05-23 18:55:38', '2011-05-23 19:04:24'),
(122, 122, '2008-12-15', 1, 23, 0, 'Derecho', 0, 1, 1, 'Unico', 3, 99, 1, 99, 0, '', '', 0, 0, 'no aplica', 0, 'Custodiol', 0, 'Derecho', 'Termino lateral', 'Termino lateral', 'Taguchi', 1, 1, 8, 0, 'buena', 0, 0, 0, 0, '', 1, 10.48, 1, 2, 0, 0, 'Padre A+/ Hijo AB +', '2008-12-24', 18, '2011-05-23 18:55:38', '2011-05-23 19:04:24'),
(123, 123, '2008-12-15', 2, 7, 0, 'Izquierdo', 0, 1, 1, 'Unico', 2, 1, 2, 1, 0, '50', '0', 0, 0, 'si', 2, 'Custodiol', 0, 'Izquierdo', 'Termino lateral', 'Termino lateral', 'Lick', 1, 10, 0, 0, 'buena', 0, 0, 0, 0, '', 1, 6.20, 1, 1, 0, 0, '1° TR intervivo padre RC TRx 9/05 necrosis injerto\nPTx 11/06', '2008-12-24', 31, '2011-05-23 18:55:38', '2011-05-23 19:04:24'),
(124, 124, '2009-01-13', 1, 52, 0, 'Izquierdo', 0, 1, 1, 'Unico', 1, 1, 3, 1, 0, '', '', 0, 0, 'no aplica', 0, 'Custodiol', 0, 'Derecho', 'Termino lateral', 'Termino lateral', 'Taguchi', 1, 14, 10, 0, 'buena', 0, 0, 0, 0, '', 1, 8.57, 1, 3, 0, 0, '', '2009-01-20', 47, '2011-05-23 18:55:38', '2011-05-23 19:04:24'),
(125, 125, '2009-02-12', 1, 16, 0, 'Izquierdo', 0, 1, 1, 'Unico', 2, 1, 2, 1, 0, '', '', 0, 0, 'no aplica', 0, 'Custodiol', 0, 'Derecho', 'Termino lateral', 'Termino lateral', 'Taguchi', 2, 16, 0, 0, 'buena', 0, 0, 0, 0, '', 1, 5.11, 1, 2, 0, 0, '', '2009-02-20', 58, '2011-05-23 18:55:38', '2011-05-23 19:04:24'),
(126, 126, '2009-02-12', 1, 19, 0, 'Izquierdo', 0, 1, 1, 'Unico', 2, 1, 2, 1, 0, '', '', 1, 10, 'no aplica', 0, 'Custodiol', 0, 'Derecho', 'Termino lateral', 'Termino lateral', 'Taguchi', 1, 13, 26, 0, 'buena', 0, 0, 0, 0, '', 1, 9.25, 1, 3, 0, 0, 'Pte HFyS tratado 2006 con CyA, MMF, 1 bolo CCF y \n2007 PlasmaF (Transf previas si 10)', '2009-03-12', 30, '2011-05-23 18:55:38', '2011-05-23 19:04:24'),
(127, 129, '2009-03-25', 1, 8, 0, 'Izquierdo', 0, 1, 1, 'Unico', 0, 1, 4, 1, 0, '', '', 0, 0, 'si', 0, 'Custodiol', 0, 'Derecho', 'Termino lateral', 'Termino lateral', 'Taguchi', 1, 15, 30, 0, 'buena', 0, 0, 0, 0, 'Hora clampeo 15;15', 1, 6.90, 1, 7, 0, 0, 'Obst SV por coagulos, lavados vesicales', '2009-04-10', 19, '2011-05-23 18:55:38', '2011-05-23 19:04:24'),
(128, 127, '2009-03-14', 1, 9, 1, 'Derecho', 0, 1, 1, 'Unico', 1, 1, 3, 1, 0, '', '', 0, 0, 'no aplica', 0, 'Custodiol', 0, 'Derecho', 'Termino lateral', 'Termino lateral', 'Taguchi', 0, 14, 46, 0, 'regular', 0, 0, 0, 0, 'hipotension severa al declampeo', 0, 0.00, 0, 0, 1, 15, 'NTA \nRA bolos MP', '2009-05-04', 52, '2011-05-23 18:55:38', '2011-05-23 19:04:24'),
(129, 128, '2009-03-17', 1, 4, 0, 'Izquierdo', 0, 1, 1, 'Unico', 1, 1, 3, 1, 0, '', '', 0, 0, 'no aplica', 0, 'Custodiol', 0, 'Derecho', 'Termino lateral', 'Termino lateral', 'Taguchi', 1, 12, 55, 0, 'buena', 0, 0, 0, 0, '', 1, 12.40, 1, 10, 1, 3, 'Hematuria sin coagulos', '2009-04-17', 57, '2011-05-23 18:55:38', '2011-05-23 19:04:25');
INSERT INTO `trasplante` (`id`, `paciente_pre_trasplante_id`, `fecha`, `numero_de_transplantes_realizados`, `donante_id`, `inestab_hemodial`, `rinhon`, `anomalia_vascular`, `numero_arterias`, `numero_venas`, `ureter`, `numero_compatibilidad_ab`, `numero_compatibilidad_dr`, `numero_incompatibilidad_ab`, `numero_incompatibilidad_dr`, `autoac`, `pra_max`, `pra_tr`, `trans_previas`, `numero_transf`, `embarazo`, `numero_embarazo`, `liquido_perfusion`, `tq_de_banco`, `lado_implante`, `anast_venosa`, `anast_arterial`, `anast_ureteral`, `t_isq_cal_min`, `t_isq_fria_hs`, `t_isq_fria_min`, `t_isq_tibia_hs`, `reperfusion`, `sangrado_i_op`, `lesion_arterial`, `lesion_venosa`, `necesidad_repefundir`, `otras_compl_quirur`, `diuresis_i_op`, `cr_inicial`, `dia_rec_diuresis`, `dia_rec_funcional`, `dialisis`, `num_de_hd`, `comentario`, `fecha_alta`, `edad_receptor`, `created_at`, `updated_at`) VALUES
(130, 132, '2009-04-14', 1, 6, 0, 'Derecho', 0, 1, 1, 'Unico', 1, 1, 3, 1, 0, '', '', 0, 0, 'no aplica', 0, 'Custodiol', 0, 'Derecho', 'Termino lateral', 'Termino lateral', 'Taguchi', 1, 23, 0, 0, 'null', 0, 0, 0, 0, '', 0, 0.00, 0, 0, 1, 0, 'Donante Ag Hbs +, receptor con Ac HbS', '2009-05-27', 58, '2011-05-23 18:55:38', '2011-05-23 19:04:25'),
(131, 131, '2009-04-08', 1, 10, 0, 'Izquierdo', 0, 1, 1, 'Unico', 1, 1, 3, 1, 0, '', '', 0, 0, 'no aplica', 0, 'Custodiol', 0, 'Derecho', 'Termino lateral', 'Termino lateral', 'Taguchi', 1, 15, 30, 0, 'buena', 0, 0, 0, 0, 'hipoperfusion polo inf, ya presente en ablaci{on ', 1, 10.90, 1, 2, 0, 0, '', '2009-04-21', 35, '2011-05-23 18:55:39', '2011-05-23 19:04:25'),
(132, 133, '2009-05-16', 1, 24, 0, 'Derecho', 0, 1, 1, 'Unico', 2, 1, 2, 1, 0, '', '', 0, 0, 'si', 3, 'Custodiol', 0, 'Derecho', 'Termino lateral', 'Termino lateral', 'null', 1, 14, 25, 0, 'buena', 0, 0, 0, 0, '', 1, 6.82, 1, 2, 1, 2, 'Fuga urinaria', '2009-06-13', 51, '2011-05-23 18:55:39', '2011-05-23 19:04:25'),
(133, 134, '2009-05-25', 1, 25, 1, 'Izquierdo', 0, 1, 1, 'Unico', 2, 1, 2, 1, 0, '', '', 0, 0, 'si', 3, 'Custodiol', 0, 'Derecho', 'Termino lateral', 'Termino lateral', 'Taguchi', 1, 13, 20, 0, 'buena', 0, 0, 0, 0, 'Fuga urinaria, se reanastomosa ureter a vejiga\nHipotension arterial', 1, 5.40, 1, 2, 0, 0, '', '2009-06-02', 52, '2011-05-23 18:55:39', '2011-05-23 19:04:25'),
(134, 135, '2009-05-26', 1, 26, 0, 'Izquierdo', 0, 1, 1, 'Unico', 1, 1, 3, 1, 0, '', '', 0, 0, 'no', 0, 'Custodiol', 0, 'Derecho', 'Termino lateral', 'Termino lateral', 'Taguchi', 2, 11, 9, 0, 'buena', 0, 0, 0, 0, '', 1, 6.92, 1, 1, 0, 0, '', '2009-06-08', 60, '2011-05-23 18:55:39', '2011-05-23 19:04:25'),
(135, 136, '2009-06-04', 1, 27, 1, 'Izquierdo', 0, 1, 1, 'Unico', 2, 1, 2, 1, 0, '', '', 0, 0, 'no aplica', 0, 'Custodiol', 0, 'Derecho', 'Termino lateral', 'Termino lateral', 'Taguchi', 1, 18, 12, 0, 'regular', 0, 0, 0, 0, 'Hipotension a pesar aporte 6 lt SF\nFogarty en art iliaca distal por falta latido', 0, 0.00, 0, 0, 1, 5, 'Hipotension postoperatorio a pesar SF', '2009-06-17', 58, '2011-05-23 18:55:39', '2011-05-23 19:04:25'),
(136, 137, '2009-06-05', 1, 28, 0, 'Izquierdo', 0, 1, 1, 'Unico', 1, 1, 3, 1, 0, '', '', 0, 0, 'si', 0, 'Custodiol', 0, 'Derecho', 'Termino terminal', 'Termino terminal', 'Taguchi', 2, 10, 40, 0, 'buena', 0, 0, 0, 0, '', 1, 8.60, 1, 4, 0, 0, 'Receptor AP AVE Hematoma occipital izq--\nepi vasc+sind amnesico organico', '2009-06-12', 59, '2011-05-23 18:55:39', '2011-05-23 19:04:25'),
(137, 139, '2009-06-18', 1, 54, 0, 'Izquierdo', 0, 1, 1, 'Unico', 1, 0, 3, 2, 0, '', '', 0, 0, 'si', 3, 'Custodiol', 0, 'Derecho', 'Termino terminal', 'Termino terminal', 'Taguchi', 1, 12, 0, 0, 'buena', 0, 0, 0, 0, '', 1, 6.00, 1, 11, 0, 0, 'Estreñimiento pertinaz\nSind hipertension intraabdominal agudo con retardo\ndescenso creatinina', '2009-07-02', 49, '2011-05-23 18:55:39', '2011-05-23 19:04:25'),
(138, 140, '2009-06-24', 1, 30, 0, 'Derecho', 0, 1, 1, 'Unico', 2, 2, 2, 0, 0, '', '', 0, 0, 'no', 0, 'Custodiol', 1, 'Derecho', 'Termino terminal', 'Termino terminal', 'Taguchi', 1, 16, 20, 0, 'buena', 0, 0, 0, 0, '', 0, 4.84, 1, 3, 0, 0, 'No diuresis IO', '2009-07-02', 50, '2011-05-23 18:55:39', '2011-05-23 19:04:25'),
(139, 138, '2009-06-11', 1, 29, 0, 'Izquierdo', 0, 1, 1, 'Unico', 1, 2, 3, 0, 0, '', '', 0, 0, 'no', 0, 'Custodiol', 0, 'Derecho', 'Termino lateral', 'Termino lateral', 'Taguchi', 1, 12, 45, 0, 'buena', 0, 0, 0, 0, '', 1, 7.03, 0, 0, 1, 21, 'Riñon no funcionante NTA, RA, Infeccion Fallece', '2009-07-21', 24, '2011-05-23 18:55:39', '2011-05-23 19:04:26'),
(140, 130, '2009-03-26', 1, 15, 0, 'Izquierdo', 0, 3, 1, 'Unico', 1, 1, 3, 1, 0, '', '', 0, 0, 'no', 0, 'Custodiol', 0, 'Derecho', 'Termino lateral', 'Termino lateral', 'Taguchi', 0, 0, 0, 0, 'null', 0, 0, 0, 0, '2 art a iliaca 1°, otra a Iliaca ext', 0, 12.00, 1, 2, 0, 0, '', '2009-04-04', 25, '2011-05-23 18:55:39', '2011-05-23 19:04:26'),
(141, 141, '2009-07-15', 1, 31, 0, 'Izquierdo', 0, 2, 1, 'Unico', 2, 1, 2, 1, 0, '', '', 1, 6, 'si', 1, 'Custodiol', 1, 'Derecho', 'Termino lateral', 'Termino lateral', 'Taguchi', 2, 16, 24, 0, 'regular', 0, 1, 0, 0, 'lesion art prox hilio se repara previo implante\nAnast U-U sobre pigtail x vejiga chica', 1, 4.86, 3, 7, 0, 0, 'Hipertensión intrabdominal x cuadro suboclusivo \ncon OA y retardo recuperacion FR', '2009-07-29', 50, '2011-05-23 18:55:39', '2011-05-23 19:04:26'),
(142, 142, '2009-07-21', 1, 32, 0, 'Izquierdo', 0, 1, 1, 'Unico', 1, 2, 3, 0, 0, '', '', 0, 0, 'si', 3, 'Custodiol', 0, 'Derecho', 'Termino lateral', 'Termino lateral', 'Taguchi', 2, 15, 24, 0, 'buena', 0, 0, 0, 0, '', 1, 4.32, 0, 2, 0, 0, 'PreTR: UC Escherichia Coli \n             Secr bronquial Moraxella Cat.arral\nAmbos sensibles a Ciprofloxacina\n', '2009-07-28', 54, '2011-05-23 18:55:39', '2011-05-23 19:04:26'),
(143, 143, '2009-07-23', 1, 2, 0, 'Derecho', 0, 1, 1, 'Unico', 1, 2, 3, 0, 0, '', '', 0, 0, 'no aplica', 0, 'Custodiol', 1, 'Derecho', 'Termino lateral', 'Termino lateral', 'Taguchi', 0, 17, 2, 60, 'mala', 0, 0, 1, 1, 'colateral art aneurismatica. Se reimplanta\nmultiples laceraciones de vena R. Parche cava', 0, 6.00, 0, 0, 0, 0, 'Transplantectomia por trombosisi art R', '2009-07-28', 25, '2011-05-23 18:55:39', '2011-05-23 19:04:26'),
(144, 144, '2009-08-05', 1, 33, 0, 'Izquierdo', 0, 1, 1, 'Unico', 2, 2, 2, 0, 0, '', '', 0, 0, 'no aplica', 0, 'Custodiol', 0, 'Derecho', 'Termino lateral', 'Termino lateral', 'Taguchi', 1, 16, 53, 60, 'buena', 0, 0, 0, 0, '', 1, 5.25, 2, 7, 0, 0, 'Hiperhidratacion que mejora con diureticos', '2009-08-21', 47, '2011-05-23 18:55:39', '2011-05-23 19:04:26'),
(145, 145, '2009-08-11', 1, 34, 0, 'Derecho', 0, 1, 1, 'Unico', 1, 2, 3, 0, 0, '', '', 0, 0, 'si', 5, 'Custodiol', 0, 'Derecho', 'Termino lateral', 'Termino lateral', 'Taguchi', 1, 19, 30, 0, 'buena', 0, 0, 0, 0, '', 1, 12.44, 1, 1, 0, 0, '', '2009-08-29', 44, '2011-05-23 18:55:39', '2011-05-23 19:04:26'),
(146, 146, '2009-08-25', 1, 35, 0, 'Derecho', 0, 1, 1, 'Unico', 1, 2, 3, 0, 0, '', '', 0, 0, 'no aplica', 0, 'Custodiol', 0, 'Derecho', 'Termino lateral', 'Termino lateral', 'Taguchi', 1, 15, 0, 0, 'regular', 0, 0, 0, 0, '', 1, 5.93, 1, 4, 0, 0, '', '2009-09-09', 63, '2011-05-23 18:55:39', '2011-05-23 19:04:26'),
(147, 147, '2009-09-05', 1, 36, 0, 'Derecho', 0, 2, 1, 'Unico', 0, 0, 0, 0, 0, '', '', 0, 0, 'si', 3, 'Custodiol', 0, 'Derecho', 'Termino lateral', 'Termino lateral', 'Taguchi', 1, 19, 0, 0, 'buena', 0, 0, 0, 0, '', 1, 6.19, 1, 2, 0, 0, 'RA se trata con MP y se convierte a FK', '2009-10-06', 45, '2011-05-23 18:55:39', '2011-05-23 19:04:27'),
(148, 148, '2009-09-16', 1, 37, 0, 'Izquierdo', 0, 1, 1, 'Unico', 2, 0, 2, 2, 0, '', '', 0, 0, 'null', 0, 'Custodiol', 0, 'Derecho', 'Termino lateral', 'Termino lateral', 'Taguchi', 1, 1, 34, 0, 'buena', 0, 0, 0, 0, '', 1, 5.12, 1, 2, 0, 0, '', '2009-10-03', 31, '2011-05-23 18:55:39', '2011-05-23 19:04:27'),
(149, 149, '2009-09-17', 1, 38, 0, 'Derecho', 0, 1, 1, 'Unico', 2, 1, 2, 1, 0, '', '', 0, 0, 'null', 0, 'Custodiol', 0, 'Derecho', 'Termino lateral', 'Termino lateral', 'Taguchi', 1, 11, 36, 0, 'buena', 0, 0, 0, 0, '', 1, 5.20, 1, 1, 0, 0, 'Plicatura de vejiga por delgadez de la pared\nSe deja con SVP por 10 dias', '2009-10-02', 59, '2011-05-23 18:55:39', '2011-05-23 19:04:27'),
(150, 150, '2009-11-16', 1, 39, 0, 'Derecho', 0, 1, 1, 'Unico', 2, 0, 2, 2, 0, '', '', 0, 0, 'no aplica', 0, 'Custodiol', 0, 'Derecho', 'Termino lateral', 'Termino lateral', 'Taguchi', 3, 0, 46, 0, 'buena', 0, 0, 0, 0, '', 1, 4.82, 1, 1, 0, 0, '', '2009-11-25', 58, '2011-05-23 18:55:39', '2011-05-23 19:04:27'),
(151, 151, '2009-11-18', 1, 40, 0, 'Izquierdo', 0, 2, 1, 'Unico', 1, 2, 3, 0, 1, '999', '999', 1, 3, 'no', 0, 'Custodiol', 1, 'Derecho', 'Termino lateral', 'Termino lateral', 'Taguchi', 2, 19, 10, 0, 'buena', 0, 0, 0, 0, 'Reparacion de art polar inferior seccionada e\nimplante a iliaca', 0, 10.00, 3, 10, 1, 3, 'Verificar diuresis al 3| dia', '2009-12-05', 44, '2011-05-23 18:55:40', '2011-05-23 19:04:27');

--
-- Dumping data for table `trasplante_complicaciones`
--

INSERT INTO `trasplante_complicaciones` (`id`, `trasplante_id`, `fecha`, `medicacion_id`, `internado`, `dias_de_internacion`, `evolucion`, `comentario`, `infecciosa`) VALUES
(1, 10, '2001-12-26', 40, 1, 0, 0, NULL, 0),
(2, 10, '2002-02-02', 40, 1, 0, 0, NULL, 0),
(4, 78, '2006-09-12', 40, 1, 0, 0, NULL, 0),
(6, 8, '2001-12-01', 66, 1, 0, 0, '', 0),
(7, 8, '2001-12-20', 40, 1, 0, 0, NULL, 0),
(8, 87, '2006-12-30', 61, 1, 0, 0, '', 0),
(9, 89, '2007-03-15', 40, 1, 0, 0, NULL, 0),
(12, 90, '2007-04-10', 43, 1, 0, 0, '', 0),
(13, 90, '2007-04-14', 74, 1, 0, 0, 'se aisla por LBA nocardia o actynomices', 0),
(14, 94, '2007-07-04', 79, 1, 0, 0, 'Cultivo de punta contaminando?', 0),
(15, 94, '2007-06-29', 43, 1, 0, 0, 'No se logra negativizar', 0),
(16, 95, '2007-10-04', 40, 1, 0, 0, NULL, 0),
(22, 105, '2008-04-24', 45, 1, 0, 0, '', 0),
(23, 1, '2000-03-16', 61, 1, 0, 0, '10 d de TM', 0),
(24, 1, '2000-03-15', 61, 1, 0, 0, 'TM x 10 dias', 0),
(25, 1, '2000-03-12', 45, 1, 0, 0, '', 0),
(26, 99, '2007-11-05', 66, 1, 0, 0, '', 0),
(27, 12, '2002-01-16', 40, 1, 0, 0, NULL, 0),
(28, 12, '2002-01-25', 40, 1, 0, 0, NULL, 0),
(29, 12, '2002-02-02', 40, 1, 0, 0, 'se retira cateter peritoneal', 0),
(30, 13, '2002-02-18', 61, 1, 0, 0, '', 0),
(31, 13, '2002-02-20', 45, 1, 0, 0, 'Resist a cipro. Vanco x 15 dias', 0),
(32, 14, '2002-04-20', 43, 1, 0, 0, '', 0),
(33, 14, '2002-04-23', 43, 1, 0, 0, '', 0),
(35, 16, '2002-10-30', 43, 1, 0, 0, 'meropenem', 0),
(36, 17, '2002-11-10', 40, 1, 0, 0, NULL, 0),
(37, 18, '2002-11-23', 43, 1, 0, 0, 'meropenem', 0),
(38, 20, '2006-04-08', 40, 1, 0, 0, NULL, 0),
(39, 21, '2003-06-01', 43, 1, 0, 0, 'Meropenem', 0),
(40, 21, '2004-04-01', 40, 1, 0, 1, NULL, 0),
(41, 22, '2003-07-23', 40, 1, 0, 0, '', 0),
(44, 23, '2003-08-04', 40, 1, 0, 0, NULL, 0),
(45, 23, '2003-08-05', 40, 1, 0, 0, NULL, 0),
(46, 24, '2003-07-16', 45, 1, 0, 0, '', 0),
(47, 24, '2003-07-17', 71, 1, 0, 0, 'Herpes labial', 0),
(48, 25, '2003-07-20', 40, 1, 0, 0, NULL, 0),
(49, 25, '2003-08-30', 40, 1, 0, 0, NULL, 0),
(50, 25, '2003-08-20', 40, 1, 0, 0, NULL, 0),
(52, 26, '2003-07-31', 43, 1, 0, 0, '', 0),
(53, 26, '2003-07-23', 40, 1, 0, 0, '', 0),
(54, 27, '2003-09-10', 64, 1, 0, 0, '', 0),
(55, 27, '2003-09-19', 61, 1, 0, 0, '', 0),
(56, 29, '2003-12-29', 40, 1, 0, 0, NULL, 0),
(57, 29, '2004-01-20', 40, 1, 0, 0, NULL, 0),
(60, 3, '2001-01-07', 43, 1, 0, 0, '', 0),
(62, 32, '2004-03-07', 66, 1, 0, 0, '', 0),
(64, 33, '2004-04-27', 61, 1, 0, 0, '', 0),
(65, 34, '2004-06-01', 61, 1, 0, 0, '', 0),
(68, 36, '2004-08-10', 40, 1, 0, 0, NULL, 0),
(69, 36, '2004-12-03', 40, 1, 0, 0, NULL, 0),
(70, 38, '2004-09-28', 40, 1, 0, 0, NULL, 0),
(72, 4, '2001-02-19', 69, 1, 0, 0, 'recibio genta', 0),
(73, 40, '2005-03-10', 43, 1, 0, 0, 'Meropenem', 0),
(74, 40, '2005-03-10', 45, 1, 0, 0, '', 0),
(75, 40, '2007-07-07', 66, 1, 3, 1, 'Ceftriaxona+azitromicina', 0),
(76, 41, '2005-04-25', 40, 1, 0, 0, NULL, 0),
(77, 41, '2005-05-11', 40, 1, 0, 0, NULL, 0),
(78, 41, '2005-05-11', 40, 1, 0, 0, NULL, 0),
(80, 42, '2005-04-27', 40, 1, 0, 0, NULL, 0),
(81, 42, '2005-04-29', 40, 1, 0, 0, NULL, 0),
(82, 42, '2005-05-02', 40, 1, 0, 0, NULL, 0),
(83, 44, '2005-04-28', 40, 1, 0, 0, 'en piel peri drenaje', 0),
(84, 44, '2005-05-19', 45, 1, 0, 0, '', 0),
(85, 44, '2005-05-21', 48, 1, 0, 0, '', 0),
(86, 44, '2005-06-06', 43, 1, 0, 0, 'N Aguda', 0),
(88, 45, '2005-05-08', 40, 1, 0, 0, NULL, 0),
(89, 46, '2005-05-07', 40, 1, 0, 0, NULL, 0),
(90, 46, '2006-05-12', 40, 1, 0, 0, NULL, 0),
(91, 46, '2005-06-06', 40, 1, 0, 0, NULL, 0),
(92, 48, '2005-06-06', 40, 1, 0, 0, NULL, 0),
(93, 49, '2005-06-09', 40, 1, 0, 0, NULL, 0),
(94, 49, '2005-06-11', 40, 1, 0, 0, NULL, 0),
(96, 52, '2005-09-12', 40, 1, 0, 0, NULL, 0),
(97, 53, '2005-11-02', 40, 1, 0, 0, NULL, 0),
(98, 54, '2005-11-01', 40, 1, 0, 0, NULL, 0),
(100, 56, '2006-01-24', 40, 1, 0, 0, NULL, 0),
(101, 56, '2006-11-01', 40, 1, 0, 0, NULL, 0),
(102, 57, '2006-05-05', 40, 1, 0, 0, NULL, 0),
(103, 59, '2006-04-10', 40, 1, 0, 0, NULL, 0),
(104, 6, '2001-06-30', 40, 1, 0, 0, NULL, 0),
(105, 6, '2001-07-16', 40, 1, 0, 0, NULL, 0),
(106, 60, '2006-04-07', 43, 1, 0, 0, '', 0),
(107, 60, '2006-04-07', 43, 1, 0, 0, '', 0),
(108, 60, '2006-04-23', 40, 1, 0, 0, NULL, 0),
(109, 61, '2006-04-06', 40, 1, 0, 0, NULL, 0),
(110, 63, '2006-05-10', 67, 1, 0, 0, 'lesión del prepucio', 0),
(111, 63, '2006-06-05', 40, 1, 0, 0, NULL, 0),
(112, 64, '2006-04-30', 45, 1, 0, 0, '', 0),
(113, 64, '2006-05-05', 71, 1, 0, 0, '', 0),
(114, 65, '2006-05-09', 40, 1, 0, 0, NULL, 0),
(115, 65, '2006-05-16', 40, 1, 0, 0, NULL, 0),
(116, 66, '2006-05-15', 64, 1, 0, 0, '', 0),
(117, 67, '2006-05-13', 43, 1, 0, 0, 'Urinoma cultiva enterobacter, orina drena x HQ', 0),
(118, 67, '2006-05-16', 45, 1, 0, 0, '', 0),
(119, 67, '2006-06-04', 48, 1, 0, 0, 'Valixa por 3 meses', 0),
(121, 7, '2005-03-28', 40, 1, 0, 0, NULL, 0),
(122, 70, '2006-06-08', 40, 1, 0, 0, NULL, 0),
(123, 71, '2006-06-20', 40, 1, 0, 0, NULL, 0),
(124, 71, '2006-07-07', 40, 1, 0, 0, NULL, 0),
(125, 71, '2006-10-01', 40, 1, 0, 0, NULL, 0),
(126, 72, '2006-07-14', 40, 1, 0, 0, NULL, 0),
(127, 72, '2006-07-17', 40, 1, 0, 0, NULL, 0),
(128, 72, '2006-07-14', 40, 1, 0, 0, NULL, 0),
(129, 74, '2006-07-09', 40, 1, 0, 0, NULL, 0),
(130, 75, '2006-07-24', 40, 1, 0, 0, NULL, 0),
(131, 75, '2006-07-24', 46, 1, 0, 0, '', 0),
(134, 77, '2006-07-30', 40, 1, 0, 0, NULL, 0),
(135, 77, '2006-08-02', 40, 1, 0, 0, NULL, 0),
(136, 109, '2008-07-18', 41, 1, 0, 0, 'Ileo:laparotomia; peritonitis fecaloidea x perforación ciego.\nPlanteo ileo isquemico posTQ', 0),
(137, 109, '2008-07-28', 41, 1, 0, 0, 'Riñon blando,cianotico. Hematoma retroperitoneal', 0),
(138, 109, '2008-08-07', 41, 1, 0, 0, 'Hemicolectomia. Colostomia de derivación', 0),
(139, 109, '2008-07-30', 42, 1, 0, 0, 'Acyneto baumani', 0),
(140, 111, '2007-09-15', 43, 1, 0, 0, NULL, 0),
(141, 111, '2007-09-15', 43, 1, 0, 0, NULL, 0),
(142, 111, '2007-09-15', 43, 1, 0, 0, NULL, 0),
(143, 111, '2007-10-06', 43, 1, 14, 1, NULL, 0),
(144, 111, '2007-10-25', 43, 1, 16, 1, 'Enterobacter cloacae', 0),
(145, 111, '2007-10-25', 41, 1, 16, 1, NULL, 0),
(146, 111, '2007-10-25', 41, 1, 16, 1, NULL, 0),
(147, 111, '2008-01-04', 41, 1, 11, 1, NULL, 0),
(148, 111, '2008-01-04', 41, 1, 11, 1, 'Nefrostomia derivacion. Stop union pielocalicial', 0),
(149, 111, '2008-01-29', 43, 1, 16, 1, NULL, 0),
(150, 111, '2008-01-29', 43, 1, 16, 1, NULL, 0),
(151, 111, '2008-01-29', 45, 1, 16, 1, NULL, 0),
(152, 111, '2008-01-29', 41, 1, 16, 1, 'IRA por sepsis e IU a klebsiella. ', 0),
(153, 111, '2008-03-09', 43, 1, 22, 1, NULL, 0),
(154, 111, '2008-03-09', 46, 1, 22, 1, '', 0),
(155, 111, '2008-03-18', 41, 1, 22, 1, '18/3/08 reanastomosis uretero-ureteral\n27/3 se retira drenaje\n28/3 retira SV', 0),
(156, 111, '2008-07-01', 41, 1, 3, 1, '3 bolos de MP 8,9 y 10/7/08', 0),
(161, 12, '2002-01-10', 31, 1, 0, 0, 'Adenoma de prostata RTU', 0),
(162, 6, '2001-06-26', 40, 1, 0, 0, '', 0),
(163, 7, '2001-06-26', 40, 1, 0, 0, '', 0),
(164, 9, '2001-11-18', 40, 1, 0, 0, '', 0),
(165, 12, '2002-01-23', 40, 1, 0, 0, 'Obstrucción Adenoma. 13° día diagnostico Centello', 0),
(166, 15, '2002-04-16', 40, 1, 0, 0, '', 0),
(167, 16, '2002-10-23', 40, 1, 0, 0, '', 0),
(168, 18, '2002-12-30', 40, 1, 0, 0, '', 0),
(169, 19, '2003-02-20', 40, 1, 0, 0, 'Tranplantectomia, Sangrado por bomba de heparina', 0),
(170, 20, '2003-04-01', 40, 1, 0, 0, '', 0),
(171, 21, '2003-05-30', 40, 1, 0, 0, 'Obstrucción ureteral por prot u masiva -> nefrostomia y\nlitotricia endoluminal', 0),
(172, 23, '2003-07-05', 40, 1, 0, 0, '', 0),
(173, 23, '2003-07-05', 40, 1, 0, 0, '', 0),
(174, 24, '2003-07-05', 40, 1, 0, 0, '', 0),
(175, 24, '2003-07-05', 40, 1, 0, 0, '', 0),
(176, 24, '2003-07-05', 40, 1, 0, 0, '', 0),
(177, 26, '2003-07-13', 40, 1, 0, 0, '', 0),
(178, 26, '2003-07-15', 40, 1, 0, 0, 'Fuga Ureterovesical, megavejiga -> Drenaje postural', 0),
(179, 27, '2003-09-04', 40, 1, 0, 0, '', 0),
(180, 29, '2003-12-22', 40, 1, 0, 0, '', 0),
(181, 29, '2003-12-22', 40, 1, 0, 0, 'Obstrucción por adenoma de prostata -> RTU', 0),
(182, 29, '2003-12-22', 40, 1, 0, 0, '', 0),
(183, 33, '2004-04-23', 40, 1, 0, 0, '', 0),
(184, 33, '2004-04-29', 40, 1, 0, 0, 'Drenaje aspirativo y iodofon.', 0),
(185, 35, '2004-07-04', 40, 1, 0, 0, '', 0),
(186, 36, '2004-08-03', 40, 1, 0, 0, '', 0),
(187, 38, '2004-09-18', 40, 1, 0, 0, '', 0),
(188, 40, '2005-03-04', 40, 1, 0, 0, '', 0),
(189, 40, '2005-03-04', 40, 1, 0, 0, '2 Episodios RAO pos retiro SV', 0),
(190, 40, '2005-03-04', 40, 1, 0, 0, '', 0),
(191, 41, '2005-04-19', 41, 1, 0, 0, 'Edema genitales. D+ fuga urinaria', 0),
(192, 42, '2005-04-11', 40, 1, 0, 0, 'Se realizo ventana peritoneal', 0),
(193, 43, '2005-04-12', 40, 1, 0, 0, '', 0),
(194, 43, '2005-04-22', 40, 1, 0, 0, 'Reimplante Ureteral', 0),
(195, 44, '2005-04-30', 40, 1, 0, 0, '', 0),
(196, 44, '2005-04-19', 40, 1, 0, 0, '', 0),
(197, 44, '2005-04-21', 40, 1, 0, 0, 'Reintervención, sangrado en napa HBPM', 0),
(198, 44, '2005-04-19', 40, 1, 0, 0, '', 0),
(199, 46, '2005-04-30', 40, 1, 0, 0, '', 0),
(200, 46, '2005-04-30', 40, 1, 0, 0, '', 0),
(201, 46, '2005-04-30', 40, 1, 0, 0, '', 0),
(202, 47, '2005-05-07', 40, 1, 0, 0, '', 0),
(203, 47, '2005-05-07', 40, 1, 0, 0, '', 0),
(204, 48, '2005-06-03', 40, 1, 0, 0, '', 0),
(205, 49, '2005-06-23', 40, 1, 0, 0, 'Sonda de lavado', 0),
(206, 49, '2005-06-23', 40, 1, 0, 0, '', 0),
(207, 49, '2005-06-23', 40, 1, 0, 0, '', 0),
(208, 50, '2005-07-15', 40, 1, 0, 0, 'Alto gasto drenaje', 0),
(209, 50, '2005-07-15', 40, 1, 0, 0, '', 0),
(210, 52, '2005-09-08', 40, 1, 0, 0, '', 0),
(211, 53, '2005-10-18', 40, 1, 0, 0, '', 0),
(212, 53, '2005-10-18', 40, 1, 0, 0, '', 0),
(213, 55, '2005-12-07', 41, 1, 0, 0, 'Necrosis ureter distal', 0),
(214, 56, '2005-12-21', 40, 1, 0, 0, '', 0),
(215, 59, '2006-03-05', 40, 1, 0, 0, '', 0),
(216, 60, '2006-04-02', 40, 1, 0, 0, 'Tratamiento medico: Obstrucción tecnica por coagulos', 0),
(217, 60, '2006-03-30', 41, 1, 0, 0, 'Heparina con BIC posTQ x hipertrombicidad', 0),
(218, 62, '2006-04-18', 40, 1, 0, 0, '', 0),
(219, 63, '2006-04-20', 40, 1, 0, 0, 'Por caliz superior -> TM', 0),
(220, 63, '2006-04-20', 40, 1, 0, 0, '', 0),
(221, 63, '2006-04-20', 40, 1, 0, 0, '', 0),
(222, 67, '2006-05-16', 40, 1, 0, 0, 'Reanastomosis uretero ureteral', 0),
(223, 67, '2006-05-07', 40, 1, 0, 0, 'Hemorragia masiva', 0),
(224, 71, '2006-06-06', 40, 1, 0, 0, '', 0),
(225, 71, '2006-06-06', 40, 1, 0, 0, 'Fuga masiva -> Reanastomosis T Taguchi', 0),
(226, 74, '2006-07-22', 40, 1, 0, 0, 'RAO pos retiro SV -> recolocacion SV', 0),
(227, 74, '2006-07-22', 40, 1, 0, 0, '', 0),
(228, 74, '2006-07-22', 40, 1, 0, 0, '', 0),
(229, 76, '2006-07-30', 40, 1, 0, 0, '', 0),
(230, 81, '2006-10-13', 40, 1, 0, 0, 'Rotura del riñon', 0),
(231, 83, '2006-10-20', 40, 1, 0, 0, '', 0),
(232, 84, '2006-11-14', 40, 1, 0, 0, 'Sangrado intraoperatorio reposición 8 vol / GR', 0),
(233, 84, '2006-11-14', 40, 1, 0, 0, 'Falla cardiaca, no responde a tratamiento.', 0),
(234, 85, '2007-01-11', 41, 1, 0, 0, 'Necrosis ureteral -> reanastomosis uretero ureteral', 0),
(235, 85, '2006-01-15', 40, 1, 0, 0, '', 0),
(236, 90, '2007-03-23', 40, 1, 0, 0, 'Necrosis ureteral -> reanastomosis uretero vesical T Gregoire', 0),
(238, 95, '2007-08-29', 40, 1, 0, 0, 'Macrohematuria, nefrostomia de derivación.', 0),
(239, 95, '2007-09-10', 40, 1, 0, 0, '', 0),
(240, 97, '2007-09-27', 40, 1, 0, 0, 'Reanastomosis uretero ureteral', 0),
(241, 101, '2008-01-24', 40, 1, 0, 0, '', 0),
(242, 103, '2008-03-02', 40, 1, 0, 0, '', 0),
(243, 103, '2008-03-02', 40, 1, 0, 0, 'Sangrado en napa', 0),
(245, 104, '2008-03-04', 41, 1, 0, 0, 'No se opera. requiere 3 GR', 0),
(246, 105, '2008-04-24', 40, 1, 0, 0, 'Reanastomosis ureter propio', 0),
(247, 40, '2006-10-30', 47, 0, 0, 1, 'se realizo tratamiento ambulatorio', 0),
(248, 40, '2005-04-10', 41, 0, 0, 1, '', 0),
(249, 9, '2003-09-02', 41, 1, 15, 1, 'Uretero ureterostomía término terminal, a ureter nativo.\nPor estenosis fibrosa ureteral por hiperplasia fibrovascular del\ncorion.', 0),
(250, 112, '2008-08-25', 16, 1, 0, 0, '', 0),
(251, 112, '2008-08-25', 41, 1, 0, 0, '', 0),
(252, 112, '2009-01-13', 48, 0, 0, 1, '', 0),
(253, 112, '2009-01-30', 41, 1, 3, 1, 'Fiebre, ascenso de creatinina. No foco. Mejora FR alta', 0),
(254, 113, '2008-09-02', 52, 1, 0, 0, '', 0),
(255, 113, '2008-09-02', 16, 1, 0, 0, '', 0),
(256, 113, '2008-09-22', 43, 1, 33, 1, 'Enterobacter multiresistente solo sensible a Imipenem', 0),
(257, 113, '2008-09-22', 41, 1, 33, 1, 'Eco, TAC c/contrate coleccion 17 x 10 que el 27/09  drena \nespontaneamente  x HQ. Es orina, conducta SV a permanencia\nCentello no fuga. El 10/10/08 se retira SV ', 0),
(258, 113, '2008-10-15', 41, 1, 33, 1, 'Drena espontaneamente por HQ linfa', 0),
(259, 113, '2008-09-22', 37, 1, 33, 1, 'Hipoparatiroidismo postquirurgico', 0),
(260, 113, '2008-10-01', 48, 1, 33, 1, 'Se diagnostica por Ag pp65 solicitada de rutina', 0),
(261, 113, '2008-11-02', 45, 1, 28, 1, 'Trombosis de FAV con cultivo de FAV y 8 HC esteriles. \nSe planteo Coxiella Burnetti IgM+ en noviembre y dic luego de\nfinalizado tratamiento', 0),
(262, 113, '2008-11-06', 48, 1, 28, 1, 'Fiebre Trombosis de FAV Ag pp65+', 0),
(263, 113, '2008-11-13', 49, 1, 28, 1, 'Coxiella Burnetti asociada a CMV predisponen trombosis FAV\nNo se aisló pero los Ac IgM+ en nov y dic. Ac IgG negativos', 0),
(264, 113, '2008-11-15', 51, 1, 28, 1, 'paralisis del VI par del ojo derecho. \nPlanteo toxicidad por drogas CyA + Valixa\nRNM (fiebre+cefalea´+plejia) normal', 0),
(265, 114, '2008-10-22', 41, 1, 0, 0, '', 0),
(266, 114, '2008-10-22', 52, 1, 0, 0, '', 0),
(267, 114, '2008-12-08', 41, 1, 15, 1, '10/12 nefrostomia percutanea -- pielografia anterograda \nestenosis ureteral\n17/12 Reanastomosis ureteroureteral termino terminal c/dobleJ\nReanastomosis uretero-ureteral a U propio\nEventracion. Cierre pared sobre malla.\nSe retira sonda vesical a los 5 dias\nSe retira pig tail 6/4/09', 0),
(268, 114, '2008-10-22', 41, 1, 0, 0, '', 0),
(269, 114, '2009-01-26', 43, 1, 7, 1, 'Fiebre intermitente s/foco. UC-,HC-,Agpp65 -,\nVES 120,PCR 77, FA 770\nFBC, LBA, mielocultivo con cultivo para BK\nTAC abd pelvica no complicaciones quistes\nEco TE negativo para EI.\nImipenem x 21 dias', 0),
(270, 115, '2008-10-21', 41, 1, 0, 0, 'Fuga urinaria', 0),
(271, 115, '2008-10-20', 16, 1, 0, 0, '', 0),
(272, 115, '2008-10-20', 41, 1, 0, 0, 'Caida de Hb de 11.1 a 9.5', 0),
(273, 115, '2008-10-24', 41, 1, 0, 0, 'Se diagnostica en forma diferida, en el ingreso de diciembre', 0),
(276, 115, '2009-01-05', 41, 1, 17, 1, 'IR+leucop Susp Valixa Clinfocele estafilo coag -\n3d Ampi3d TMT SMX (susp x leucop)\nTAC c/contraste\n12/1 IRA+fiebre+rinitis+diarrea c/sg\nHC- UC- linfaC- CoproC- Panel viral resp/digest-\n12d Cipro+Ampi Sulbac.Mejora', 0),
(277, 115, '2008-12-30', 41, 1, 2, 1, 'PBR.\nPuncion linfocele de 500cc. Cultivo + a estafilo coag -.', 0),
(278, 116, '2008-10-20', 41, 1, 0, 0, 'Descenso Hb de 9 a 7.8. No se trata ni se repone', 0),
(279, 116, '2008-10-20', 16, 1, 0, 0, '', 0),
(280, 117, '2008-11-01', 11, 1, 0, 0, 'Ya consignado RA en PBR 1° mes', 0),
(281, 117, '2008-10-26', 52, 1, 0, 0, '', 0),
(282, 117, '2008-10-26', 20, 1, 0, 0, 'Ara + Amlodipina', 0),
(283, 117, '2008-10-26', 51, 1, 0, 0, 'paresi 4/5 cuadriceps derecho + hipoestesia L3L4 y abolicion\nROT patelar 2° a compromiso nervio femoral superficial', 0),
(284, 117, '2008-10-25', 58, 1, 0, 0, 'Portadora de EDP nasal', 0),
(285, 117, '2008-11-07', 59, 1, 0, 0, 'Recibe Ampicilina por 20 dias', 0),
(286, 117, '2008-11-12', 60, 1, 0, 0, ' Durante el trasplante se había lavado el ureter propio \ncon solución de amikacina\nPionefrosis de riñon propio\nPipe-Tazo x 10 días', 0),
(287, 119, '2008-11-06', 52, 1, 0, 0, 'Descenso Hb de 9.2 a 6.8', 0),
(288, 119, '2008-11-06', 16, 1, 0, 0, '', 0),
(289, 119, '2008-11-05', 41, 1, 0, 0, 'Obstruccion de la SV por coagulos. Se coloca SV 3 vias y lavado', 0),
(290, 120, '2008-11-07', 52, 1, 0, 0, 'Descenso de Hb 10.6 a 8.7', 0),
(291, 120, '2009-01-19', 47, 1, 0, 0, '', 0),
(292, 120, '2009-01-19', 48, 1, 11, 1, 'leucopenia 15/1 Ag65+,Valixa\n20/1 PCR-,28/1Ag65- Mejora\nPlanteo Infeccion x herpes virus 6 o 7', 0),
(293, 120, '2009-01-10', 47, 1, 8, 1, '10/1 Ingresa Tacuarembo Fiebre, leucopenia Exudado faringeo +. \nHC- UC- Mejora fiebre, empeora leucopenia.\nPase a HE', 0),
(294, 121, '2008-11-21', 41, 1, 0, 0, 'Dehiscencia de la herida', 0),
(295, 121, '2008-11-13', 30, 1, 0, 0, '', 0),
(296, 121, '2008-11-21', 45, 1, 0, 0, '', 0),
(297, 121, '2008-12-05', 41, 1, 0, 0, 'hasta 17/12 persisten niveles altos FKp, \ncon aumento de BT y GGT', 0),
(298, 121, '2008-12-19', 43, 1, 0, 0, 'Pseudomona + E Coli multisensible\nImipenem del 22/12 al 07/1/09', 0),
(299, 121, '2009-01-03', 60, 1, 0, 0, '', 0),
(300, 121, '2009-01-08', 48, 1, 0, 0, '', 0),
(301, 121, '2009-01-08', 41, 1, 0, 0, 'Se plantea contaminante. No se trata', 0),
(302, 121, '2009-01-12', 58, 1, 0, 0, 'Se plantea P Carini, no se investiga en LBA. Mejora con\n80 mg prednisona + TMP SMX', 0),
(303, 121, '2009-01-15', 46, 1, 0, 0, 'Candida', 0),
(304, 121, '2009-01-23', 61, 1, 0, 0, '', 0),
(305, 121, '2009-02-01', 57, 1, 0, 0, '', 0),
(306, 121, '2009-01-29', 41, 1, 0, 0, 'Se suspendio Valixa y Bactrim diario', 0),
(307, 121, '2008-12-31', 41, 1, 0, 0, 'Se HD. Por infeccion se suspende MMF y FK', 0),
(308, 121, '2009-02-28', 41, 1, 49, 1, 'Oliguria, edema generalizado, edema pulmonar, \nlesiones ampollares en ambos MMII. \nHD desde el 28/2 al 23/3/09. 10 dias antes se plantea \ncompromiso SNC por vasculitis y se aumenta prednisona\na dosis plena \n', 0),
(309, 121, '2009-03-03', 3, 1, 48, 1, 'Vasculitis leucocitoclastica por biopsia de piel.\nSe aumenta Prednisona. Se susp MMF y FK', 0),
(310, 121, '2009-03-01', 45, 1, 48, 1, 'Estafilo coag-MetiR Vanco+Rifampicina', 0),
(311, 121, '2009-03-01', 47, 1, 48, 1, '', 0),
(312, 121, '2009-03-21', 43, 1, 48, 1, '', 0),
(313, 121, '2009-03-11', 46, 1, 48, 1, 'Candida Guillemoni.\nRecibe Fluconazol i/v a doble dosis y luego v/o. No se suspende', 0),
(314, 121, '2009-03-25', 48, 1, 48, 1, 'PCR CMV +', 0),
(315, 121, '2009-03-13', 3, 1, 48, 1, 'Inestabilidad, bradipsiquia, depresion conciencia, confusion.\nTAC lesion pequeño vaso, PL normal\nCultivos negativos\nDiag + Vasculitis SNC\n', 0),
(316, 121, '2009-04-01', 41, 1, 48, 1, 'Se controla evolucion\n\n', 0),
(317, 121, '2009-04-07', 43, 1, 48, 1, 'Exudado vaginal', 0),
(318, 121, '2009-04-14', 42, 1, 48, 1, 'El 16/4 NAg lobulo superior derecho. Con AP A Baumani y\ndesarrollo de Gram neg en HC del 14/4 se inicia polimixina i/v\nSepsis. Fallece al dia siguiente Shock refractario', 0),
(319, 122, '2008-12-17', 52, 1, 0, 0, '', 0),
(320, 122, '2008-12-16', 16, 1, 0, 0, '', 0),
(322, 122, '2008-12-30', 65, 0, 0, 1, 'multisensible', 0),
(323, 67, '2006-09-11', 41, 1, 5, 1, 'IRA obstructiva nefrostomia hasta 18/11/06', 0),
(324, 67, '2007-01-15', 45, 1, 12, 1, 'Chucho al lavar cateter peritoneal. Se retira CDP 18/1/07', 0),
(325, 67, '2007-11-05', 61, 1, 30, 1, 'Piohidronefrosis de riñon der propio PQR', 0),
(326, 67, '2007-11-15', 41, 1, 30, 1, 'Nefrectomia riñon propio', 0),
(327, 67, '2007-11-16', 41, 1, 30, 1, 'Hematoma de lecho Q, 8 vol GR', 0),
(328, 123, '2008-12-16', 16, 1, 0, 0, 'Amlodipina+Valsartan', 0),
(329, 124, '2009-01-14', 41, 1, 0, 0, 'Descenso Hb 11.4 a 9.1', 0),
(330, 124, '2009-02-27', 48, 1, 16, 1, '', 0),
(331, 124, '2009-02-27', 61, 1, 16, 1, 'Diagnostico clinico. Se trata por 1 mes', 0),
(332, 124, '2009-02-27', 41, 1, 16, 1, '', 0),
(333, 124, '2009-02-27', 41, 1, 16, 1, 'IRA multifactorial Tx CyA+Prostatitis', 0),
(334, 124, '2009-04-06', 41, 0, 0, 1, 'Valixa+MMF se suspende.GB 1150 Se recupera en 7 dias', 0),
(335, 123, '2008-12-24', 41, 0, 0, 1, 'Hiperleucocitosis mantenida por 1 mes s/d+', 0),
(336, 125, '2009-02-21', 16, 1, 0, 0, '', 0),
(337, 125, '2009-02-21', 52, 1, 0, 0, 'Descenso de Hb 11.9 a 9.8', 0),
(338, 125, '2009-04-28', 67, 0, 0, 1, '', 0),
(339, 126, '2009-02-13', 53, 1, 0, 0, 'Descenso 10.7 a 8.5', 0),
(340, 126, '2009-02-13', 20, 1, 0, 0, 'Amlodipina+Valsartan+metoprolol', 0),
(341, 126, '2009-02-17', 20, 1, 0, 0, 'Prot u de hasta 12 gr/d', 0),
(342, 126, '2009-03-03', 43, 1, 0, 0, 'IU asintomatica. Meropenem x 9 dias', 0),
(343, 126, '2009-03-19', 43, 1, 8, 1, '', 0),
(344, 126, '2009-03-18', 48, 1, 8, 1, 'Agpp65 + anticipado', 0),
(345, 127, '2009-04-04', 65, 1, 0, 0, '', 0),
(346, 127, '2009-03-26', 52, 1, 0, 0, 'Descenso Hb 13.4 a 7.8', 0),
(347, 127, '2009-03-26', 16, 1, 0, 0, '', 0),
(348, 67, '2006-05-09', 52, 1, 0, 0, '', 0),
(349, 67, '2006-05-10', 16, 1, 0, 0, '', 0),
(350, 67, '2006-06-16', 11, 1, 0, 0, 'PBR RA', 0),
(351, 67, '2007-11-05', 41, 1, 30, 1, 'Requiere HD,  ingresando el 29/12/07 a HDC', 0),
(352, 128, '2009-03-20', 41, 1, 0, 0, 'NTA', 0),
(353, 128, '2009-03-30', 11, 1, 0, 0, 'Ecodopler aumento resistencias. OA. No PBR', 0),
(354, 128, '2009-03-20', 41, 1, 0, 0, '21/3 se opera. Doble malla', 0),
(355, 128, '2009-04-09', 41, 1, 0, 0, 'dehiscencia 2 puntos herida Q', 0),
(356, 128, '2009-04-09', 41, 1, 0, 0, '', 0),
(357, 128, '2009-04-18', 66, 1, 0, 0, 'Proteus mirabilis ceftriaxona por 12 dias', 0),
(358, 128, '2009-04-20', 45, 1, 0, 0, 'VAnco 1,5 c/48 hs 22/4 al 2/5', 0),
(359, 128, '2009-03-16', 52, 1, 0, 0, 'Caida Hb 10.7 a 7.7', 0),
(360, 129, '2009-03-21', 41, 1, 0, 0, '', 0),
(361, 129, '2009-03-31', 11, 1, 0, 0, 'RA Banff IIA', 0),
(362, 129, '2009-04-02', 41, 1, 0, 0, '', 0),
(363, 129, '2009-03-18', 52, 1, 0, 0, '', 0),
(364, 129, '2009-04-02', 41, 1, 0, 0, 'Macrohematuria. Cistoscopia Vejiga de lucha', 0),
(365, 129, '2009-03-19', 15, 1, 0, 0, '', 0),
(366, 129, '2009-04-06', 43, 1, 0, 0, 'IU desarrolla 2 germenes sensibles Meropenem', 0),
(367, 129, '2009-04-10', 43, 1, 0, 0, 'IU desarrolla 2 germenes sensibles Meropenem', 0),
(368, 109, '2008-07-18', 67, 1, 0, 0, 'P fecaloidea por sobredist ciego', 0),
(369, 109, '2008-07-30', 43, 1, 0, 0, 'LBA cultiva pseudomona', 0),
(370, 109, '2008-08-30', 42, 1, 0, 0, 'Ps multiresistente', 0),
(371, 109, '2008-08-13', 43, 1, 0, 0, '', 0),
(372, 109, '2008-08-17', 43, 1, 0, 0, '', 0),
(373, 109, '2008-09-10', 70, 1, 0, 0, 'Fusidin local', 0),
(374, 109, '2008-09-14', 69, 1, 0, 0, '', 0),
(375, 109, '2008-07-21', 11, 1, 0, 0, 'no PBR', 0),
(376, 109, '2008-08-07', 70, 1, 0, 0, '28 GR  9 plasma 10 alb x sangrado colon', 0),
(377, 2, '2009-01-02', 41, 1, 15, 1, 'Tumor cuello utero grado 3, evadido\nWerthein Meig en abril\n', 0),
(378, 3, '2002-09-02', 40, 1, 7, 1, '', 0),
(379, 4, '2001-02-15', 66, 1, 0, 0, 'ceftazidime+gentamicina x 10 d', 0),
(380, 131, '2009-04-10', 16, 1, 0, 0, '', 0),
(381, 131, '2009-04-17', 70, 1, 0, 0, 'cefaleas tensionales ansioliticos', 0),
(382, 131, '2009-04-10', 52, 1, 0, 0, 'Caida Hb 11.2 a 7.4', 0),
(383, 5, '2001-03-10', 11, 1, 0, 0, '3 bolos MP mejora. PBR en blanco', 0),
(384, 6, '2001-06-28', 11, 1, 0, 0, '', 0),
(385, 8, '2001-12-20', 43, 1, 30, 1, '', 0),
(386, 8, '2001-12-20', 8, 1, 30, 1, '', 0),
(387, 9, '2002-07-11', 48, 1, 20, 1, 'Ganciclovir 15 d i/v 10 d v/o', 0),
(388, 9, '2005-05-10', 70, 1, 7, 1, '', 0),
(389, 9, '2003-10-02', 71, 1, 7, 1, '', 0),
(390, 9, '2004-08-24', 70, 1, 15, 1, 'IAM no Q', 0),
(391, 9, '2004-08-24', 70, 1, 20, 1, '', 0),
(392, 9, '2001-11-15', 66, 1, 0, 0, 'Ex nasal al ingreso', 0),
(393, 9, '2003-08-07', 66, 1, 30, 1, 'Nefrostomia derivacion', 0),
(394, 9, '2003-09-02', 45, 1, 20, 1, '', 0),
(395, 9, '2005-03-08', 45, 1, 8, 1, '', 0),
(396, 9, '2003-07-17', 41, 1, 15, 1, 'por fibrosis ureter\nNefrostomia derivacion', 0),
(397, 9, '2004-08-24', 46, 1, 15, 1, 'Muguet bucal', 0),
(398, 9, '2005-03-08', 41, 1, 7, 1, 'vomitos, dehidratacion', 0),
(399, 9, '2004-12-28', 41, 1, 7, 1, 'Vomitos diarrea deshidratacion Peso 7 kg menos', 0),
(400, 21, '2003-05-26', 41, 1, 0, 0, 'Recidiva HFyS', 0),
(401, 21, '2004-03-05', 39, 1, 25, 1, '', 0),
(402, 21, '2004-03-05', 41, 1, 25, 1, '', 0),
(403, 21, '2004-03-05', 41, 1, 25, 1, 'Anemia+leucopenia PBO medula hipocelular (dishematopoiesis)', 0),
(404, 21, '2004-06-25', 43, 1, 30, 1, '', 0),
(405, 21, '2004-06-25', 43, 1, 30, 1, 'Acidosis, fiebre, IRA, forunculo narina der', 0),
(406, 21, '2004-06-25', 41, 1, 30, 1, 'IRA + sepsis en S No', 0),
(407, 21, '2004-06-25', 41, 1, 30, 1, 'Serositis por S No 3/7 toracocentesis', 0),
(408, 21, '2004-06-25', 52, 1, 30, 1, 'Ht 15% en sepsis+S No', 0),
(409, 21, '2004-06-25', 41, 1, 30, 1, 'GB 2000 en sepsis+S No', 0),
(410, 40, '2009-03-28', 41, 1, 0, 0, 'Dehiscencia', 0),
(411, 40, '2005-03-10', 41, 1, 0, 0, 'En 2 oportunidades al retirar SV', 0),
(412, 40, '2005-03-06', 52, 1, 0, 0, '4 vol GR', 0),
(413, 40, '2005-08-15', 41, 0, 0, 1, '', 0),
(414, 40, '2005-03-11', 15, 0, 0, 1, '', 0),
(415, 40, '2005-04-02', 41, 0, 0, 1, 'No fue tratado. Fallece causa CV', 0),
(416, 72, '2006-07-07', 11, 1, 0, 0, '4 bolos MP y cambio a FK.\nCr pasa de 3.19 a 1.79', 0),
(417, 72, '2009-06-16', 52, 1, 0, 0, 'Caida Hb 13.9 a 9.7', 0),
(418, 72, '2006-06-16', 15, 1, 0, 0, '', 0),
(419, 72, '2006-07-13', 50, 1, 0, 0, '', 0),
(420, 33, '2004-05-14', 71, 0, 0, 1, '', 0),
(421, 33, '2004-04-25', 15, 1, 0, 0, '', 0),
(422, 33, '2004-04-26', 52, 1, 0, 0, '', 0),
(423, 33, '2004-12-15', 59, 0, 0, 1, 'Cultivo expectoracion', 0),
(424, 33, '2004-07-27', 41, 1, 25, 1, 'Drena 4 lts linfa, se deja iodofon y drenaje aspirativo x 15 d', 0),
(425, 33, '2004-08-03', 20, 1, 25, 1, 'Cefaleas PA 190/110', 0),
(426, 33, '2005-04-21', 41, 1, 8, 1, '', 0),
(427, 33, '2004-09-20', 7, 1, 15, 1, 'TM 3 bolos MP+FK', 0),
(428, 33, '2005-06-06', 8, 1, 44, 1, '5 bolos MP+10 d OKT3+ 5 HD\nProfilaxis Valixa + TMT SMX', 0),
(429, 33, '2005-05-23', 66, 1, 10, 1, 'Internada en Sanatorio Americano', 0),
(430, 27, '2003-09-05', 15, 1, 0, 0, 'HTA severa atenolol+enalapril+nifedin', 0),
(431, 27, '2003-10-06', 41, 0, 0, 1, '', 0),
(432, 81, '2006-10-12', 41, 1, 0, 0, 'TAC gran hematoma retroperitoneal y perirenal 10x6x16', 0),
(433, 81, '2006-10-13', 52, 1, 0, 0, 'Anemia aguda Ht 15% 5 GR', 0),
(434, 81, '2006-10-12', 11, 1, 0, 0, '1 bolo MP, un dia despues transplantectomia x anemia aguda', 0),
(435, 39, '2004-12-18', 52, 1, 0, 0, 'Ht 12.5%. 1 vol GR', 0),
(436, 39, '2004-12-18', 16, 1, 0, 0, '', 0),
(437, 39, '2004-12-16', 41, 1, 0, 0, '6 HD', 0),
(438, 39, '2005-03-05', 16, 1, 10, 1, 'HTA severa  rotacion riñon', 0),
(439, 39, '2005-03-05', 41, 1, 10, 1, 'IRA + HTA severa \nAngiografia "estenosis"\nreposo. mejora\nRepite Angio mejor=rotacion espontanea riñon', 0),
(440, 39, '2005-09-09', 11, 1, 10, 1, 'IRA MP+FK', 0),
(441, 39, '2008-04-16', 41, 1, 2, 1, 'PBR', 0),
(442, 39, '2008-04-16', 52, 1, 2, 1, '', 0),
(443, 39, '2008-11-17', 66, 1, 10, 1, 'NA der HC neg', 0),
(444, 39, '2008-11-17', 52, 1, 10, 1, 'Recibe 1 vol GR', 0),
(445, 39, '2008-11-17', 41, 1, 10, 1, '', 0),
(446, 39, '2008-12-18', 52, 1, 20, 1, 'Agravacion anemia x hemoperitoneo 8 vol GR', 0),
(447, 39, '2008-12-18', 41, 1, 20, 1, 'Hemoperitoneo trasPBR CTI, laparotomia, 8 vol GR', 0),
(448, 39, '2008-12-18', 70, 1, 20, 1, 'HTA severa CTI Goteo Tridil', 0),
(449, 39, '2008-12-28', 11, 1, 20, 1, '3 bolos de MP+1 bolo CicloF. No responde- plan HDC', 0),
(450, 39, '2008-12-16', 66, 1, 20, 1, '', 0),
(451, 39, '2008-12-22', 69, 1, 20, 1, 'Alergica a Vanco, se usa Genta', 0),
(452, 109, '2009-07-24', 41, 1, 0, 0, 'LBA A Baumani multiresistente. Colonización. \nSe trata c/nebulizaciones clorion', 0),
(453, 111, '2008-03-22', 46, 1, 21, 1, 'Fluconazol x 14 dias', 0),
(454, 111, '2008-07-31', 58, 0, 0, 1, 'Golondrino axila der, fiebre', 0),
(455, 111, '2008-08-13', 45, 1, 7, 1, 'drenaje golondrino izq y luego der', 0),
(456, 111, '2008-08-15', 45, 1, 7, 1, 'fallece con Insuf Resp+IRA+alt metabolicas', 0),
(457, 7, '2007-01-27', 30, 1, 3, 1, 'Hiperglicemia, deshidratación', 0),
(459, 7, '2006-02-23', 67, 1, 16, 1, 'Sind febril sin foco, UC-, HC-', 0),
(460, 7, '2005-03-28', 61, 1, 15, 1, 'Pielonefritis del injerto con IRA', 0),
(461, 7, '2005-03-04', 43, 1, 15, 1, 'bajo trat con cipro x IU a E Coli desarrolla Acinetob', 0),
(462, 7, '2005-03-28', 30, 1, 16, 1, 'Hiperglicemia en pielonefritis', 0),
(463, 14, '2002-05-17', 52, 1, 0, 0, 'Ht 19%', 0),
(464, 14, '2002-05-17', 15, 1, 0, 0, '', 0),
(465, 14, '2003-12-07', 64, 0, 0, 1, 'absceso dorso drenado, no mejora con Tto', 0),
(466, 14, '2004-02-02', 55, 1, 35, 1, 'cultivo pus absceso dorso, hueso y orina + xa BK\nTriple plan IRA', 0),
(467, 14, '2004-02-02', 41, 1, 35, 1, 'TBC hueso y urológica IRA', 0),
(468, 14, '2004-06-07', 7, 1, 25, 1, 'Elementos de cronicidad', 0),
(469, 14, '2002-07-29', 67, 0, 0, 1, '', 0),
(470, 14, '2002-08-28', 59, 0, 0, 1, '', 0),
(471, 103, '2008-03-03', 70, 1, 0, 0, 'trast de la crasis, sangrado en napa', 0),
(472, 90, '2007-03-07', 52, 1, 0, 0, 'Caida de Hb 11a 6.5. Requirio pos 2° TQ 1 vol GR', 0),
(473, 90, '2007-04-02', 45, 1, 0, 0, '', 0),
(474, 90, '2007-04-09', 43, 1, 0, 0, '', 0),
(475, 90, '2007-04-24', 70, 1, 0, 0, 'fallece en CTI', 0),
(476, 130, '2009-06-20', 60, 1, 15, 1, '', 0),
(477, 130, '2009-06-20', 60, 1, 15, 1, '', 0),
(478, 130, '2009-06-20', 60, 1, 15, 1, '', 0),
(479, 130, '2009-04-16', 41, 1, 0, 0, 'por HQ', 0),
(480, 130, '2009-04-16', 30, 1, 0, 0, '', 0),
(481, 130, '2009-04-15', 52, 1, 0, 0, 'Caida Hb de 13.1 a 7.7', 0),
(482, 130, '2009-04-16', 16, 1, 0, 0, '', 0),
(483, 130, '2009-04-20', 37, 1, 0, 0, 'Ca y Vit D', 0),
(484, 130, '2009-04-30', 45, 1, 0, 0, 'Vanci inicio y luego Ampicilina.\nBajo trat con TG', 0),
(485, 130, '2009-06-20', 41, 1, 15, 1, 'IRA con fiebre. Bronquitis. Inf H Quirurgica', 0),
(486, 132, '2009-05-17', 41, 1, 0, 0, '', 0),
(487, 132, '2009-05-25', 41, 1, 0, 0, 'Eco, centello y TAC no la diagnostican', 0),
(488, 132, '2009-05-24', 60, 1, 0, 0, '', 0),
(489, 132, '2009-05-24', 61, 1, 0, 0, '', 0),
(490, 132, '2009-06-06', 41, 1, 0, 0, 'no se trata, se plantea colonización', 0),
(491, 132, '2009-06-01', 45, 1, 0, 0, '', 0),
(492, 132, '2009-06-10', 48, 1, 0, 0, 'Ag pp 65 + Trat preemptive', 0),
(493, 132, '2009-05-18', 15, 1, 0, 0, '', 0),
(494, 132, '2009-05-18', 52, 1, 0, 0, 'Caida Hb 11.1 a 7.2', 0),
(495, 132, '2009-06-20', 43, 1, 15, 1, 'Foco de condensacion basal der. HC + enterobacter', 0),
(496, 10, '2001-12-23', 41, 1, 0, 0, 'linfocele en polo superior', 0),
(497, 10, '2002-04-11', 61, 1, 7, 1, '13/4 se retira cateter', 0),
(498, 10, '2003-04-02', 41, 1, 7, 1, 'IRA', 0),
(499, 10, '2003-04-02', 41, 1, 7, 1, 'Tx por CyA', 0),
(500, 11, '2002-12-26', 52, 1, 0, 0, '', 0),
(501, 11, '2008-12-26', 16, 1, 0, 0, '', 0),
(502, 12, '2002-01-20', 61, 1, 0, 0, '', 0),
(503, 12, '2002-01-20', 70, 1, 0, 0, 'Candidiasis orofaringea micostatin local', 0),
(504, 12, '2002-02-08', 41, 1, 0, 0, 'Adenoma de prostata RTU tecnica Orandi', 0),
(505, 12, '2002-01-12', 52, 1, 0, 0, '', 0),
(506, 12, '2002-01-12', 15, 1, 0, 0, '', 0),
(507, 12, '2002-02-02', 41, 1, 0, 0, 'IRA asociada a peritonitis medica x enterococo', 0),
(508, 13, '2002-03-12', 15, 1, 0, 0, '', 0),
(509, 15, '2002-04-17', 70, 1, 0, 0, 'Taquicardia nodal Amiodarona', 0),
(510, 15, '2002-05-23', 41, 1, 7, 1, 'IRA', 0),
(511, 17, '2002-11-05', 52, 1, 0, 0, '', 0),
(512, 16, '2002-11-06', 52, 1, 0, 0, '', 0),
(513, 16, '2002-11-06', 16, 1, 0, 0, '', 0),
(514, 18, '2003-01-10', 41, 1, 0, 0, 'Bolos MP', 0),
(515, 18, '2003-01-02', 22, 1, 0, 0, 'Nifedipina + atenolol', 0),
(516, 18, '2003-01-01', 52, 1, 0, 0, '', 0),
(517, 18, '2003-11-21', 41, 1, 24, 1, 'By pass iliaco ext a art renal con safena externa', 0),
(518, 18, '2003-03-04', 22, 0, 0, 1, 'estenosis de art renal', 0),
(519, 18, '2004-12-30', 67, 1, 7, 1, '', 0),
(520, 18, '2004-12-30', 41, 1, 7, 1, 'IRA vinculado a diarrea', 0),
(521, 20, '0005-07-04', 31, 1, 10, 1, 'Al alte instala hemiplejia que retrocede sin secuelas', 0),
(522, 20, '2006-11-01', 70, 0, 0, 1, '', 0),
(523, 20, '2007-05-01', 41, 0, 0, 1, 'IU asintomática No se trata', 0),
(524, 20, '2008-11-01', 70, 1, 5, 1, 'Deshidratación IRA', 0),
(525, 20, '2008-11-01', 70, 1, 5, 1, 'Cr p 3.5 en contexto deshidratacion x enterocolitis', 0),
(526, 20, '2007-05-01', 41, 0, 0, 1, 'Adenoma de prostata', 0),
(527, 20, '2008-02-01', 70, 0, 0, 1, 'Fractura de codo. Fijación esternas', 0),
(528, 20, '2003-04-03', 22, 1, 0, 0, '', 0),
(529, 22, '2006-01-01', 66, 1, 15, 1, 'NAg con IRA. Alta Cr p 1.98', 0),
(530, 22, '2005-04-22', 61, 1, 5, 1, 'deshidratacion IRA', 0),
(531, 22, '2005-04-22', 70, 1, 5, 1, '', 0),
(532, 22, '2006-03-02', 66, 1, 18, 1, 'HC con E Coli', 0),
(533, 22, '2006-03-02', 70, 1, 18, 1, '', 0),
(534, 22, '2006-03-02', 22, 1, 18, 1, 'Atenolol+amlodipina+ diuretico', 0),
(535, 22, '2009-05-01', 66, 1, 20, 1, 'Internado en hosp Italiano', 0),
(536, 13, '2009-07-01', 41, 1, 15, 1, 'aneurisma del cayado Aortico, trat Q', 0),
(537, 66, '2009-07-03', 66, 1, 15, 1, 'NA ARM', 0),
(538, 29, '2008-12-02', 70, 1, 10, 1, 'Neo colon ascendente con metastasis hepaticas', 0),
(539, 29, '2004-01-20', 56, 1, 0, 0, 'Adenoma de prostata RTU', 0),
(540, 24, '2003-07-05', 41, 1, 0, 0, '', 0),
(541, 25, '2003-08-30', 43, 1, 12, 1, 'Pielonefritis con fiebre 40°', 0),
(542, 25, '2005-11-28', 58, 1, 14, 1, '', 0),
(543, 25, '2006-02-26', 43, 1, 9, 1, 'Ingresa por diarrea de 15 dias evolución', 0),
(544, 25, '2006-10-01', 65, 1, 10, 1, '', 0),
(545, 25, '2006-10-02', 41, 1, 10, 1, 'IRA + IU a Klebsiella', 0),
(546, 25, '2005-12-01', 11, 1, 15, 1, 'Proteinuria + IRA', 0),
(547, 25, '2006-11-28', 41, 1, 9, 1, 'IRA +IU a Klebsiella', 0),
(548, 25, '2006-11-28', 43, 1, 8, 1, '', 0),
(549, 25, '2007-03-06', 45, 1, 30, 1, 'Infeccion Escara sacra. Se trata y se opera Cierre', 0),
(550, 25, '2007-03-06', 41, 1, 30, 1, 'Escara sacra. Se realiza resección y cierre con \ncolgajo (rotación de piel de muslo)', 0),
(551, 25, '2007-03-20', 43, 1, 30, 1, '', 0),
(552, 25, '2007-07-17', 43, 1, 8, 1, '', 0),
(553, 25, '2007-06-04', 60, 1, 8, 1, '', 0),
(554, 25, '2008-02-09', 41, 1, 6, 1, 'IRA asociada a infeccion escara sacra', 0),
(555, 25, '2008-02-09', 64, 1, 8, 1, 'Infeccion de escara sacra', 0),
(556, 28, '2003-10-02', 31, 1, 0, 0, 'Caida Hb 12.8 a 6.8', 0),
(557, 28, '2004-03-01', 67, 0, 0, 1, 'IU reiteradas. Si son asintomáticas no se tratan', 0),
(558, 29, '2004-01-02', 30, 1, 0, 0, 'Hiperglicemia postoperatorio inmediato 4,35', 0),
(559, 29, '2004-02-04', 70, 0, 0, 1, '', 0),
(560, 29, '2006-02-01', 71, 1, 7, 1, '', 0),
(561, 29, '2004-01-28', 70, 1, 10, 1, 'Fib Auricular tratada con Amiodarona', 0),
(562, 29, '2004-01-18', 45, 1, 10, 1, '', 0),
(563, 133, '2009-05-25', 59, 1, 0, 0, '', 0),
(564, 133, '2009-05-25', 70, 1, 0, 0, 'Ex nasal EDP=Portadora, Mupirocina local', 0),
(565, 133, '2009-05-25', 16, 1, 0, 0, '', 0),
(566, 133, '2009-05-25', 52, 1, 0, 0, 'Caida Hb 12,1 a 10.1', 0),
(567, 134, '2009-06-01', 65, 1, 0, 0, '', 0),
(568, 134, '2009-05-26', 70, 1, 0, 0, 'Ex nasal EDO=portadora Mupirocina local', 0),
(569, 134, '2009-05-26', 52, 1, 0, 0, 'Caida Hb 13 a 10', 0),
(570, 135, '2009-06-04', 70, 1, 0, 0, 'Orificio salida cateter peritoneal Fusidin local', 0),
(571, 135, '2009-06-04', 41, 1, 0, 0, '5 HD', 0),
(572, 135, '2009-06-04', 37, 1, 0, 0, 'Ca y Vit D', 0),
(573, 135, '2009-06-04', 70, 1, 0, 0, 'Hipotension Dopa+SF', 0),
(574, 135, '2009-06-04', 52, 1, 0, 0, 'Caida Hb 13.3 a 7.8', 0),
(575, 136, '2009-06-05', 52, 1, 0, 0, 'Caida Hb 14.7 a 9.2', 0),
(576, 137, '2009-06-18', 70, 1, 0, 0, 'Ex nasal-- ac fusidico local', 0),
(577, 137, '2009-06-18', 61, 1, 0, 0, 'UC previo TR Proteus mirabalis', 0),
(578, 137, '2009-06-19', 41, 1, 0, 0, 'linfa por drenaje abundante', 0),
(579, 137, '2009-06-23', 41, 1, 0, 0, 'ecografia y TAC', 0),
(580, 137, '2009-06-21', 70, 1, 0, 0, 'Hipertension intraabdominal por estreñimiento con IRA + caida\ndiuresis', 0),
(581, 138, '2009-06-24', 52, 1, 0, 0, 'Requirio 1 vol GR intraTQ', 0),
(582, 138, '2009-06-29', 41, 1, 0, 0, 'Dehiscencia de la herida. Alta con curaciones diarias', 0),
(583, 138, '2009-06-24', 65, 1, 0, 0, 'En Tratamiento por IU al TR. Se mantiene x 12 dias', 0),
(584, 139, '2009-06-12', 41, 1, 0, 0, '', 0),
(585, 139, '2009-06-12', 16, 1, 0, 0, '', 0),
(586, 139, '2009-06-21', 52, 1, 0, 0, 'Recibe 4 vol GR', 0),
(587, 139, '2009-06-11', 41, 1, 0, 0, '', 0),
(588, 139, '2009-07-11', 11, 1, 0, 0, 'Aumento tamaño renal, hematuria, HTA, febricula= RA\nNo PBR. 2 bolos MP', 0),
(589, 139, '2009-06-21', 66, 1, 0, 0, 'Pseudomona multisensible', 0),
(590, 139, '2009-07-07', 60, 1, 0, 0, 'Pipe-tazo + Vancomicina\n13/7 Fiebre Se cambia a Imipenem+Vancomicina+ Bacrim \npara PNC (LDH 1500 UI) + 3 bolos MP 500/día+ ARM', 0),
(591, 132, '2009-06-20', 43, 1, 15, 1, '', 0),
(592, 132, '2009-06-20', 43, 1, 15, 1, '', 0),
(593, 132, '2009-06-20', 43, 1, 15, 1, '', 0),
(594, 140, '2009-04-01', 66, 1, 0, 0, '', 0),
(595, 140, '2009-03-26', 70, 1, 0, 0, 'Portadora EDP Mupirocina local', 0),
(596, 140, '2009-03-26', 52, 1, 0, 0, 'Caida Ht 34.5 a 19 y Hb 11.8 a 6.4', 0),
(597, 140, '2009-03-26', 37, 1, 0, 0, '', 0),
(598, 140, '2009-03-26', 70, 1, 0, 0, 'Hiperglicemia que se corrige con dieta', 0),
(599, 32, '2006-11-01', 41, 1, 5, 1, 'hematuria, dolor, fiebre', 0),
(600, 34, '2005-04-07', 40, 1, 25, 1, '', 0),
(601, 34, '2005-03-23', 41, 1, 50, 1, 'Nefrostomia de derivación', 0),
(602, 34, '2005-04-20', 41, 1, 50, 1, 'Fibrosis ureter filiforme\nAnastomosis uretero-ureteral a U propio', 0),
(603, 35, '2004-08-05', 58, 1, 20, 1, 'Se plantea PNC', 0),
(604, 38, '2006-01-19', 61, 1, 8, 1, 'Enterocolitis con IRA Metronidazol+cipro', 0),
(605, 38, '2006-01-19', 41, 1, 8, 1, '', 0),
(606, 38, '2006-03-28', 41, 1, 3, 1, '', 0),
(607, 41, '2006-01-04', 76, 1, 10, 1, 'Azitromicina x 30 dias', 0),
(608, 42, '2005-05-01', 41, 1, 0, 0, 'Hipoalbuminemia severa 2ria a linforraquia mantenida', 0),
(609, 41, '2004-01-04', 41, 1, 10, 1, '', 0),
(610, 41, '2005-12-30', 70, 0, 0, 1, 'RI 110 con ES con pausa', 0),
(611, 44, '2005-04-21', 52, 1, 0, 0, 'Recibe 6 vol GR por sangrado en napa posTQ', 0),
(612, 44, '2005-06-30', 41, 1, 0, 0, 'Hipoalbuminemia severa (1.2) x linforraquia', 0),
(614, 44, '2005-05-21', 41, 1, 0, 0, 'cursando CMV', 0),
(615, 44, '2005-07-01', 43, 1, 20, 1, 'CTI Casmu', 0),
(616, 44, '2007-11-01', 58, 0, 0, 1, 'Eczema de oido', 0),
(617, 47, '2008-02-11', 41, 1, 5, 1, 'Deshidratacion vomitos', 0),
(618, 47, '2005-12-01', 41, 1, 5, 1, 'Deshidratacion, vomitos', 0),
(619, 51, '0007-12-09', 41, 1, 5, 1, 'Deshidratacion por diarrea', 0),
(620, 55, '2005-11-15', 30, 1, 0, 0, 'Hiperglicemia 7 gr/lt posTQ', 0),
(621, 55, '2006-01-15', 70, 1, 24, 1, 'En inf CMV. TM neupogen', 0),
(622, 55, '2005-11-15', 19, 1, 0, 0, '', 0),
(623, 55, '2005-11-15', 52, 1, 0, 0, '', 0),
(624, 55, '2006-01-09', 45, 1, 24, 1, 'lesion interglutea', 0),
(625, 55, '2006-01-16', 46, 1, 24, 1, '', 0),
(626, 55, '2006-01-09', 41, 1, 24, 1, 'Queda con SVP', 0),
(627, 55, '2006-01-15', 48, 1, 24, 1, 'Sind viral', 0),
(628, 59, '2006-03-05', 52, 1, 0, 0, '', 0),
(629, 59, '2006-04-09', 48, 1, 28, 1, 'neumonitis+IRA+leucopenia+cuadro abd', 0),
(630, 59, '2006-04-28', 11, 1, 28, 1, '', 0),
(631, 59, '2007-12-19', 11, 1, 5, 1, 'RA+RC', 0),
(632, 60, '2006-03-30', 52, 1, 0, 0, 'Caida Ht 40 a 20% x hematoma logia\nrecibio 8 vol GR + 3 plasma', 0),
(633, 60, '2006-03-26', 41, 1, 0, 0, 'Fuga U Orina x drenaje. Confirma D+  centello. TM conservador', 0),
(634, 60, '2006-04-10', 48, 1, 0, 0, '', 0),
(635, 60, '2006-04-05', 41, 1, 0, 0, '', 0),
(636, 60, '2006-04-20', 41, 1, 0, 0, 'Hipoalbuminemia severa (1.9) multifactorial', 0),
(637, 60, '2008-11-01', 41, 1, 2, 1, 'Suboclusion por bridas', 0),
(638, 60, '2008-12-01', 41, 1, 3, 1, 'Suboclusion por bridas tras trasgresion dietetica', 0),
(639, 60, '2009-01-09', 41, 1, 5, 1, 'Suboclusion x bridas', 0),
(640, 60, '2009-01-09', 41, 1, 5, 1, 'Cr 4.12 en cuadro suboclusivo', 0),
(641, 63, '2006-04-20', 30, 1, 0, 0, '', 0),
(642, 63, '2006-05-20', 16, 1, 0, 0, '', 0),
(643, 63, '2006-04-20', 52, 1, 0, 0, '', 0),
(644, 63, '2008-10-27', 41, 1, 15, 1, 'Cabeza femur der. Prótesis', 0),
(645, 64, '2006-04-22', 52, 1, 0, 0, 'Caida Hb 10 a 6.7', 0),
(646, 64, '2006-04-22', 16, 1, 0, 0, '', 0),
(647, 64, '2006-11-01', 45, 1, 3, 1, 'Orificio salida Cateter DPCA. Se retira\nVanco+ cipro', 0),
(648, 64, '2008-02-01', 61, 0, 0, 1, '', 0),
(649, 64, '2007-04-16', 31, 0, 0, 1, 'Verrugas multiples en manos', 0),
(650, 64, '2007-12-01', 76, 0, 0, 1, 'Tos irritativa durante 1 mes', 0),
(651, 66, '2006-05-02', 52, 1, 0, 0, 'Caida Hb 11.5 a 8.6', 0),
(652, 66, '2006-05-02', 15, 1, 0, 0, '', 0),
(653, 66, '2009-07-07', 70, 1, 40, 1, 'Cuadro 10 d evolución Epidemia H1N1\nIngreso CTI H Maciel. ', 0),
(654, 66, '2009-07-14', 70, 1, 35, 1, 'Durante ingreso CTI.ARM x NAg comunitaria', 0),
(655, 66, '2009-07-14', 41, 1, 35, 1, 'NAg complicada+Sepsis EDP\nRequiere HD', 0),
(656, 75, '2006-11-01', 67, 1, 3, 1, 'Ingresa por NAg comunitaria \nUnasyn+claritromicina', 0),
(657, 75, '2006-09-01', 41, 1, 10, 1, 'Fractura de pelvis. Protesis', 0),
(658, 75, '2006-07-22', 52, 1, 0, 0, 'Caida Hb 12 a 8.7', 0),
(659, 75, '2006-07-22', 16, 1, 0, 0, '', 0),
(660, 75, '2006-09-01', 61, 1, 3, 1, 'Cuadro viral', 0),
(661, 75, '2007-01-03', 70, 1, 5, 1, 'Ingresa a H Pasteur', 0),
(662, 68, '2006-05-08', 15, 1, 0, 0, '', 0),
(663, 68, '2006-05-08', 52, 1, 0, 0, 'Caida Hb 11.2 a 6.9', 0),
(664, 71, '2006-06-06', 41, 1, 0, 0, 'recambio SV 3 veces', 0),
(665, 71, '2006-06-06', 57, 1, 0, 0, 'Caida Hb 11.6 a 7.1', 0),
(666, 71, '2006-09-19', 43, 0, 0, 1, 'Amika x 3 d +Ertapenem x 10 d', 0),
(667, 71, '2006-10-02', 45, 0, 0, 1, 'Enterococo solo sensible a Vancomicina x 15 d', 0),
(668, 71, '2006-11-22', 79, 0, 0, 1, 'IU asintomatica', 0),
(669, 71, '2006-08-08', 43, 1, 10, 1, '', 0),
(670, 71, '2006-12-12', 43, 0, 0, 1, 'Fiebre recibe Meropenem x 10 d', 0),
(671, 71, '2007-01-11', 43, 0, 0, 1, 'Imipenem x 21 d', 0),
(672, 71, '2007-01-18', 43, 0, 0, 1, 'en UC bajo Imipenem\nse ajusta la dosis', 0),
(673, 71, '2007-03-27', 79, 0, 0, 1, 'Asintomatica no se trata', 0),
(674, 71, '2007-04-24', 66, 0, 0, 1, 'Ceftriaxona 2 gr x 15 d', 0),
(675, 71, '2007-05-08', 79, 0, 0, 1, 'UC control, bajo C 3°G, no se trata', 0),
(676, 71, '2007-07-17', 43, 0, 0, 1, 'Imipenem x 15 d', 0),
(677, 71, '2006-07-07', 43, 1, 15, 1, '', 0),
(678, 71, '2006-07-07', 48, 1, 15, 1, 'Leucopenia', 0),
(679, 71, '2007-08-29', 69, 1, 10, 1, 'Amika x 21 d control pico y valle', 0),
(680, 71, '2007-09-28', 41, 1, 5, 1, 'IRA', 0),
(681, 71, '2006-07-07', 70, 1, 20, 1, '4 dosis Neupogen\nAg pp65+', 0),
(682, 76, '2006-08-01', 52, 1, 0, 0, '', 0),
(683, 76, '2006-08-01', 20, 1, 0, 0, '+ Atenolol', 0),
(684, 76, '2006-08-22', 70, 1, 3, 1, 'IRA prerenal por deshidratación', 0),
(685, 76, '2006-09-19', 70, 1, 3, 1, 'IRA por IECA+ARAII+Deshidratacion+hipotension', 0),
(686, 76, '2008-12-01', 70, 1, 4, 1, 'Condiloma anal se opera', 0),
(687, 78, '2006-10-14', 59, 1, 10, 1, '', 0),
(688, 78, '2006-08-11', 52, 1, 0, 0, '', 0),
(689, 78, '2006-08-11', 16, 1, 0, 0, '', 0),
(690, 78, '2006-11-09', 70, 1, 15, 1, 'pandiveriticulitis (diarrea+sangre) sulfazalina+prednisona', 0),
(691, 78, '2006-11-07', 58, 1, 15, 1, 'FBC con LBA negativo', 0),
(692, 78, '2006-12-05', 11, 1, 15, 1, 'RA', 0),
(693, 85, '2006-12-20', 52, 1, 0, 0, '', 0),
(694, 85, '2006-12-20', 16, 1, 0, 0, '', 0),
(695, 85, '2008-07-21', 41, 1, 20, 1, 'Hematoma post punción', 0),
(696, 85, '2008-07-21', 11, 1, 20, 1, 'CDL  10 HD\nMP+TG 14 dias/12 dosis', 0),
(697, 85, '2008-08-23', 67, 1, 40, 1, 'en CTI Maldonado ARM', 0),
(698, 85, '2008-08-23', 41, 1, 40, 1, 'IRA con NAg a Neumococo (5 bolos MP 500)', 0),
(699, 85, '2008-09-04', 43, 1, 40, 1, 'K ocytoca. No se trata hasta 11/9 en que se inicia Imipenem', 0),
(700, 85, '2008-09-04', 43, 1, 40, 1, 'No se trata, en HE se repite UC(+) y se inicia Imipenem 11/9', 0),
(701, 85, '2008-09-20', 48, 1, 40, 1, '', 0),
(702, 87, '2006-12-25', 52, 1, 0, 0, 'Caida Hb de 13 a 11.7', 0),
(703, 87, '2006-12-25', 16, 1, 0, 0, '', 0),
(704, 88, '2007-01-26', 16, 1, 0, 0, '', 0),
(705, 88, '2007-01-26', 52, 1, 0, 0, 'Caida Hb 11.6 a 6.7', 0),
(706, 88, '2007-03-18', 41, 1, 2, 1, '', 0),
(707, 88, '2007-12-06', 71, 1, 13, 1, 'Herpes zoster en piel', 0),
(708, 89, '2007-02-23', 16, 1, 0, 0, '', 0),
(709, 89, '2007-02-23', 52, 1, 0, 0, 'Caida Hb 13.2 a 10.7', 0),
(710, 91, '2007-05-11', 41, 1, 0, 0, '', 0),
(711, 91, '2007-05-11', 70, 1, 0, 0, 'Hipotension y bradicardia posTQ x uso betabloqueantes', 0),
(712, 91, '2007-05-11', 52, 1, 0, 0, 'Caida Hb 13.5 a 8.4', 0),
(713, 92, '2007-05-12', 52, 1, 0, 0, 'Caida Hb 11.7 a 10.5', 0),
(714, 92, '2007-05-12', 16, 1, 0, 0, '', 0),
(715, 92, '2009-06-04', 58, 0, 0, 1, 'Panadizo mano', 0),
(716, 93, '2007-06-12', 31, 1, 0, 0, 'Portador protesis valvular Ao', 0),
(717, 93, '2007-06-12', 52, 1, 0, 0, 'Caida Hb 9.7 a 6.7. 2 vol GR', 0),
(718, 93, '2007-06-21', 41, 1, 0, 0, '', 0),
(719, 94, '2007-06-23', 52, 1, 0, 0, 'Caida Hb 12.1 a 6.5', 0),
(720, 95, '2007-08-30', 52, 1, 0, 0, 'Caida Hb 13.7 a 6.2', 0),
(721, 95, '2007-09-30', 16, 1, 0, 0, '', 0),
(722, 95, '2007-10-05', 43, 1, 7, 1, 'A partir IU (UC+)', 0),
(723, 95, '2007-10-05', 41, 1, 7, 1, 'Pielonefritis+IRA', 0),
(724, 95, '2007-12-03', 43, 1, 10, 1, 'Enterobacter cloacae', 0),
(725, 95, '2007-12-03', 41, 1, 10, 1, 'Pielonefritis + iRA', 0),
(726, 96, '2007-09-05', 52, 1, 0, 0, 'Caida Hb 13 a 9', 0),
(727, 96, '2007-09-05', 16, 1, 0, 0, 'Enalapril+amlodipina', 0),
(728, 96, '2007-11-19', 41, 1, 7, 1, 'Operada quiste de ovario B', 0),
(729, 96, '2008-03-11', 41, 1, 4, 1, 'Fiebre+adinamia+IRA. retrocede solo', 0),
(730, 96, '2009-03-30', 41, 1, 5, 1, '', 0),
(731, 111, '2007-09-04', 52, 1, 0, 0, 'Caida Hb 10.8 a 8.7', 0),
(732, 97, '2007-10-10', 41, 1, 0, 0, '', 0),
(733, 97, '2007-10-20', 41, 1, 0, 0, '', 0),
(734, 97, '2007-10-01', 70, 1, 0, 0, 'empuje hemorroidal con prolapso plexo venoso', 0),
(735, 97, '2007-10-01', 71, 1, 0, 0, 'Herpes perianal', 0),
(736, 97, '2007-10-10', 46, 1, 0, 0, 'IU+Vaginal', 0),
(737, 97, '2007-09-07', 16, 1, 0, 0, '', 0),
(738, 97, '2007-09-07', 52, 1, 0, 0, 'Caida Hb 12.7 a 8.2', 0),
(739, 97, '2008-02-01', 70, 0, 0, 1, 'No consulta:dieta+homeopatia', 0),
(740, 97, '2008-09-15', 71, 0, 0, 1, 'Heerpes anal', 0),
(741, 97, '2008-09-28', 55, 1, 20, 1, '', 0),
(742, 97, '2008-09-29', 58, 1, 20, 1, 'PNP en LBA junto a BK', 0),
(743, 98, '2007-09-24', 41, 1, 0, 0, '', 0),
(744, 98, '2007-09-24', 52, 1, 0, 0, 'Caida Hb 9.5 a 4.8. Se tranfunden 2 GR', 0),
(745, 98, '2007-09-24', 16, 1, 0, 0, '', 0),
(746, 98, '2007-10-16', 43, 1, 20, 1, 'Enterob + enterococo=Imipenem+Nitrofurantoina', 0),
(747, 98, '2007-10-16', 80, 1, 20, 1, 'Enterob + enterococo=Imipenem+Nitrofurantoina', 0),
(748, 98, '2008-06-24', 11, 1, 6, 1, '', 0),
(749, 98, '2009-04-01', 61, 1, 5, 1, '', 0),
(750, 98, '2008-09-05', 71, 0, 0, 1, '', 0),
(751, 98, '2008-06-01', 31, 0, 0, 1, '', 0),
(752, 99, '2007-11-16', 79, 1, 0, 0, 'Transplantectomia', 0),
(753, 99, '2007-11-22', 41, 1, 0, 0, 'Ruptura renal, hematoma subcapsular x RA', 0),
(754, 100, '2007-11-04', 16, 1, 0, 0, '', 0),
(755, 100, '2007-11-04', 52, 1, 0, 0, 'Caida Hb 9.2 a 5.9', 0),
(756, 100, '2007-11-10', 41, 1, 0, 0, 'Hepatotoxicidad', 0),
(757, 101, '2008-01-24', 52, 1, 0, 0, 'Caida Hb 11.8 a 7.7', 0),
(758, 101, '2007-11-05', 16, 1, 0, 0, '', 0),
(759, 101, '2008-04-04', 70, 1, 5, 1, 'Se susp MMF y Ganciclovir', 0),
(760, 101, '2008-03-01', 41, 0, 0, 1, 'Tx x CyA', 0),
(761, 102, '2008-02-20', 52, 1, 0, 0, 'Caida Hb 11.2 a 7', 0),
(762, 102, '2008-02-22', 16, 1, 0, 0, 'Amlodipina+atenolol', 0),
(763, 104, '2009-01-05', 16, 1, 0, 0, '', 0),
(764, 104, '2009-01-05', 52, 1, 0, 0, 'Caida Hb 12 a 5.8.  3 vol GR', 0),
(765, 105, '2008-04-13', 52, 1, 0, 0, 'Caida Hb 11.2 a 5.3', 0),
(766, 105, '2008-04-13', 16, 1, 0, 0, '', 0),
(767, 105, '2008-05-20', 61, 1, 7, 1, 'SE RETIRA doble J', 0),
(768, 105, '2008-05-20', 41, 0, 0, 1, '', 0),
(769, 105, '2008-05-20', 41, 1, 7, 1, 'por valixa, se suspenden transitoriamente V+MMF', 0),
(770, 105, '2008-07-01', 41, 1, 5, 1, 'durante ingreso x RA', 0),
(771, 105, '2008-06-30', 11, 1, 5, 1, '', 0),
(772, 106, '2008-04-14', 52, 1, 0, 0, 'Caida Hb 13 a 8.5', 0),
(773, 106, '2008-04-14', 22, 1, 0, 0, '', 0),
(774, 106, '2008-04-20', 41, 1, 0, 0, 'RAO al retirar SV. Nueva SV+liquidos Mejora', 0),
(775, 107, '2008-05-04', 52, 1, 0, 0, 'Caida Hb 11.3 a 9.3', 0),
(776, 107, '2008-05-04', 20, 1, 0, 0, 'Atenolol+ARA II', 0),
(777, 107, '2008-06-02', 41, 1, 7, 1, '', 0),
(778, 107, '2008-06-02', 41, 1, 7, 1, '', 0),
(779, 107, '2008-09-30', 59, 0, 0, 1, 'Otitis', 0),
(780, 107, '2008-10-21', 70, 1, 7, 1, 'Dolor HD sin D+,ingresa AE1SM, mejora solo', 0),
(781, 141, '2009-07-15', 52, 1, 0, 0, 'Caida Hb 13.1 a 6', 0),
(782, 141, '2009-07-16', 22, 1, 0, 0, '', 0),
(783, 141, '2009-07-18', 41, 1, 0, 0, 'Suboclusion intestinal. Niveles en delgado', 0),
(784, 141, '2009-07-17', 41, 1, 0, 0, '', 0),
(785, 142, '2009-07-21', 52, 1, 0, 0, 'Caida Hb 12.8 a 11.4', 0),
(786, 142, '2009-07-21', 70, 1, 0, 0, 'Hiperglicemias que se controla con dieta y descenso corticoides', 0),
(787, 142, '2009-07-21', 22, 1, 0, 0, 'Atenolol+enalapril', 0),
(788, 135, '2010-02-18', 31, 1, 7, 1, 'recambio valvular', 0),
(789, 24, '2009-07-15', 31, 1, 15, 1, 'recambio valvular', 0),
(790, 24, '2009-07-15', 31, 1, 15, 1, 'IRA post cirugia cardiaca', 0),
(791, 41, '2009-12-01', 31, 0, 0, 1, 'Tumor laringe', 0),
(792, 50, '2009-12-01', 31, 0, 0, 1, 'artrosisis de cadera', 0),
(793, 64, '2010-01-01', 31, 0, 0, 1, 'reflujo vesico ureteral a Tx', 0),
(794, 97, '2009-10-01', 31, 1, 30, 1, '', 0),
(795, 97, '2009-09-01', 41, 1, 15, 1, 'Nefrectomia PQR izq x fiebre sin foco', 0),
(796, 126, '2009-03-12', 20, 0, 0, 1, 'recidiva HF y S', 0),
(797, 143, '2009-07-23', 31, 1, 0, 0, '', 0),
(798, 143, '2009-07-23', 70, 1, 0, 0, '', 0),
(799, 144, '2009-08-14', 61, 1, 0, 0, '', 0),
(800, 144, '2009-08-05', 52, 1, 0, 0, 'Descenso Hb 10.6 a 8.2', 0),
(801, 144, '2009-08-06', 19, 1, 0, 0, '', 0),
(802, 145, '2009-08-18', 60, 1, 0, 0, 'RxTx foco inhomogeneoparacardiaco der :\nOseltamivir (14 d)+ Pipe Tazo (10 d) y \nluego cipro + cefuroxime v/o ( 7 d)\nHC -, CMV -', 0),
(803, 145, '2009-08-18', 70, 1, 0, 0, 'Parotiditis bilateral postQ litiasica o viral \ncon retroceso espontaneo en 48 hs', 0),
(804, 145, '2009-08-11', 52, 1, 0, 0, 'Caida Hb de 8.3 a 6.3', 0),
(805, 145, '2009-08-12', 16, 1, 0, 0, '', 0),
(806, 146, '2009-08-25', 16, 1, 0, 0, '', 0),
(807, 146, '2009-08-25', 52, 1, 0, 0, 'Caida Hb 9.7 a 8.2', 0),
(808, 146, '2009-09-15', 43, 1, 7, 1, 'E Coli resistente a ciprofloxacina', 0),
(809, 146, '2009-12-05', 65, 1, 7, 1, '', 0),
(810, 146, '2009-12-05', 65, 1, 7, 1, 'Cultivo nasal SAMS', 0),
(811, 146, '2009-12-05', 71, 1, 7, 1, 'Planteo Herpes virus x Sind Viral+leucopenia', 0),
(812, 147, '2009-09-05', 16, 1, 0, 0, 'HTA de dificil manejo a pesar de 4 drogas: }\ncarvedilos+hidralazina+valsartan+almedop', 0),
(813, 147, '2009-09-11', 11, 1, 0, 0, '', 0),
(814, 147, '2009-09-05', 57, 1, 0, 0, 'Caida Hb 12.6 a 6.8', 0),
(815, 147, '2009-09-14', 46, 1, 0, 0, '', 0),
(816, 147, '2009-09-19', 65, 1, 0, 0, 'ceftazidime por 14 dias+ cefuroxime por 1 semana', 0),
(817, 147, '2009-09-20', 41, 1, 0, 0, '', 0),
(818, 148, '2009-09-25', 60, 1, 0, 0, '', 0),
(819, 148, '2009-09-16', 16, 1, 0, 0, '', 0),
(820, 148, '2009-09-16', 52, 1, 0, 0, 'Caida Hb 13.4 a 11.2', 0),
(821, 148, '2009-10-15', 43, 1, 25, 1, 'Meropenem del 15 al 19/10 , PipeTazo del 20 al 30/10 y luego\nCipro hasta el 6/11/09', 0),
(822, 148, '2009-11-01', 11, 1, 25, 1, 'Bolos MP+TG', 0),
(823, 148, '2009-11-01', 70, 1, 25, 1, '', 0);
INSERT INTO `trasplante_complicaciones` (`id`, `trasplante_id`, `fecha`, `medicacion_id`, `internado`, `dias_de_internacion`, `evolucion`, `comentario`, `infecciosa`) VALUES
(824, 149, '2009-09-26', 66, 1, 0, 0, '', 0),
(825, 149, '2009-09-17', 16, 1, 0, 0, '', 0),
(826, 149, '2009-09-17', 57, 1, 0, 0, 'Caida Hb de 12.2 a 9', 0),
(827, 149, '2009-09-17', 41, 1, 0, 0, '', 0),
(828, 150, '2009-11-16', 37, 1, 0, 0, '', 0),
(829, 151, '2009-11-16', 52, 1, 0, 0, 'Caida Hb de 10.5 a 6.5', 0),
(830, 151, '2009-11-16', 37, 1, 0, 0, '', 0),
(831, 151, '2009-11-16', 70, 1, 0, 0, 'Hiperglicemia que se controla con dieta.\nAP de hiperglicemia en DPCA', 0);

--
-- Dumping data for table `trasplante_induccion`
--

INSERT INTO `trasplante_induccion` (`trasplante_id`, `induccion_id`) VALUES
(1, 1),
(2, 1),
(3, 1),
(4, 1),
(5, 1),
(6, 1),
(7, 1),
(8, 1),
(9, 1),
(10, 1),
(11, 1),
(12, 1),
(13, 1),
(14, 1),
(15, 1),
(16, 1),
(17, 1),
(18, 1),
(19, 1),
(20, 1),
(21, 1),
(22, 1),
(23, 1),
(24, 1),
(25, 1),
(26, 1),
(27, 1),
(28, 1),
(29, 1),
(30, 1),
(31, 1),
(32, 1),
(33, 1),
(34, 1),
(35, 1),
(36, 1),
(37, 1),
(38, 1),
(39, 1),
(40, 1),
(41, 1),
(42, 1),
(43, 1),
(44, 1),
(45, 1),
(46, 1),
(47, 1),
(48, 1),
(49, 1),
(50, 1),
(51, 1),
(52, 1),
(53, 1),
(54, 1),
(55, 1),
(56, 1),
(57, 1),
(58, 1),
(59, 1),
(60, 1),
(61, 1),
(62, 1),
(63, 1),
(64, 1),
(65, 1),
(66, 1),
(67, 1),
(68, 1),
(69, 1),
(70, 1),
(71, 1),
(72, 1),
(73, 1),
(74, 1),
(75, 1),
(76, 1),
(77, 1),
(78, 1),
(79, 1),
(80, 1),
(81, 1),
(82, 1),
(83, 1),
(84, 1),
(85, 1),
(86, 1),
(87, 1),
(88, 1),
(89, 1),
(90, 1),
(91, 1),
(92, 1),
(93, 1),
(94, 1),
(95, 1),
(96, 1),
(97, 1),
(98, 1),
(99, 1),
(100, 1),
(101, 1),
(102, 1),
(103, 1),
(104, 1),
(105, 1),
(106, 1),
(107, 1),
(108, 1),
(109, 1),
(110, 1),
(111, 1),
(112, 1),
(113, 1),
(114, 1),
(115, 1),
(116, 1),
(117, 1),
(118, 1),
(119, 1),
(120, 1),
(121, 1),
(122, 1),
(123, 1),
(124, 1),
(125, 1),
(126, 1),
(127, 1),
(128, 1),
(129, 1),
(130, 1),
(131, 1),
(132, 1),
(133, 1),
(134, 1),
(135, 1),
(136, 1),
(137, 1),
(138, 1),
(139, 1),
(140, 1),
(141, 1),
(142, 1),
(143, 1),
(144, 1),
(145, 1),
(146, 1),
(147, 1),
(148, 1),
(149, 1),
(150, 1),
(151, 1),
(1, 2),
(2, 2),
(3, 2),
(4, 2),
(5, 2),
(6, 2),
(7, 2),
(8, 2),
(9, 2),
(10, 2),
(11, 2),
(12, 2),
(13, 2),
(14, 2),
(15, 2),
(17, 2),
(18, 2),
(19, 2),
(21, 2),
(22, 2),
(23, 2),
(24, 2),
(25, 2),
(26, 2),
(27, 2),
(28, 2),
(29, 2),
(30, 2),
(31, 2),
(32, 2),
(33, 2),
(34, 2),
(35, 2),
(36, 2),
(37, 2),
(38, 2),
(39, 2),
(43, 2),
(47, 2),
(48, 2),
(49, 2),
(51, 2),
(52, 2),
(53, 2),
(54, 2),
(55, 2),
(56, 2),
(57, 2),
(59, 2),
(61, 2),
(62, 2),
(63, 2),
(65, 2),
(66, 2),
(67, 2),
(68, 2),
(69, 2),
(70, 2),
(71, 2),
(72, 2),
(73, 2),
(75, 2),
(76, 2),
(77, 2),
(78, 2),
(79, 2),
(80, 2),
(81, 2),
(82, 2),
(84, 2),
(85, 2),
(86, 2),
(87, 2),
(88, 2),
(89, 2),
(90, 2),
(92, 2),
(93, 2),
(94, 2),
(95, 2),
(96, 2),
(97, 2),
(98, 2),
(99, 2),
(100, 2),
(101, 2),
(102, 2),
(103, 2),
(104, 2),
(105, 2),
(106, 2),
(107, 2),
(108, 2),
(109, 2),
(110, 2),
(111, 2),
(112, 2),
(113, 2),
(114, 2),
(115, 2),
(116, 2),
(117, 2),
(118, 2),
(119, 2),
(121, 2),
(122, 2),
(124, 2),
(126, 2),
(127, 2),
(128, 2),
(130, 2),
(131, 2),
(132, 2),
(133, 2),
(134, 2),
(135, 2),
(137, 2),
(138, 2),
(139, 2),
(141, 2),
(142, 2),
(143, 2),
(144, 2),
(145, 2),
(146, 2),
(147, 2),
(148, 2),
(149, 2),
(150, 2),
(16, 3),
(20, 3),
(21, 3),
(23, 3),
(28, 3),
(33, 3),
(34, 3),
(35, 3),
(36, 3),
(37, 3),
(38, 3),
(39, 3),
(40, 3),
(41, 3),
(42, 3),
(43, 3),
(44, 3),
(45, 3),
(46, 3),
(47, 3),
(49, 3),
(50, 3),
(58, 3),
(59, 3),
(60, 3),
(64, 3),
(71, 3),
(74, 3),
(76, 3),
(79, 3),
(80, 3),
(81, 3),
(83, 3),
(85, 3),
(98, 3),
(101, 3),
(102, 3),
(106, 3),
(113, 3),
(115, 3),
(119, 3),
(120, 3),
(123, 3),
(125, 3),
(126, 3),
(127, 3),
(128, 3),
(129, 3),
(130, 3),
(136, 3),
(140, 3),
(143, 3),
(149, 3),
(91, 4),
(151, 4),
(100, 5);

--
-- Dumping data for table `trasplante_inmunosupresores`
--

INSERT INTO `trasplante_inmunosupresores` (`trasplante_id`, `inmunosupresores_id`) VALUES
(1, 1),
(2, 1),
(3, 1),
(4, 1),
(5, 1),
(6, 1),
(7, 1),
(8, 1),
(9, 1),
(10, 1),
(11, 1),
(12, 1),
(13, 1),
(14, 1),
(15, 1),
(16, 1),
(17, 1),
(18, 1),
(19, 1),
(20, 1),
(21, 1),
(22, 1),
(23, 1),
(24, 1),
(25, 1),
(26, 1),
(27, 1),
(28, 1),
(29, 1),
(30, 1),
(31, 1),
(32, 1),
(33, 1),
(34, 1),
(35, 1),
(36, 1),
(37, 1),
(38, 1),
(39, 1),
(40, 1),
(41, 1),
(42, 1),
(43, 1),
(44, 1),
(45, 1),
(46, 1),
(47, 1),
(48, 1),
(49, 1),
(50, 1),
(51, 1),
(52, 1),
(53, 1),
(54, 1),
(55, 1),
(56, 1),
(57, 1),
(58, 1),
(59, 1),
(60, 1),
(61, 1),
(62, 1),
(63, 1),
(64, 1),
(65, 1),
(66, 1),
(67, 1),
(68, 1),
(69, 1),
(70, 1),
(71, 1),
(72, 1),
(73, 1),
(74, 1),
(75, 1),
(76, 1),
(77, 1),
(78, 1),
(79, 1),
(80, 1),
(81, 1),
(82, 1),
(83, 1),
(85, 1),
(86, 1),
(87, 1),
(88, 1),
(89, 1),
(90, 1),
(91, 1),
(92, 1),
(93, 1),
(94, 1),
(95, 1),
(96, 1),
(97, 1),
(98, 1),
(99, 1),
(100, 1),
(101, 1),
(102, 1),
(104, 1),
(105, 1),
(106, 1),
(107, 1),
(108, 1),
(109, 1),
(110, 1),
(111, 1),
(112, 1),
(113, 1),
(114, 1),
(115, 1),
(116, 1),
(117, 1),
(118, 1),
(119, 1),
(120, 1),
(121, 1),
(122, 1),
(123, 1),
(124, 1),
(125, 1),
(126, 1),
(128, 1),
(129, 1),
(130, 1),
(131, 1),
(132, 1),
(133, 1),
(134, 1),
(135, 1),
(136, 1),
(137, 1),
(138, 1),
(139, 1),
(140, 1),
(141, 1),
(142, 1),
(144, 1),
(145, 1),
(146, 1),
(147, 1),
(148, 1),
(149, 1),
(150, 1),
(151, 1),
(1, 2),
(2, 2),
(3, 2),
(4, 2),
(5, 2),
(6, 2),
(7, 2),
(8, 2),
(9, 2),
(10, 2),
(11, 2),
(12, 2),
(13, 2),
(14, 2),
(15, 2),
(16, 2),
(17, 2),
(18, 2),
(19, 2),
(20, 2),
(21, 2),
(22, 2),
(23, 2),
(24, 2),
(25, 2),
(26, 2),
(27, 2),
(28, 2),
(29, 2),
(30, 2),
(31, 2),
(32, 2),
(33, 2),
(34, 2),
(35, 2),
(36, 2),
(37, 2),
(38, 2),
(39, 2),
(40, 2),
(41, 2),
(42, 2),
(43, 2),
(44, 2),
(45, 2),
(46, 2),
(47, 2),
(48, 2),
(49, 2),
(50, 2),
(51, 2),
(52, 2),
(53, 2),
(54, 2),
(55, 2),
(56, 2),
(57, 2),
(58, 2),
(59, 2),
(60, 2),
(61, 2),
(62, 2),
(63, 2),
(64, 2),
(65, 2),
(66, 2),
(67, 2),
(68, 2),
(69, 2),
(70, 2),
(71, 2),
(72, 2),
(73, 2),
(74, 2),
(75, 2),
(76, 2),
(77, 2),
(78, 2),
(79, 2),
(80, 2),
(81, 2),
(82, 2),
(83, 2),
(85, 2),
(86, 2),
(87, 2),
(88, 2),
(89, 2),
(90, 2),
(91, 2),
(92, 2),
(93, 2),
(94, 2),
(95, 2),
(96, 2),
(97, 2),
(98, 2),
(99, 2),
(100, 2),
(101, 2),
(102, 2),
(104, 2),
(105, 2),
(106, 2),
(107, 2),
(108, 2),
(109, 2),
(110, 2),
(111, 2),
(112, 2),
(113, 2),
(114, 2),
(115, 2),
(116, 2),
(117, 2),
(118, 2),
(119, 2),
(120, 2),
(121, 2),
(122, 2),
(123, 2),
(124, 2),
(125, 2),
(126, 2),
(127, 2),
(128, 2),
(129, 2),
(130, 2),
(131, 2),
(132, 2),
(133, 2),
(134, 2),
(135, 2),
(136, 2),
(137, 2),
(138, 2),
(139, 2),
(140, 2),
(141, 2),
(142, 2),
(144, 2),
(145, 2),
(146, 2),
(147, 2),
(148, 2),
(149, 2),
(150, 2),
(151, 2),
(21, 3),
(23, 3),
(25, 3),
(35, 3),
(39, 3),
(51, 3),
(64, 3),
(71, 3),
(78, 3),
(85, 3),
(140, 3),
(1, 5),
(2, 5),
(3, 5),
(4, 5),
(5, 5),
(6, 5),
(7, 5),
(8, 5),
(9, 5),
(10, 5),
(11, 5),
(12, 5),
(13, 5),
(14, 5),
(15, 5),
(16, 5),
(17, 5),
(18, 5),
(19, 5),
(20, 5),
(21, 5),
(22, 5),
(23, 5),
(24, 5),
(25, 5),
(26, 5),
(27, 5),
(28, 5),
(29, 5),
(30, 5),
(31, 5),
(32, 5),
(33, 5),
(34, 5),
(35, 5),
(36, 5),
(37, 5),
(38, 5),
(39, 5),
(40, 5),
(41, 5),
(42, 5),
(43, 5),
(44, 5),
(45, 5),
(46, 5),
(47, 5),
(48, 5),
(49, 5),
(50, 5),
(51, 5),
(52, 5),
(53, 5),
(54, 5),
(55, 5),
(56, 5),
(57, 5),
(58, 5),
(59, 5),
(61, 5),
(62, 5),
(63, 5),
(64, 5),
(65, 5),
(66, 5),
(67, 5),
(68, 5),
(69, 5),
(70, 5),
(71, 5),
(72, 5),
(73, 5),
(74, 5),
(75, 5),
(76, 5),
(77, 5),
(78, 5),
(79, 5),
(80, 5),
(81, 5),
(82, 5),
(83, 5),
(84, 5),
(85, 5),
(86, 5),
(87, 5),
(88, 5),
(89, 5),
(90, 5),
(91, 5),
(92, 5),
(93, 5),
(94, 5),
(95, 5),
(96, 5),
(97, 5),
(98, 5),
(99, 5),
(100, 5),
(101, 5),
(102, 5),
(103, 5),
(105, 5),
(106, 5),
(107, 5),
(108, 5),
(109, 5),
(110, 5),
(111, 5),
(112, 5),
(113, 5),
(114, 5),
(115, 5),
(116, 5),
(117, 5),
(118, 5),
(119, 5),
(120, 5),
(121, 5),
(122, 5),
(124, 5),
(125, 5),
(126, 5),
(128, 5),
(129, 5),
(130, 5),
(131, 5),
(132, 5),
(133, 5),
(134, 5),
(135, 5),
(136, 5),
(137, 5),
(138, 5),
(139, 5),
(141, 5),
(142, 5),
(144, 5),
(145, 5),
(146, 5),
(147, 5),
(149, 5),
(150, 5),
(108, 6),
(148, 6);

--
-- Dumping data for table `trasplante_reoperacion`
--

INSERT INTO `trasplante_reoperacion` (`id`, `trasplante_id`, `fecha`, `descripcion`, `trasplante_complicacion_id`) VALUES
(1, 12, '2002-02-08', 'RTU prostatectomia tecnica de Orandi', 504),
(2, 12, '2009-02-03', 'se retira cateter peritoneal', 29),
(3, 19, '2003-02-21', 'trombosis venosa. transplantectomia', 169),
(4, 41, '2005-05-21', 'necrosis distal ureter\nreanastomosis técnica Leach', 191),
(5, 42, '2005-05-09', 'Se realiza ventana peritoneal', 192),
(6, 43, '2005-04-22', 'Reimplante del ureter', 194),
(7, 44, '2005-04-21', 'clexan en posTQ', 197),
(8, 44, '2005-05-07', 'ventana peritoneal + malla x eventración', 196),
(9, 55, '2005-12-07', 'anast uretero-ureteral a ureter propio der', 213),
(10, 60, '2006-03-30', 'Heparina posTQ x BIC (AP hipertrombicidad)', 217),
(11, 67, '2006-05-16', 'A Ureter a U propio.\nRD PQR c/U ligado', 222),
(12, 71, '2006-06-06', 'Fuga masiva\nReimplante U T Taguchi', 225),
(13, 81, '2006-10-13', '', 230),
(14, 85, '2007-01-13', 'anastomosis uretero.ureteral a U propio', 234),
(15, 90, '2007-03-23', 'Necrosis U distal\nReanast sobre dobleJ', 236),
(16, 99, '2007-11-22', 'RA Banff III no tratado rotura renal', 753),
(17, 101, '2008-01-26', 'Reanastomosis uretero vesical Lich G c/pigtail', 241),
(18, 105, '2008-04-25', 'anast uretero-ureteral a U propio', 246),
(19, 109, '2008-07-18', 'ileo isquemico posTQ, perforación ciego', 368),
(20, 109, '2008-07-28', 'Riñon cianotico, hematoma retroperitoneal', 137),
(21, 109, '2008-08-07', 'Colectomia total. Ileostomia ', 138),
(22, 115, '2008-10-21', 'Anastomosis uretero ureteral', 270),
(23, 117, '2008-11-12', 'Nefrectomia de riñón propio', 286),
(24, 128, '2009-03-21', 'Se coloca doble malla', 354),
(25, 132, '2009-05-26', 'anast uretero-ureteral a ureter propio', 487);

--
-- Dumping data for table `trasplante_serol`
--

INSERT INTO `trasplante_serol` (`trasplante_id`, `serol_id`, `serol_valor_id`) VALUES
(1, 1, 2),
(1, 2, 2),
(1, 3, 2),
(2, 1, 2),
(2, 2, 2),
(2, 3, 2),
(3, 1, 2),
(3, 3, 2),
(4, 1, 2),
(4, 3, 2),
(5, 1, 2),
(5, 3, 2),
(6, 1, 2),
(6, 3, 2),
(7, 1, 2),
(7, 3, 2),
(8, 1, 2),
(8, 3, 2),
(9, 1, 2),
(9, 3, 2),
(10, 1, 2),
(10, 2, 2),
(10, 3, 2),
(11, 1, 2),
(11, 3, 2),
(12, 1, 2),
(12, 3, 2),
(13, 1, 2),
(13, 2, 2),
(13, 3, 2),
(14, 1, 2),
(14, 3, 2),
(15, 1, 2),
(15, 3, 2),
(16, 1, 2),
(16, 3, 2),
(17, 1, 2),
(17, 3, 2),
(18, 1, 2),
(18, 2, 2),
(18, 3, 2),
(19, 1, 2),
(19, 3, 2),
(20, 3, 2),
(21, 1, 2),
(21, 3, 2),
(22, 1, 2),
(22, 3, 2),
(23, 1, 2),
(23, 3, 2),
(24, 1, 2),
(24, 3, 2),
(25, 1, 2),
(25, 3, 2),
(26, 1, 2),
(26, 3, 2),
(27, 1, 2),
(27, 3, 2),
(28, 1, 2),
(28, 3, 2),
(29, 1, 2),
(29, 3, 2),
(30, 1, 2),
(30, 3, 2),
(31, 1, 2),
(31, 3, 2),
(32, 1, 2),
(32, 3, 2),
(33, 1, 2),
(33, 3, 2),
(34, 1, 2),
(34, 2, 2),
(34, 3, 2),
(35, 1, 2),
(35, 3, 2),
(36, 1, 2),
(36, 3, 2),
(37, 1, 2),
(37, 3, 2),
(38, 1, 2),
(38, 3, 2),
(39, 1, 2),
(39, 3, 2),
(40, 1, 2),
(40, 3, 2),
(41, 1, 2),
(41, 3, 2),
(42, 1, 2),
(42, 3, 2),
(43, 1, 2),
(43, 3, 2),
(44, 1, 2),
(44, 3, 2),
(45, 1, 2),
(45, 3, 2),
(46, 1, 2),
(46, 3, 2),
(47, 1, 2),
(47, 3, 2),
(48, 1, 2),
(48, 3, 2),
(49, 3, 2),
(50, 1, 2),
(50, 3, 2),
(51, 1, 2),
(51, 2, 2),
(51, 3, 2),
(52, 1, 2),
(52, 3, 2),
(53, 1, 2),
(53, 3, 2),
(54, 1, 2),
(54, 3, 2),
(55, 1, 2),
(55, 3, 2),
(56, 1, 2),
(56, 3, 2),
(57, 1, 2),
(57, 3, 2),
(58, 1, 2),
(58, 3, 2),
(59, 1, 2),
(59, 3, 2),
(60, 1, 2),
(60, 3, 2),
(61, 1, 2),
(61, 3, 2),
(62, 1, 2),
(62, 3, 2),
(63, 1, 2),
(63, 3, 2),
(64, 1, 2),
(64, 3, 2),
(65, 3, 2),
(66, 1, 2),
(66, 3, 2),
(67, 1, 2),
(67, 3, 2),
(68, 1, 2),
(68, 3, 2),
(69, 1, 2),
(69, 3, 2),
(70, 1, 2),
(70, 3, 2),
(71, 1, 2),
(71, 3, 2),
(72, 1, 2),
(72, 2, 2),
(72, 3, 2),
(73, 1, 2),
(73, 3, 2),
(74, 1, 2),
(74, 3, 2),
(75, 1, 2),
(75, 3, 2),
(76, 1, 2),
(76, 2, 2),
(76, 3, 2),
(77, 1, 2),
(77, 3, 2),
(78, 1, 2),
(78, 3, 2),
(79, 1, 2),
(79, 2, 2),
(79, 3, 2),
(80, 1, 2),
(80, 3, 2),
(81, 1, 2),
(81, 3, 2),
(82, 1, 2),
(82, 3, 2),
(83, 1, 2),
(83, 3, 2),
(84, 1, 2),
(84, 3, 2),
(85, 1, 2),
(85, 3, 2),
(86, 1, 2),
(86, 3, 2),
(87, 1, 2),
(87, 3, 2),
(88, 1, 2),
(88, 3, 2),
(89, 1, 2),
(89, 3, 2),
(90, 1, 2),
(90, 3, 2),
(91, 1, 2),
(91, 3, 2),
(92, 1, 2),
(92, 2, 2),
(92, 3, 2),
(93, 1, 2),
(93, 3, 2),
(94, 1, 2),
(94, 3, 2),
(95, 1, 2),
(95, 2, 2),
(95, 3, 2),
(96, 1, 2),
(96, 3, 2),
(97, 1, 2),
(97, 3, 2),
(98, 1, 2),
(98, 3, 2),
(99, 1, 2),
(99, 3, 2),
(100, 1, 2),
(100, 3, 2),
(101, 1, 2),
(101, 2, 2),
(101, 3, 2),
(102, 1, 2),
(102, 2, 2),
(102, 3, 2),
(103, 1, 2),
(103, 3, 2),
(104, 1, 2),
(104, 3, 2),
(105, 1, 2),
(105, 2, 2),
(105, 3, 2),
(106, 1, 2),
(106, 3, 2),
(107, 1, 2),
(107, 3, 2),
(108, 1, 2),
(108, 2, 2),
(108, 3, 2),
(109, 1, 2),
(109, 3, 2),
(110, 1, 2),
(110, 2, 2),
(110, 3, 2),
(111, 1, 2),
(111, 3, 2),
(112, 1, 2),
(112, 3, 2),
(113, 1, 2),
(113, 3, 2),
(114, 1, 2),
(114, 3, 2),
(115, 1, 2),
(115, 3, 2),
(116, 1, 2),
(116, 3, 2),
(117, 1, 2),
(117, 2, 2),
(117, 3, 2),
(118, 1, 2),
(118, 3, 2),
(119, 1, 2),
(119, 3, 2),
(120, 1, 2),
(120, 3, 2),
(121, 1, 2),
(121, 3, 2),
(122, 1, 2),
(122, 3, 2),
(123, 1, 2),
(123, 3, 2),
(124, 1, 2),
(124, 3, 2),
(125, 1, 2),
(125, 3, 2),
(126, 1, 2),
(126, 3, 2),
(127, 1, 2),
(127, 3, 2),
(128, 1, 2),
(128, 3, 2),
(129, 1, 2),
(129, 3, 2),
(130, 1, 2),
(130, 3, 2),
(131, 1, 2),
(131, 3, 2),
(132, 1, 2),
(132, 3, 2),
(133, 1, 2),
(133, 3, 2),
(134, 1, 2),
(134, 3, 2),
(135, 1, 2),
(135, 3, 2),
(136, 1, 2),
(136, 3, 2),
(137, 1, 2),
(137, 3, 2),
(138, 1, 2),
(138, 2, 2),
(138, 3, 2),
(139, 1, 2),
(139, 2, 2),
(139, 3, 2),
(140, 1, 2),
(140, 3, 2),
(141, 1, 2),
(141, 3, 2),
(142, 1, 2),
(142, 3, 2),
(143, 1, 2),
(143, 3, 2),
(144, 1, 2),
(144, 3, 2),
(145, 1, 2),
(145, 3, 2),
(146, 1, 2),
(146, 2, 2),
(146, 3, 2),
(147, 1, 2),
(147, 3, 2),
(149, 1, 2),
(149, 3, 2),
(150, 1, 2),
(150, 3, 2),
(151, 1, 2),
(151, 3, 2),
(3, 2, 3),
(4, 2, 3),
(5, 2, 3),
(8, 2, 3),
(9, 2, 3),
(11, 2, 3),
(12, 2, 3),
(14, 2, 3),
(16, 2, 3),
(17, 2, 3),
(19, 2, 3),
(20, 1, 3),
(20, 2, 3),
(21, 2, 3),
(22, 2, 3),
(23, 2, 3),
(24, 2, 3),
(25, 2, 3),
(26, 2, 3),
(27, 2, 3),
(28, 2, 3),
(29, 2, 3),
(30, 2, 3),
(31, 2, 3),
(32, 2, 3),
(33, 2, 3),
(35, 2, 3),
(36, 2, 3),
(37, 2, 3),
(38, 2, 3),
(39, 2, 3),
(40, 2, 3),
(41, 2, 3),
(42, 2, 3),
(43, 2, 3),
(44, 2, 3),
(45, 2, 3),
(46, 2, 3),
(47, 2, 3),
(48, 2, 3),
(49, 1, 3),
(49, 2, 3),
(50, 2, 3),
(52, 2, 3),
(53, 2, 3),
(55, 2, 3),
(56, 2, 3),
(57, 2, 3),
(58, 2, 3),
(59, 2, 3),
(60, 2, 3),
(61, 2, 3),
(62, 2, 3),
(63, 2, 3),
(64, 2, 3),
(65, 1, 3),
(65, 2, 3),
(66, 2, 3),
(67, 2, 3),
(68, 2, 3),
(69, 2, 3),
(70, 2, 3),
(71, 2, 3),
(73, 2, 3),
(74, 2, 3),
(75, 2, 3),
(77, 2, 3),
(78, 2, 3),
(80, 2, 3),
(81, 2, 3),
(82, 2, 3),
(83, 2, 3),
(84, 2, 3),
(85, 2, 3),
(86, 2, 3),
(87, 2, 3),
(88, 2, 3),
(89, 2, 3),
(90, 2, 3),
(91, 2, 3),
(93, 2, 3),
(94, 2, 3),
(96, 2, 3),
(97, 2, 3),
(98, 2, 3),
(99, 2, 3),
(100, 2, 3),
(103, 2, 3),
(104, 2, 3),
(106, 2, 3),
(107, 2, 3),
(109, 2, 3),
(111, 2, 3),
(113, 2, 3),
(114, 2, 3),
(115, 2, 3),
(116, 2, 3),
(118, 2, 3),
(119, 2, 3),
(120, 2, 3),
(121, 2, 3),
(122, 2, 3),
(123, 2, 3),
(124, 2, 3),
(125, 2, 3),
(126, 2, 3),
(127, 2, 3),
(128, 2, 3),
(129, 2, 3),
(130, 2, 3),
(131, 2, 3),
(132, 2, 3),
(133, 2, 3),
(134, 2, 3),
(135, 2, 3),
(136, 2, 3),
(137, 2, 3),
(140, 2, 3),
(141, 2, 3),
(142, 2, 3),
(143, 2, 3),
(144, 2, 3),
(145, 2, 3),
(147, 2, 3),
(149, 2, 3),
(150, 2, 3),
(151, 2, 3),
(6, 2, 4),
(7, 2, 4),
(15, 2, 4),
(54, 2, 4);

--
-- Dumping data for table `tratamiento`
--

INSERT INTO `tratamiento` (`id`, `paciente_id`, `medicacion_id`, `dosis`, `fecha_inicio`, `fecha_fin`) VALUES
(1, 8, 1, '100', '2001-12-15', NULL),
(2, 8, 3, '5', '2001-12-15', NULL),
(3, 8, 6, '2000', '2001-12-17', NULL),
(4, 8, 30, '35', '2001-12-15', NULL),
(5, 9, 1, '100', '2001-11-15', NULL),
(6, 9, 3, '5', '2001-11-15', NULL),
(7, 9, 6, '2000', '2001-11-17', NULL),
(8, 9, 22, '100', '2001-11-20', NULL),
(9, 12, 1, '400', '2002-01-10', NULL),
(10, 12, 3, '', '2002-01-10', NULL),
(11, 12, 6, '2000', '2002-01-12', NULL),
(12, 12, 15, '60', '2002-01-12', NULL),
(13, 12, 50, '40', '2002-01-12', NULL),
(14, 13, 1, '300', '2002-03-11', NULL),
(15, 13, 3, '5', '2002-03-11', NULL),
(16, 13, 6, '2000', '2002-03-13', NULL),
(17, 13, 15, '60', '2002-03-13', NULL),
(18, 14, 1, '200', '2002-04-14', '2004-06-04'),
(19, 14, 3, '5', '2002-04-16', NULL),
(20, 14, 6, '2000', '2002-04-18', NULL),
(21, 14, 7, '8', '2004-06-07', NULL),
(22, 14, 11, '1000', '2004-06-04', '2004-06-07'),
(23, 14, 55, '300', '2004-03-03', NULL),
(24, 14, 72, '600', '2004-03-03', NULL),
(25, 14, 73, '2000', '2004-03-03', NULL),
(26, 15, 1, '250', '2002-04-15', NULL),
(27, 15, 3, '5', '2002-04-15', NULL),
(28, 15, 6, '2000', '2002-04-17', NULL),
(29, 15, 50, '40', '2002-04-17', NULL),
(30, 15, 70, '', '2002-05-05', NULL),
(31, 17, 1, '250', '2002-11-03', NULL),
(32, 17, 3, '5', '2002-11-03', NULL),
(33, 17, 6, '', '2002-11-05', NULL),
(34, 17, 50, '40', '2002-11-04', NULL),
(35, 18, 1, '', '2002-12-30', NULL),
(36, 18, 3, '5', '2002-12-30', NULL),
(37, 18, 6, '2000', '2002-12-31', NULL),
(38, 18, 15, '', '2003-01-01', NULL),
(39, 18, 22, '', '2003-01-01', NULL),
(40, 18, 52, '', '2003-01-01', NULL),
(41, 19, 3, '', '2006-03-26', NULL),
(42, 19, 6, '', '2006-03-27', NULL),
(43, 19, 7, '12', '2006-03-26', NULL),
(44, 19, 15, '60', '2006-04-04', NULL),
(45, 19, 16, '10', '2008-12-02', NULL),
(46, 19, 37, '1000', '2006-03-28', NULL),
(47, 19, 46, '50', '2006-04-15', '2006-05-04'),
(48, 19, 48, '900', '2006-04-20', '2006-07-11'),
(49, 20, 1, '150', '2003-04-01', NULL),
(50, 20, 3, '5', '2003-04-01', NULL),
(51, 20, 6, '2000', '2003-04-03', NULL),
(52, 20, 22, '', '2003-04-03', NULL),
(53, 20, 31, '', '2003-05-05', NULL),
(54, 20, 37, '4000', '2003-04-08', NULL),
(55, 20, 38, '800', '2003-04-06', NULL),
(56, 21, 1, '', '2003-04-24', '2003-05-05'),
(57, 21, 3, '', '2003-04-23', NULL),
(58, 21, 6, '', '2003-04-26', '2004-07-07'),
(59, 21, 7, '', '2003-05-06', '2004-07-07'),
(60, 21, 19, '', '2003-04-28', NULL),
(61, 21, 43, '', '2004-07-02', '2004-05-17'),
(62, 21, 48, '', '2003-05-11', '2003-05-31'),
(63, 22, 1, '', '2003-04-01', NULL),
(64, 22, 3, '5', '2003-04-01', NULL),
(65, 22, 6, '', '2003-04-03', NULL),
(66, 22, 16, '', '2006-03-06', NULL),
(67, 22, 22, '', '2003-04-05', NULL),
(68, 22, 51, '', '2006-03-05', NULL),
(69, 22, 53, '10', '2006-03-05', NULL),
(70, 24, 1, '250', '2003-07-05', NULL),
(71, 24, 3, '5', '2003-07-05', NULL),
(72, 24, 6, '2000', '2003-07-07', NULL),
(73, 24, 15, '40', '2003-07-07', NULL),
(74, 24, 37, '3000', '2003-07-06', NULL),
(75, 24, 68, '', '2003-07-08', NULL),
(76, 25, 1, '', '2003-07-13', '2005-12-12'),
(77, 25, 3, '5', '2003-07-13', NULL),
(78, 25, 6, '', '2003-07-13', NULL),
(79, 25, 7, '12', '2005-12-12', NULL),
(80, 25, 19, '20', '2003-07-17', NULL),
(81, 25, 22, '', '2003-07-14', NULL),
(82, 25, 50, '', '2003-07-14', NULL),
(83, 25, 56, '5', '2003-07-30', NULL),
(84, 26, 1, '', '2003-07-13', '2007-09-12'),
(85, 26, 3, '5', '2003-07-13', NULL),
(86, 26, 6, '', '2003-07-15', NULL),
(87, 26, 7, '12', '2007-09-12', NULL),
(88, 26, 20, '5', '2007-09-13', NULL),
(89, 26, 68, '', '2003-07-15', NULL),
(90, 27, 1, '', '2003-09-04', NULL),
(91, 27, 3, '', '2003-09-05', NULL),
(92, 27, 6, '', '2003-09-06', NULL),
(93, 27, 15, '', '2003-09-06', NULL),
(94, 27, 19, '', '2003-09-07', NULL),
(95, 27, 22, '', '2003-09-07', NULL),
(96, 27, 28, '20', '2004-03-08', NULL),
(97, 27, 61, '1000', '2003-09-19', '2003-09-29'),
(98, 27, 64, '1500', '2003-09-10', '2003-09-15'),
(99, 28, 1, '', '2003-10-02', NULL),
(100, 28, 3, '5', '2003-10-04', NULL),
(101, 28, 6, '1500', '2003-10-04', NULL),
(102, 28, 58, '', '2003-10-04', '2003-10-31'),
(103, 28, 68, '300', '2003-10-04', NULL),
(104, 29, 1, '300', '2003-12-22', NULL),
(105, 29, 3, '5', '2003-12-23', NULL),
(106, 29, 6, '2000', '2003-12-24', NULL),
(107, 29, 35, '', '2004-01-20', NULL),
(108, 29, 45, '', '2004-01-20', '2004-01-30'),
(109, 29, 57, '', '2004-01-22', NULL),
(110, 29, 58, '', '2004-01-02', '2004-02-22'),
(111, 33, 1, '', '2004-04-23', '2004-09-16'),
(112, 33, 1, '', '2004-12-01', NULL),
(113, 33, 3, '', '2004-04-25', NULL),
(114, 33, 6, '2000', '2004-04-25', NULL),
(115, 33, 7, '14', '2004-09-22', '2004-11-30'),
(116, 33, 15, '', '2004-04-25', NULL),
(117, 33, 20, '', '2004-08-01', NULL),
(118, 33, 24, '', '2004-07-01', NULL),
(119, 34, 1, '', '2004-05-24', NULL),
(120, 34, 3, '', '2004-05-24', NULL),
(121, 34, 6, '', '2004-05-26', NULL),
(122, 39, 1, '400', '2004-12-16', '2005-09-23'),
(123, 39, 3, '5', '2004-12-16', NULL),
(124, 39, 6, '1000', '2004-12-16', NULL),
(125, 39, 7, '10', '2005-09-22', NULL),
(126, 39, 11, '1', '2005-09-19', '2005-09-22'),
(127, 39, 15, '40', '2004-12-18', '2005-04-15'),
(128, 39, 19, '40', '2005-03-05', '2006-06-15'),
(129, 39, 22, '100', '2004-12-18', NULL),
(130, 39, 50, '40', '2004-12-17', NULL),
(131, 39, 52, '2000', '2008-04-16', NULL),
(132, 39, 53, '10', '2004-12-26', NULL),
(133, 40, 1, '', '2005-03-04', NULL),
(134, 40, 3, '', '2005-03-04', NULL),
(135, 40, 6, '', '2005-03-06', NULL),
(136, 40, 15, '', '2005-03-06', NULL),
(137, 40, 31, '', '2007-03-14', NULL),
(138, 40, 50, '', '2005-03-05', NULL),
(139, 41, 1, '400', '2005-04-11', '2005-11-13'),
(140, 41, 3, '5', '2005-04-11', NULL),
(141, 41, 6, '2', '2005-04-13', NULL),
(142, 41, 7, '16', '2005-11-15', NULL),
(143, 41, 15, '30', '2005-04-15', NULL),
(144, 41, 28, '10', '2005-08-20', NULL),
(145, 41, 31, '100', '2005-08-15', NULL),
(146, 41, 38, '0.25', '2005-08-15', NULL),
(147, 41, 50, '20', '2005-04-13', NULL),
(148, 41, 76, '500', '2006-01-04', '2006-02-04'),
(149, 43, 1, '500', '2005-04-12', NULL),
(150, 43, 3, '5', '2005-04-12', NULL),
(151, 43, 6, '2', '2005-04-14', NULL),
(152, 43, 15, '60', '2005-04-13', NULL),
(153, 43, 22, '150', '2005-04-13', NULL),
(154, 43, 50, '20', '2005-04-13', NULL),
(155, 44, 1, '350', '2005-04-19', NULL),
(156, 44, 3, '5', '2005-04-19', NULL),
(157, 44, 6, '1', '2005-04-21', NULL),
(158, 44, 48, '1800', '2005-05-21', '2005-08-21'),
(159, 44, 68, '150', '2005-04-20', NULL),
(160, 44, 77, '100', '2005-04-20', NULL),
(161, 47, 1, '300', '2005-05-07', '2008-01-16'),
(162, 47, 3, '5', '0005-05-07', NULL),
(163, 47, 6, '1000', '2005-05-09', NULL),
(164, 47, 7, '', '0008-01-16', NULL),
(165, 47, 51, '', '0005-05-09', NULL),
(166, 47, 52, '', '0005-05-09', NULL),
(167, 47, 57, '', '0005-05-09', NULL),
(168, 47, 68, '150', '0005-05-09', NULL),
(169, 51, 1, '', '2005-08-06', NULL),
(170, 51, 3, '', '2005-08-06', '2007-02-10'),
(171, 51, 6, '', '2005-08-06', NULL),
(172, 51, 7, '', '2007-02-10', NULL),
(173, 51, 19, '20', '2005-08-10', NULL),
(174, 51, 68, '', '2005-08-08', NULL),
(175, 55, 1, '400', '2005-11-15', NULL),
(176, 55, 3, '5', '2005-11-15', NULL),
(177, 55, 6, '2000', '2005-11-15', NULL),
(178, 55, 19, '20', '2005-11-17', NULL),
(179, 55, 30, '86', '2005-11-15', NULL),
(180, 55, 55, '300', '2005-11-20', '2006-04-20'),
(181, 55, 58, '1', '2005-11-20', '2006-02-20'),
(182, 55, 68, '150', '2005-11-17', NULL),
(183, 59, 1, '', '2006-03-05', NULL),
(184, 59, 3, '5', '2006-03-05', '2007-12-20'),
(185, 59, 6, '1440', '2006-03-06', NULL),
(186, 59, 7, '', '2007-12-23', NULL),
(187, 59, 15, '60', '2006-03-07', NULL),
(188, 59, 22, '50', '2006-04-09', NULL),
(189, 59, 28, '10', '2006-06-10', NULL),
(190, 59, 58, '1', '2006-03-15', '2006-06-15'),
(191, 59, 68, '150', '2006-03-07', NULL),
(192, 62, 1, '250', '2006-04-20', NULL),
(193, 62, 3, '5', '2006-04-20', NULL),
(194, 62, 6, '1440', '2006-04-21', NULL),
(195, 62, 16, '20', '2009-04-20', '2006-08-16'),
(196, 62, 19, '10', '2006-08-16', NULL),
(197, 62, 30, '38', '2006-04-21', NULL),
(198, 62, 48, '1800', '2006-06-05', '2006-09-05'),
(199, 62, 68, '150', '2006-04-21', NULL),
(200, 63, 3, '5', '2006-04-22', NULL),
(201, 63, 6, '1440', '2006-03-23', NULL),
(202, 63, 7, '10', '2006-04-23', NULL),
(203, 63, 15, '60', '2006-04-23', NULL),
(204, 63, 22, '100', '2006-04-23', NULL),
(205, 63, 28, '10', '2006-06-16', NULL),
(206, 63, 68, '150', '2006-04-24', NULL),
(207, 63, 71, '', '2006-05-01', '2006-05-12'),
(208, 65, 1, '550', '2006-05-02', '2008-03-03'),
(209, 65, 3, '5', '2006-05-02', NULL),
(210, 65, 6, '1440', '2006-05-03', NULL),
(211, 65, 15, '20', '2006-05-02', NULL),
(212, 65, 64, '1500', '2006-06-12', '2006-05-22'),
(213, 65, 68, '150', '2006-05-02', NULL),
(214, 65, 78, '3', '2008-03-03', NULL),
(215, 66, 1, '500', '2006-05-05', '2006-08-07'),
(216, 66, 3, '5', '2006-05-21', NULL),
(217, 66, 6, '1000', '2006-05-30', NULL),
(218, 66, 7, '20', '2006-08-07', NULL),
(219, 66, 16, '10', '2006-05-30', NULL),
(220, 66, 22, '50', '2006-07-07', NULL),
(221, 66, 24, '80', '2006-07-10', NULL),
(222, 66, 36, '150', '2007-01-22', NULL),
(223, 66, 37, '1000', '2006-05-31', NULL),
(224, 66, 45, '1000', '2007-01-15', '2007-01-27'),
(225, 66, 48, '900', '2006-06-06', '2006-06-06'),
(226, 66, 51, '1', '2006-06-01', NULL),
(227, 66, 52, '18000', '2006-05-20', NULL),
(228, 66, 55, '300', '2006-06-06', '2006-12-06'),
(229, 66, 65, '1000', '2007-01-25', '2007-02-20'),
(230, 67, 1, '600', '2006-05-09', '2007-09-20'),
(231, 67, 3, '60', '2006-05-08', NULL),
(232, 67, 6, '2000', '2006-05-09', NULL),
(233, 67, 7, '10', '2007-09-22', NULL),
(234, 67, 15, '60', '2006-05-10', NULL),
(235, 67, 22, '100', '2006-05-10', NULL),
(236, 67, 53, '10', '2006-05-13', NULL),
(237, 67, 68, '150', '2006-05-10', NULL),
(238, 70, 1, '400', '2006-06-06', '2007-10-01'),
(239, 70, 3, '30', '2006-06-06', NULL),
(240, 70, 6, '720', '2006-06-06', NULL),
(241, 70, 7, '10', '2007-09-20', NULL),
(242, 70, 16, '20', '2006-06-10', NULL),
(243, 70, 37, '2000', '2006-06-10', NULL),
(244, 70, 38, '25', '2006-06-10', NULL),
(245, 70, 50, '40', '2006-06-07', NULL),
(246, 70, 51, '1', '2006-06-10', NULL),
(247, 70, 53, '10', '2006-06-10', NULL),
(248, 74, 1, '550', '2006-07-22', NULL),
(249, 74, 6, '1440', '2006-07-24', NULL),
(250, 74, 15, '40', '2006-07-22', NULL),
(251, 74, 19, '40', '2006-07-29', NULL),
(252, 74, 20, '80', '2006-08-01', NULL),
(253, 74, 68, '', '2006-08-01', NULL),
(254, 75, 1, '550', '2006-08-01', NULL),
(255, 75, 6, '2000', '2006-08-02', NULL),
(256, 75, 19, '40', '2006-08-03', NULL),
(257, 75, 20, '80', '2006-08-03', NULL),
(258, 75, 22, '100', '2006-08-03', NULL),
(259, 75, 48, '1800', '2006-08-10', '2006-11-10'),
(260, 75, 50, '40', '2006-08-03', NULL),
(261, 77, 1, '300', '2006-08-11', NULL),
(262, 77, 3, '5', '2006-08-10', NULL),
(263, 77, 16, '10', '2006-08-11', '2006-09-11'),
(264, 77, 20, '50', '2006-09-11', NULL),
(265, 77, 48, '900', '2006-08-20', '2006-11-10'),
(266, 77, 51, '1', '2006-08-11', NULL),
(267, 77, 53, '10', '2006-08-11', NULL),
(268, 77, 68, '150', '2006-08-11', NULL),
(269, 84, 1, '400', '2006-12-20', '2006-12-28'),
(270, 84, 3, '5', '2006-12-20', NULL),
(271, 84, 6, '360', '2006-12-20', NULL),
(272, 84, 7, '8', '2007-01-10', NULL),
(273, 84, 16, '10', '2006-12-20', NULL),
(274, 84, 37, '500', '2008-07-24', NULL),
(275, 84, 38, '1', '2008-07-28', NULL),
(276, 84, 48, '900', '2006-12-28', '2007-03-28'),
(277, 84, 48, '450', '2008-07-28', '2008-08-20'),
(278, 84, 48, '900', '2008-09-20', '2008-10-11'),
(279, 84, 52, '12000', '2008-07-28', NULL),
(280, 84, 68, '150', '2006-12-20', '2007-04-19'),
(281, 86, 1, '', '2006-12-26', NULL),
(282, 86, 6, '', '2006-12-26', NULL),
(283, 86, 16, '10', '2006-12-26', NULL),
(284, 86, 50, '', '2006-12-26', NULL),
(285, 87, 1, '', '2007-01-26', '2007-12-11'),
(286, 87, 3, '', '2007-01-26', NULL),
(287, 87, 6, '', '2007-01-26', NULL),
(288, 87, 7, '', '2007-12-13', NULL),
(289, 87, 16, '', '2007-01-26', NULL),
(290, 87, 38, '', '2007-12-06', NULL),
(291, 87, 52, '', '2007-01-26', '2007-02-17'),
(292, 88, 1, '', '2007-02-23', NULL),
(293, 88, 3, '', '2007-02-23', NULL),
(294, 88, 6, '', '2007-02-23', NULL),
(295, 88, 16, '', '2007-02-23', NULL),
(296, 88, 50, '', '2007-02-23', NULL),
(297, 90, 1, '', '2007-05-11', NULL),
(298, 90, 3, '', '2007-05-11', NULL),
(299, 90, 6, '', '2007-05-11', NULL),
(300, 90, 48, '900', '2007-05-11', '2007-08-11'),
(301, 90, 58, '', '2007-05-11', '2007-08-11'),
(302, 90, 68, '', '2007-05-11', NULL),
(303, 91, 1, '', '2007-05-11', NULL),
(304, 91, 3, '', '2007-05-11', NULL),
(305, 91, 6, '', '2007-05-11', NULL),
(306, 91, 16, '', '2007-05-11', NULL),
(307, 91, 68, '', '2007-05-11', NULL),
(308, 92, 1, '', '2007-06-12', NULL),
(309, 92, 3, '', '2007-06-12', NULL),
(310, 92, 6, '', '2007-06-12', NULL),
(311, 92, 34, '', '2007-06-15', NULL),
(312, 92, 35, '', '2007-06-12', '2007-06-22'),
(313, 92, 50, '', '2007-06-12', NULL),
(314, 92, 56, '', '2007-06-22', NULL),
(315, 93, 1, '', '2007-06-21', NULL),
(316, 93, 3, '', '2007-06-21', NULL),
(317, 93, 6, '', '2007-06-23', NULL),
(318, 93, 43, '', '2007-06-23', '2007-07-14'),
(319, 93, 50, '', '2007-06-23', NULL),
(320, 93, 52, '', '2007-06-23', NULL),
(321, 93, 53, '', '2007-06-23', NULL),
(322, 93, 57, '', '2007-06-23', NULL),
(323, 94, 1, '100', '2007-08-28', NULL),
(324, 94, 3, '', '2007-08-28', NULL),
(325, 94, 6, '2000', '2007-08-28', NULL),
(326, 94, 16, '', '2007-08-28', '2007-10-10'),
(327, 94, 19, '', '2007-10-10', NULL),
(328, 94, 37, '', '2007-09-01', NULL),
(329, 94, 38, '', '2007-09-01', '2007-10-10'),
(330, 94, 43, '', '2007-10-05', '2007-10-21'),
(331, 94, 43, '', '2007-12-03', '2007-12-18'),
(332, 94, 48, '', '2007-09-01', '2007-12-01'),
(333, 94, 50, '', '2007-08-28', NULL),
(334, 94, 51, '', '2007-09-01', '2007-10-10'),
(335, 94, 52, '', '2007-09-01', '2007-10-10'),
(336, 94, 53, '', '2007-09-01', '2007-10-10'),
(337, 94, 78, '', '2009-01-01', NULL),
(338, 95, 1, '', '2007-09-05', NULL),
(339, 95, 3, '', '2007-09-05', NULL),
(340, 95, 6, '', '2007-09-05', NULL),
(341, 95, 19, '', '2007-09-15', NULL),
(342, 95, 50, '', '2007-09-05', NULL),
(343, 96, 1, '350', '2007-09-05', '2008-06-09'),
(344, 96, 3, '', '2007-09-05', NULL),
(345, 96, 6, '2000', '2007-09-07', NULL),
(346, 96, 7, '16', '2008-06-11', NULL),
(347, 96, 11, '1000', '2008-06-09', '2008-06-11'),
(348, 96, 19, '10', '2007-10-25', NULL),
(349, 96, 43, '', '2007-10-26', '2007-12-03'),
(350, 96, 50, '40', '2007-09-06', NULL),
(351, 97, 1, '', '2007-09-07', '2007-11-12'),
(352, 97, 3, '', '2007-09-07', NULL),
(353, 97, 6, '', '2007-09-07', NULL),
(354, 97, 7, '', '2007-11-16', NULL),
(355, 97, 20, '', '2007-12-03', NULL),
(356, 97, 22, '', '2007-09-11', NULL),
(357, 97, 50, '', '2007-09-08', NULL),
(358, 97, 58, '', '2007-09-20', '2008-01-07'),
(359, 97, 58, '', '2008-09-28', '2009-09-28'),
(360, 98, 1, '', '2007-09-24', '2008-11-03'),
(361, 98, 3, '', '2007-09-24', NULL),
(362, 98, 6, '', '2007-09-26', NULL),
(363, 98, 22, '', '2007-09-24', NULL),
(364, 98, 38, '', '2009-04-02', NULL),
(365, 98, 43, '', '2007-10-16', '2007-11-09'),
(366, 98, 51, '', '2007-10-20', '2008-01-09'),
(367, 98, 53, '', '2007-09-24', '2008-01-09'),
(368, 98, 57, '', '2009-04-02', NULL),
(369, 98, 61, '', '2009-04-02', '2009-04-18'),
(370, 98, 78, '', '2008-11-03', NULL),
(371, 100, 1, '', '2007-11-04', NULL),
(372, 100, 3, '', '2007-11-04', NULL),
(373, 100, 6, '', '2007-11-06', NULL),
(374, 100, 50, '', '2007-11-06', NULL),
(375, 101, 1, '', '2008-01-24', NULL),
(376, 101, 3, '', '2008-01-24', NULL),
(377, 101, 6, '', '2008-01-26', '2008-03-27'),
(378, 101, 6, '', '2008-04-15', '2008-04-10'),
(379, 101, 11, '500', '2008-04-07', NULL),
(380, 101, 16, '', '2008-01-26', NULL),
(381, 101, 19, '', '2008-01-30', NULL),
(382, 101, 37, '', '2008-02-05', NULL),
(383, 101, 48, '', '2008-02-01', '2008-03-25'),
(384, 102, 1, '', '2008-02-21', '2009-01-06'),
(385, 102, 3, '', '2008-02-21', NULL),
(386, 102, 6, '', '2008-02-22', NULL),
(387, 102, 7, '', '2009-01-23', NULL),
(388, 102, 10, '125', '2009-01-13', '2009-01-22'),
(389, 102, 11, '1', '2009-01-08', '2009-09-10'),
(390, 102, 16, '', '2008-02-21', NULL),
(391, 102, 22, '', '2008-02-26', NULL),
(392, 102, 48, '', '2008-02-28', '2008-06-04'),
(393, 102, 48, '', '2009-01-10', '2009-02-10'),
(394, 102, 50, '', '2008-02-21', NULL),
(395, 102, 58, '', '2009-01-10', '2009-02-10'),
(396, 104, 1, '', '2008-01-04', NULL),
(397, 104, 3, '', '2008-01-05', NULL),
(398, 104, 6, '', '2008-01-06', NULL),
(399, 104, 16, '', '2008-01-05', NULL),
(400, 104, 22, '', '2008-01-05', NULL),
(401, 104, 50, '', '2008-01-05', NULL),
(402, 104, 55, '', '2008-01-15', NULL),
(403, 104, 56, '', '2008-01-15', NULL),
(404, 104, 81, '', '2008-01-15', NULL),
(405, 105, 1, '', '2008-04-12', NULL),
(406, 105, 3, '', '2008-04-13', NULL),
(407, 105, 6, '', '2008-04-14', '2008-07-02'),
(408, 105, 11, '1', '2008-06-30', NULL),
(409, 105, 16, '', '2008-04-13', '2008-05-20'),
(410, 105, 19, '20', '2008-05-20', NULL),
(411, 105, 28, '', '2008-07-01', NULL),
(412, 105, 31, '', '2008-04-30', NULL),
(413, 105, 48, '', '2008-04-30', '2008-05-20'),
(414, 105, 48, '', '2008-06-05', '2008-07-30'),
(415, 105, 50, '', '2008-04-13', NULL),
(416, 105, 52, '', '2008-04-15', NULL),
(417, 105, 56, '', '2008-04-30', NULL),
(418, 105, 57, '', '2008-04-16', NULL),
(419, 106, 1, '', '2008-04-14', NULL),
(420, 106, 3, '', '2008-04-15', NULL),
(421, 106, 6, '', '2008-04-16', NULL),
(422, 106, 19, '', '2008-04-16', NULL),
(423, 106, 22, '', '2008-04-16', NULL),
(424, 106, 50, '', '2008-04-16', NULL),
(425, 107, 1, '', '2008-05-04', NULL),
(426, 107, 3, '', '2008-05-04', NULL),
(427, 107, 11, '', '2008-06-07', NULL),
(428, 107, 11, '', '2008-06-09', '2008-06-13'),
(429, 107, 20, '', '2008-05-06', NULL),
(430, 107, 22, '', '2008-05-05', NULL),
(431, 107, 48, '', '2008-06-07', '2008-06-28'),
(432, 107, 48, '', '2008-07-28', '2008-08-28'),
(433, 107, 55, '', '2008-05-14', '2008-05-19'),
(434, 107, 56, '', '2008-05-10', NULL),
(435, 107, 68, '', '2008-05-04', NULL),
(436, 112, 1, '250', '2008-09-01', NULL),
(437, 112, 3, '5', '2008-09-02', NULL),
(438, 112, 6, '720', '2008-09-02', NULL),
(439, 112, 37, '1500', '2008-09-04', NULL),
(440, 112, 38, '0.25', '2008-09-05', NULL),
(441, 112, 48, '900', '2008-11-06', '2009-04-22'),
(442, 113, 1, '200', '2008-10-17', NULL),
(443, 113, 3, '5', '2008-10-17', NULL),
(444, 113, 6, '1000', '2008-10-17', NULL),
(445, 113, 19, '20', '2008-10-22', NULL),
(446, 113, 50, '20', '2008-10-17', NULL),
(447, 113, 51, '1', '2008-10-22', NULL),
(448, 113, 55, '300', '2008-10-19', NULL),
(449, 114, 1, '400', '2008-10-20', NULL),
(450, 114, 3, '5', '2008-10-20', NULL),
(451, 114, 6, '1440', '2008-10-20', NULL),
(452, 114, 16, '10', '2008-10-20', '2009-04-24'),
(453, 114, 19, '20', '2008-11-24', NULL),
(454, 114, 22, '100', '2008-12-22', NULL),
(455, 114, 37, '1000', '2008-11-10', NULL),
(456, 114, 48, '900', '2008-10-22', '2009-04-24'),
(457, 114, 50, '40', '2008-10-20', NULL),
(458, 114, 51, '1', '2008-11-10', NULL),
(459, 114, 53, '10', '2008-11-10', NULL),
(460, 115, 1, '500', '2008-10-21', NULL),
(461, 115, 3, '5', '2008-10-21', NULL),
(462, 115, 16, '10', '2008-10-21', NULL),
(463, 115, 48, '900', '2008-10-21', '2009-04-25'),
(464, 115, 50, '20', '2008-10-21', NULL),
(465, 116, 3, '5', '2008-10-26', NULL),
(466, 116, 6, '720', '2008-10-26', NULL),
(467, 116, 7, '10', '2008-11-05', NULL),
(468, 116, 48, '900', '2008-11-10', '2009-04-25'),
(469, 116, 50, '40', '2008-10-26', NULL),
(470, 116, 51, '1', '2008-11-10', NULL),
(471, 116, 59, '1500', '2008-11-12', '2009-04-25'),
(472, 117, 1, '250', '2008-11-01', NULL),
(473, 117, 3, '5', '2008-11-02', NULL),
(474, 117, 6, '1000', '2008-11-02', NULL),
(475, 117, 50, '20', '2008-11-02', NULL),
(476, 117, 56, '1', '2008-11-07', '2009-04-25'),
(477, 117, 57, '1', '2009-02-26', NULL),
(478, 118, 1, '400', '2008-11-05', NULL),
(479, 118, 3, '5', '2008-11-06', NULL),
(480, 118, 6, '2000', '2008-11-06', NULL),
(481, 118, 19, '15', '2008-11-07', NULL),
(482, 118, 37, '4', '2008-11-10', NULL),
(483, 118, 48, '450', '2008-11-12', '2009-04-25'),
(484, 118, 50, '40', '2008-11-06', NULL),
(485, 119, 1, '550', '2008-11-05', NULL),
(486, 119, 3, '5', '2008-11-06', NULL),
(487, 119, 6, '2000', '2008-11-06', NULL),
(488, 119, 48, '450', '2008-11-10', '2009-04-25'),
(489, 119, 50, '40', '2008-11-06', NULL),
(490, 120, 3, '20', '2008-11-14', NULL),
(491, 120, 6, '1000', '2009-02-11', '2009-03-01'),
(492, 120, 7, '2', '2008-11-23', '2009-03-01'),
(493, 120, 30, '34', '2008-11-14', NULL),
(494, 120, 42, '50', '2009-04-16', NULL),
(495, 120, 43, '1000', '2009-04-10', NULL),
(496, 120, 46, '100', '2009-03-17', NULL),
(497, 120, 48, '450', '2009-03-25', NULL),
(498, 120, 58, '1', '2009-01-15', NULL),
(499, 120, 62, '12,5', '2008-11-13', NULL),
(500, 120, 63, '75', '2008-11-13', NULL),
(501, 121, 1, '350', '2008-12-15', NULL),
(502, 121, 3, '5', '2008-12-16', NULL),
(503, 121, 6, '2000', '2008-12-16', NULL),
(504, 121, 16, '10', '2008-12-17', NULL),
(505, 121, 50, '20', '2008-12-16', NULL),
(506, 121, 65, '1000', '2009-01-05', '2009-01-18'),
(507, 122, 3, '5', '2008-12-16', NULL),
(508, 122, 6, '1080', '2008-12-16', NULL),
(509, 122, 7, '12', '2008-12-16', NULL),
(510, 122, 16, '20', '2008-12-16', NULL),
(511, 122, 20, '80', '2008-12-16', NULL),
(512, 122, 50, '20', '2008-12-16', NULL),
(513, 122, 51, '1', '2009-01-05', NULL),
(514, 122, 53, '1', '2009-01-05', NULL),
(515, 123, 1, '550', '2009-01-13', NULL),
(516, 123, 3, '5', '2009-01-14', NULL),
(517, 123, 6, '2000', '2009-01-14', NULL),
(518, 123, 37, '1000', '2009-02-02', NULL),
(519, 123, 48, '900', '2009-03-03', '2009-04-03'),
(520, 123, 50, '40', '2009-01-14', NULL),
(521, 123, 51, '1', '2009-02-02', NULL),
(522, 123, 53, '1', '2009-02-02', NULL),
(523, 123, 56, '1', '2009-02-18', NULL),
(524, 123, 57, '1', '2009-02-02', NULL),
(525, 123, 61, '1500', '2009-02-27', '2009-04-03'),
(526, 124, 1, '400', '2009-02-20', NULL),
(527, 124, 3, '5', '2009-02-13', NULL),
(528, 124, 6, '1000', '2009-02-13', NULL),
(529, 124, 50, '40', '2009-02-21', NULL),
(530, 125, 1, '450', '2009-02-12', NULL),
(531, 125, 3, '5', '2009-02-12', NULL),
(532, 125, 6, '720', '2009-02-13', NULL),
(533, 125, 16, '20', '2009-02-14', NULL),
(534, 125, 20, '320', '2009-02-20', NULL),
(535, 125, 23, '100', '2009-02-15', NULL),
(536, 125, 28, '1', '2009-03-10', NULL),
(537, 125, 37, '1000', '2009-02-14', NULL),
(538, 125, 43, '1500', '2009-03-03', '2009-03-12'),
(539, 125, 48, '900', '2009-03-24', '2009-04-14'),
(540, 125, 50, '20', '2009-02-13', NULL),
(541, 125, 51, '0.5', '2009-02-14', NULL),
(542, 125, 53, '1', '2009-04-01', NULL),
(543, 125, 56, '1', '2009-02-20', NULL),
(544, 125, 66, '2', '2009-03-17', '2009-04-07'),
(545, 126, 1, '300', '2009-03-14', NULL),
(546, 126, 3, '5', '2009-03-14', NULL),
(547, 126, 6, '1000', '2009-03-15', NULL),
(548, 126, 37, '1500', '2009-03-30', NULL),
(549, 126, 38, '0.25', '2009-03-16', NULL),
(550, 126, 52, '8000', '2009-03-20', NULL),
(551, 126, 53, '1', '2009-04-14', NULL),
(552, 126, 56, '1', '2009-03-21', NULL),
(553, 126, 68, '300', '2009-03-15', NULL),
(554, 128, 1, '300', '2009-03-25', NULL),
(555, 128, 3, '5', '2009-03-25', NULL),
(556, 128, 6, '720', '2009-03-26', NULL),
(557, 128, 16, '20', '2009-03-27', NULL),
(558, 128, 51, '1', '2009-03-30', NULL),
(559, 128, 53, '1', '2009-03-30', NULL),
(560, 128, 65, '1000', '2009-04-07', '2009-04-20'),
(561, 128, 68, '300', '2009-03-26', NULL),
(562, 130, 1, '300', '2009-04-09', NULL),
(563, 130, 3, '30', '2009-04-10', NULL),
(564, 130, 6, '1440', '2009-04-10', NULL),
(565, 130, 19, '20', '2009-04-16', NULL),
(566, 130, 37, '1000', '2009-04-12', NULL),
(567, 131, 1, '500', '2009-04-14', '2009-04-24'),
(568, 131, 3, '', '2009-04-16', NULL),
(569, 131, 6, '720', '2009-04-16', NULL),
(570, 131, 7, '', '2009-05-07', NULL),
(571, 131, 10, '120', '2009-04-27', '2009-05-07'),
(572, 131, 11, '1000', '2009-04-24', '2009-04-27'),
(573, 131, 16, '20', '2009-04-16', NULL),
(574, 131, 30, '', '2009-04-17', NULL),
(575, 131, 37, '1000', '2009-04-17', NULL),
(576, 131, 38, '0.25', '2009-04-20', NULL),
(577, 131, 50, '40', '2009-04-16', NULL),
(578, 131, 52, '', '2009-04-20', NULL),
(579, 131, 53, '10', '2009-04-20', NULL),
(580, 131, 56, '1', '2009-05-12', NULL),
(581, 131, 58, '400', '2009-04-27', NULL),
(582, 132, 1, '250', '2009-05-16', NULL),
(583, 132, 3, '', '2009-05-18', NULL),
(584, 132, 6, '1000', '2009-05-18', NULL),
(585, 132, 16, '10', '2009-05-18', NULL),
(586, 132, 48, '1800', '2009-06-10', '2009-07-04'),
(587, 132, 50, '40', '2009-05-18', NULL),
(588, 132, 52, '', '2009-05-18', NULL),
(589, 132, 53, '10', '2009-05-17', NULL),
(590, 133, 1, '400', '2009-05-25', NULL),
(591, 133, 3, '5', '2009-05-27', NULL),
(592, 133, 6, '1000', '2009-05-26', NULL),
(593, 133, 16, '10', '2009-05-26', NULL),
(594, 133, 50, '40', '2009-05-26', NULL),
(595, 133, 59, '2000', '2009-05-30', '2009-06-08'),
(596, 134, 1, '350', '2009-05-26', NULL),
(597, 134, 3, '5', '2009-05-27', NULL),
(598, 134, 6, '1000', '2009-05-28', NULL),
(599, 134, 50, '40', '2009-05-27', NULL),
(600, 134, 65, '1000', '2009-06-03', '2009-06-13'),
(601, 135, 1, '500', '2009-06-04', NULL),
(602, 135, 3, '5', '2009-06-06', NULL),
(603, 135, 6, '2000', '2009-06-06', NULL),
(604, 135, 31, '300', '2009-06-22', NULL),
(605, 135, 37, '1000', '2009-06-06', NULL),
(606, 135, 38, '50', '2009-06-08', NULL),
(607, 135, 50, '40', '2009-06-06', NULL),
(608, 135, 56, '5', '2009-06-10', NULL),
(609, 135, 62, '12.5', '2009-06-22', NULL),
(610, 136, 1, '450', '2009-06-05', NULL),
(611, 136, 3, '5', '2009-06-06', NULL),
(612, 136, 6, '2000', '2009-06-07', NULL),
(613, 136, 37, '3000', '2009-06-07', NULL),
(614, 136, 38, '0.5', '2009-06-07', NULL),
(615, 136, 50, '20', '2009-06-06', NULL),
(616, 136, 57, '200', '2009-06-10', NULL),
(617, 136, 75, '300', '2009-06-07', NULL),
(618, 138, 1, '400', '2009-06-18', NULL),
(619, 138, 3, '', '2009-06-18', NULL),
(620, 138, 6, '2000', '2009-06-20', NULL),
(621, 138, 16, '20', '2009-06-20', NULL),
(622, 138, 50, '20', '2009-06-20', NULL),
(623, 139, 1, '400', '2009-06-24', NULL),
(624, 139, 3, '', '2009-06-25', NULL),
(625, 139, 6, '1440', '2009-06-26', NULL),
(626, 139, 37, '', '2009-06-26', NULL),
(627, 139, 38, '0.5', '2009-06-26', NULL),
(628, 139, 50, '20', '2009-06-26', NULL),
(629, 139, 65, '', '2009-06-24', '2009-07-06'),
(630, 140, 3, '', '2009-07-15', NULL),
(631, 140, 6, '1440', '2009-07-17', NULL),
(632, 140, 22, '100', '2009-07-16', NULL),
(633, 140, 50, '', '2009-07-16', NULL),
(634, 140, 51, '', '2009-07-26', NULL),
(635, 140, 53, '', '2009-07-16', NULL),
(636, 140, 56, '', '2009-07-26', NULL),
(637, 140, 82, '', '2009-07-26', NULL),
(638, 141, 1, '', '2009-07-21', NULL),
(639, 141, 3, '', '2009-07-21', NULL),
(640, 141, 6, '', '2009-07-23', NULL),
(641, 141, 19, '', '2009-07-23', NULL),
(642, 141, 22, '', '2009-07-22', NULL),
(643, 141, 50, '', '2009-07-21', NULL),
(644, 143, 1, '', '2009-08-05', NULL),
(645, 143, 3, '', '2009-08-05', NULL),
(646, 143, 6, '', '2009-08-05', NULL),
(647, 143, 16, '', '2009-08-12', NULL),
(648, 143, 19, '', '2009-08-05', NULL),
(649, 143, 24, '', '2009-08-07', NULL),
(650, 143, 37, '', '2009-08-05', NULL),
(651, 143, 50, '', '2009-08-05', NULL),
(652, 143, 51, '', '2009-08-05', NULL),
(653, 143, 52, '', '2009-08-05', '2009-09-15'),
(654, 143, 55, '', '2009-08-05', '2010-02-05'),
(655, 143, 56, '', '2009-08-12', NULL),
(656, 143, 61, '', '2009-08-13', '2009-08-27'),
(657, 143, 70, '', '2009-08-15', NULL),
(658, 144, 1, '', '2009-08-12', NULL),
(659, 144, 3, '', '2009-08-12', NULL),
(660, 144, 6, '', '2009-08-12', NULL),
(661, 144, 16, '', '2009-08-12', NULL),
(662, 144, 24, '', '2009-08-12', NULL),
(663, 144, 37, '', '2009-08-12', NULL),
(664, 144, 51, '', '2009-08-12', NULL),
(665, 144, 53, '', '2009-08-12', NULL),
(666, 144, 61, '', '2009-08-28', '2009-09-04'),
(667, 144, 63, '', '2009-08-12', NULL),
(668, 144, 65, '', '2009-08-28', '2009-09-04'),
(669, 145, 1, '', '2009-08-25', NULL),
(670, 145, 3, '', '2009-08-25', NULL),
(671, 145, 6, '', '2009-08-25', NULL),
(672, 145, 16, '', '2009-08-25', NULL),
(673, 145, 37, '', '2009-08-25', NULL),
(674, 145, 48, '', '2009-09-03', '2009-12-03'),
(675, 145, 48, '', '2010-01-23', '2010-02-12'),
(676, 145, 50, '', '2009-08-25', NULL),
(677, 145, 56, '', '2009-08-31', NULL),
(678, 146, 1, '', '2009-09-05', '2009-09-14'),
(679, 146, 3, '', '2009-09-05', NULL),
(680, 146, 6, '', '2009-09-05', NULL),
(681, 146, 7, '', '2009-09-17', NULL),
(682, 146, 20, '', '2009-09-15', NULL),
(683, 146, 31, '', '2009-09-15', NULL),
(684, 146, 48, '', '2009-10-29', '2009-11-19'),
(685, 146, 51, '', '2009-09-15', NULL),
(686, 146, 55, '', '2009-10-05', '2010-05-05'),
(687, 146, 62, '', '2009-09-15', NULL),
(688, 146, 68, '', '2009-09-05', NULL),
(689, 147, 1, '', '2009-09-15', NULL),
(690, 147, 3, '', '2009-09-16', NULL),
(691, 147, 6, '', '2009-09-16', NULL),
(692, 147, 16, '', '2009-09-16', NULL),
(693, 147, 50, '', '2009-09-16', NULL),
(694, 147, 61, '', '2009-09-25', '2009-10-07'),
(695, 147, 62, '', '2009-09-16', NULL),
(696, 148, 1, '', '2009-09-17', NULL),
(697, 148, 3, '', '2009-09-17', NULL),
(698, 148, 6, '', '2009-09-17', NULL),
(699, 148, 16, '', '2009-09-17', NULL),
(700, 148, 28, '', '2009-09-27', NULL),
(701, 148, 50, '', '2009-09-17', NULL),
(702, 148, 51, '', '2009-09-17', NULL),
(703, 148, 53, '', '2009-09-17', NULL),
(704, 148, 57, '', '2009-09-17', NULL),
(705, 148, 65, '', '2009-10-02', '2009-10-10'),
(706, 149, 3, '', '2009-11-16', NULL),
(707, 149, 6, '', '2009-11-16', NULL),
(708, 149, 17, '', '2009-11-16', NULL),
(709, 149, 22, '', '2009-11-16', NULL),
(710, 149, 31, '', '2009-11-16', NULL),
(711, 149, 37, '', '2009-11-16', NULL),
(712, 149, 38, '', '2009-11-16', NULL),
(713, 149, 50, '', '2009-11-16', NULL),
(714, 149, 56, '', '2009-11-22', NULL),
(715, 150, 3, '', '2009-11-16', NULL),
(716, 150, 6, '', '2009-11-16', NULL),
(717, 150, 7, '', '2009-11-22', NULL),
(718, 150, 37, '', '2009-11-16', NULL),
(719, 150, 38, '', '2009-11-16', NULL),
(720, 150, 48, '', '2009-12-01', '2010-03-01'),
(721, 150, 50, '', '2009-11-16', NULL),
(722, 150, 51, '', '2009-11-16', NULL),
(723, 150, 52, '', '2009-11-16', NULL),
(724, 150, 53, '', '2009-11-16', NULL),
(725, 150, 58, '', '2009-11-22', NULL),
(726, 150, 63, '', '2009-11-16', NULL);
SET FOREIGN_KEY_CHECKS=1;
